/*******************************************************************************
 *                                                                             *
 * This file is generated by BitFontCreator Pro v3.8                           *
 * by Iseatech Software   http://www.iseasoft.com/bitfontcreator.html          *
 *                        support@iseasoft.com                                 *
 *                                                                             *
 * Font name: Arial                                                            *
 * Font width: 0 (proportional font)                                           *
 * Font height: 26                                                             *
 * Encode: Unicode                                                             *
 * Data length: 8 bits                                                         *
 * Invert bits: No                                                             *
 * Data format: Big Endian, Row based, Row preferred, Packed                   *
 *                                                                             *
 * Create time: 15:16 07-31-2026                                               *
 *******************************************************************************/

#include "bfcfont.h"

/* The following line needs to be included in any file selecting the
   font.
*/
extern const BFC_FONT fontArial26h;

const UCHAR abc_fontArial26h_0020[  20] = { /* code 0020 */
  0x00,  0x00,  0x00,  0x00,  0x00,  0x00,  0x00,  0x00,
  0x00,  0x00,  0x00,  0x00,  0x00,  0x00,  0x00,  0x00,
  0x00,  0x00,  0x00,  0x00
};

const UCHAR abc_fontArial26h_0021[  26] = { /* code 0021 */
  0x00,  0x00,  0x00,  0x00,  0x18,  0x18,  0x18,  0x18,
  0x18,  0x18,  0x18,  0x18,  0x18,  0x18,  0x18,  0x18,
  0x18,  0x00,  0x00,  0x18,  0x18,  0x00,  0x00,  0x00,
  0x00,  0x00
};

const UCHAR abc_fontArial26h_0022[  26] = { /* code 0022 */
  0x00,  0x00,  0x00,  0x00,  0x66,  0x66,  0x66,  0x66,
  0x66,  0x66,  0x00,  0x00,  0x00,  0x00,  0x00,  0x00,
  0x00,  0x00,  0x00,  0x00,  0x00,  0x00,  0x00,  0x00,
  0x00,  0x00
};

const UCHAR abc_fontArial26h_0023[  43] = { /* code 0023 */
  0x00,  0x00,  0x00,  0x00,  0x00,  0x00,  0x00,  0xC3,
  0x06,  0x18,  0x30,  0xC3,  0x0C,  0xFF,  0xFF,  0xFF,
  0xC6,  0x18,  0x30,  0xC3,  0x8C,  0x18,  0x63,  0xFF,
  0xFF,  0xFF,  0x30,  0xC1,  0x86,  0x18,  0x60,  0xC3,
  0x06,  0x18,  0x00,  0x00,  0x00,  0x00,  0x00,  0x00,
  0x00,  0x00,  0x00
};

const UCHAR abc_fontArial26h_0024[  43] = { /* code 0024 */
  0x00,  0x00,  0x00,  0x00,  0x00,  0x04,  0x00,  0xF8,
  0x1F,  0xF1,  0xC9,  0xCC,  0x46,  0x62,  0x03,  0x10,
  0x0E,  0x80,  0x7E,  0x00,  0xFC,  0x01,  0x70,  0x09,
  0xC0,  0x46,  0x62,  0x33,  0x91,  0x8C,  0x98,  0x7F,
  0xC0,  0xF8,  0x01,  0x00,  0x08,  0x00,  0x00,  0x00,
  0x00,  0x00,  0x00
};

const UCHAR abc_fontArial26h_0025[  65] = { /* code 0025 */
  0x00,  0x00,  0x00,  0x00,  0x00,  0x00,  0x00,  0x00,
  0x00,  0x00,  0x1C,  0x03,  0x03,  0x60,  0x60,  0x63,
  0x06,  0x06,  0x30,  0xC0,  0x63,  0x0C,  0x06,  0x31,
  0x80,  0x63,  0x30,  0x03,  0x63,  0x00,  0x1C,  0x63,
  0x80,  0x06,  0x6C,  0x00,  0xCC,  0x60,  0x0C,  0xC6,
  0x01,  0x8C,  0x60,  0x38,  0xC6,  0x03,  0x0C,  0x60,
  0x60,  0x6C,  0x06,  0x03,  0x80,  0x00,  0x00,  0x00,
  0x00,  0x00,  0x00,  0x00,  0x00,  0x00,  0x00,  0x00,
  0x00
};

const UCHAR abc_fontArial26h_0026[  49] = { /* code 0026 */
  0x00,  0x00,  0x00,  0x00,  0x00,  0x00,  0x00,  0x00,
  0x70,  0x01,  0xF0,  0x06,  0x30,  0x0C,  0x60,  0x18,
  0xC0,  0x39,  0x80,  0x36,  0x00,  0x38,  0x01,  0xF0,
  0x07,  0x70,  0x1C,  0x76,  0x30,  0x68,  0x60,  0x70,
  0xC0,  0x60,  0xC3,  0xE1,  0xFE,  0xE0,  0xF8,  0x80,
  0x00,  0x00,  0x00,  0x00,  0x00,  0x00,  0x00,  0x00,
  0x00
};

const UCHAR abc_fontArial26h_0027[  13] = { /* code 0027 */
  0x00,  0x00,  0x66,  0x66,  0x66,  0x00,  0x00,  0x00,
  0x00,  0x00,  0x00,  0x00,  0x00
};

const UCHAR abc_fontArial26h_0028[  26] = { /* code 0028 */
  0x00,  0x00,  0x00,  0x00,  0x04,  0x08,  0x18,  0x10,
  0x30,  0x30,  0x20,  0x60,  0x60,  0x60,  0x60,  0x60,
  0x60,  0x60,  0x60,  0x30,  0x30,  0x30,  0x10,  0x18,
  0x08,  0x04
};

const UCHAR abc_fontArial26h_0029[  26] = { /* code 0029 */
  0x00,  0x00,  0x00,  0x00,  0x20,  0x10,  0x18,  0x08,
  0x0C,  0x0C,  0x04,  0x06,  0x06,  0x06,  0x06,  0x06,
  0x06,  0x06,  0x06,  0x0C,  0x0C,  0x0C,  0x08,  0x18,
  0x10,  0x20
};

const UCHAR abc_fontArial26h_002A[  30] = { /* code 002A */
  0x00,  0x00,  0x00,  0x00,  0x00,  0xC0,  0x61,  0xFE,
  0x3C,  0x1E,  0x19,  0x84,  0x80,  0x00,  0x00,  0x00,
  0x00,  0x00,  0x00,  0x00,  0x00,  0x00,  0x00,  0x00,
  0x00,  0x00,  0x00,  0x00,  0x00,  0x00
};

const UCHAR abc_fontArial26h_002B[  43] = { /* code 002B */
  0x00,  0x00,  0x00,  0x00,  0x00,  0x00,  0x00,  0x00,
  0x00,  0x00,  0x00,  0x00,  0x60,  0x03,  0x00,  0x18,
  0x00,  0xC0,  0x06,  0x07,  0xFF,  0xBF,  0xFC,  0x0C,
  0x00,  0x60,  0x03,  0x00,  0x18,  0x00,  0xC0,  0x00,
  0x00,  0x00,  0x00,  0x00,  0x00,  0x00,  0x00,  0x00,
  0x00,  0x00,  0x00
};

const UCHAR abc_fontArial26h_002C[  20] = { /* code 002C */
  0x00,  0x00,  0x00,  0x00,  0x00,  0x00,  0x00,  0x00,
  0x00,  0x00,  0x00,  0x00,  0x00,  0x00,  0x0C,  0x30,
  0x41,  0x08,  0x00,  0x00
};

const UCHAR abc_fontArial26h_002D[  26] = { /* code 002D */
  0x00,  0x00,  0x00,  0x00,  0x00,  0x00,  0x00,  0x00,
  0x00,  0x00,  0x00,  0x00,  0x00,  0x00,  0xFE,  0xFE,
  0x00,  0x00,  0x00,  0x00,  0x00,  0x00,  0x00,  0x00,
  0x00,  0x00
};

const UCHAR abc_fontArial26h_002E[  20] = { /* code 002E */
  0x00,  0x00,  0x00,  0x00,  0x00,  0x00,  0x00,  0x00,
  0x00,  0x00,  0x00,  0x00,  0x00,  0x00,  0x0C,  0x30,
  0x00,  0x00,  0x00,  0x00
};

const UCHAR abc_fontArial26h_002F[  23] = { /* code 002F */
  0x00,  0x00,  0x00,  0x00,  0x60,  0xC3,  0x06,  0x0C,
  0x30,  0x60,  0xC3,  0x86,  0x0C,  0x18,  0x60,  0xC1,
  0x86,  0x0C,  0x00,  0x00,  0x00,  0x00,  0x00
};

const UCHAR abc_fontArial26h_0030[  43] = { /* code 0030 */
  0x00,  0x00,  0x00,  0x00,  0x00,  0x00,  0x00,  0xF8,
  0x0F,  0xE0,  0xE3,  0x86,  0x0C,  0x60,  0x33,  0x01,
  0x98,  0x0C,  0xC0,  0x66,  0x03,  0x30,  0x19,  0x80,
  0xCC,  0x06,  0x60,  0x31,  0x83,  0x0E,  0x38,  0x7F,
  0x80,  0xF8,  0x00,  0x00,  0x00,  0x00,  0x00,  0x00,
  0x00,  0x00,  0x00
};

const UCHAR abc_fontArial26h_0031[  43] = { /* code 0031 */
  0x00,  0x00,  0x00,  0x00,  0x00,  0x00,  0x00,  0x18,
  0x00,  0xC0,  0x0E,  0x01,  0xF0,  0x1D,  0x80,  0xCC,
  0x00,  0x60,  0x03,  0x00,  0x18,  0x00,  0xC0,  0x06,
  0x00,  0x30,  0x01,  0x80,  0x0C,  0x00,  0x60,  0x03,
  0x00,  0x18,  0x00,  0x00,  0x00,  0x00,  0x00,  0x00,
  0x00,  0x00,  0x00
};

const UCHAR abc_fontArial26h_0032[  43] = { /* code 0032 */
  0x00,  0x00,  0x00,  0x00,  0x00,  0x00,  0x00,  0xF8,
  0x1F,  0xF0,  0xC1,  0x8C,  0x06,  0x60,  0x30,  0x01,
  0x80,  0x0C,  0x00,  0xC0,  0x0C,  0x00,  0xC0,  0x0C,
  0x00,  0xC0,  0x0C,  0x00,  0xC0,  0x0C,  0x00,  0xFF,
  0xE7,  0xFF,  0x00,  0x00,  0x00,  0x00,  0x00,  0x00,
  0x00,  0x00,  0x00
};

const UCHAR abc_fontArial26h_0033[  43] = { /* code 0033 */
  0x00,  0x00,  0x00,  0x00,  0x00,  0x00,  0x00,  0xF0,
  0x1F,  0xE0,  0xC3,  0x8C,  0x0C,  0x00,  0x60,  0x03,
  0x00,  0x30,  0x0F,  0x00,  0x7C,  0x00,  0x30,  0x00,
  0xC0,  0x06,  0x60,  0x33,  0x81,  0x8C,  0x18,  0x3F,
  0x80,  0xF8,  0x00,  0x00,  0x00,  0x00,  0x00,  0x00,
  0x00,  0x00,  0x00
};

const UCHAR abc_fontArial26h_0034[  43] = { /* code 0034 */
  0x00,  0x00,  0x00,  0x00,  0x00,  0x00,  0x00,  0x0C,
  0x00,  0xE0,  0x0F,  0x00,  0x78,  0x06,  0xC0,  0x76,
  0x03,  0x30,  0x31,  0x81,  0x8C,  0x18,  0x61,  0xC3,
  0x0F,  0xFE,  0x7F,  0xF0,  0x06,  0x00,  0x30,  0x01,
  0x80,  0x0C,  0x00,  0x00,  0x00,  0x00,  0x00,  0x00,
  0x00,  0x00,  0x00
};

const UCHAR abc_fontArial26h_0035[  43] = { /* code 0035 */
  0x00,  0x00,  0x00,  0x00,  0x00,  0x00,  0x01,  0xFE,
  0x0F,  0xF0,  0xC0,  0x06,  0x00,  0x30,  0x01,  0xBC,
  0x0F,  0xF0,  0xE0,  0xC6,  0x03,  0x00,  0x18,  0x00,
  0xC0,  0x06,  0x60,  0x33,  0x01,  0x0C,  0x18,  0x3F,
  0x80,  0xF8,  0x00,  0x00,  0x00,  0x00,  0x00,  0x00,
  0x00,  0x00,  0x00
};

const UCHAR abc_fontArial26h_0036[  43] = { /* code 0036 */
  0x00,  0x00,  0x00,  0x00,  0x00,  0x00,  0x00,  0x7C,
  0x0F,  0xF0,  0xE1,  0xC6,  0x06,  0x30,  0x03,  0x00,
  0x19,  0xE0,  0xDF,  0xC7,  0x86,  0x38,  0x19,  0x80,
  0xCC,  0x06,  0x60,  0x31,  0x81,  0x8E,  0x18,  0x3F,
  0x80,  0xF8,  0x00,  0x00,  0x00,  0x00,  0x00,  0x00,
  0x00,  0x00,  0x00
};

const UCHAR abc_fontArial26h_0037[  43] = { /* code 0037 */
  0x00,  0x00,  0x00,  0x00,  0x00,  0x00,  0x07,  0xFF,
  0x3F,  0xF8,  0x00,  0x80,  0x0C,  0x00,  0xC0,  0x04,
  0x00,  0x60,  0x06,  0x00,  0x30,  0x01,  0x80,  0x18,
  0x00,  0xC0,  0x06,  0x00,  0x60,  0x03,  0x00,  0x18,
  0x00,  0xC0,  0x00,  0x00,  0x00,  0x00,  0x00,  0x00,
  0x00,  0x00,  0x00
};

const UCHAR abc_fontArial26h_0038[  43] = { /* code 0038 */
  0x00,  0x00,  0x00,  0x00,  0x00,  0x00,  0x00,  0xF8,
  0x0F,  0xE0,  0xE3,  0x86,  0x0C,  0x30,  0x61,  0x83,
  0x06,  0x30,  0x1F,  0x01,  0xFC,  0x18,  0x31,  0x80,
  0xCC,  0x06,  0x60,  0x33,  0x01,  0x8C,  0x18,  0x7F,
  0xC0,  0xF8,  0x00,  0x00,  0x00,  0x00,  0x00,  0x00,
  0x00,  0x00,  0x00
};

const UCHAR abc_fontArial26h_0039[  43] = { /* code 0039 */
  0x00,  0x00,  0x00,  0x00,  0x00,  0x00,  0x00,  0xF8,
  0x0F,  0xE0,  0xC1,  0x8E,  0x0E,  0x60,  0x33,  0x01,
  0x98,  0x0C,  0xC0,  0x63,  0x0F,  0x1F,  0xD8,  0x3C,
  0xC0,  0x06,  0x00,  0x63,  0x03,  0x1C,  0x38,  0x7F,
  0x81,  0xF0,  0x00,  0x00,  0x00,  0x00,  0x00,  0x00,
  0x00,  0x00,  0x00
};

const UCHAR abc_fontArial26h_003A[  20] = { /* code 003A */
  0x00,  0x00,  0x00,  0x00,  0x00,  0x00,  0x30,  0xC0,
  0x00,  0x00,  0x00,  0x00,  0x00,  0x00,  0x0C,  0x30,
  0x00,  0x00,  0x00,  0x00
};

const UCHAR abc_fontArial26h_003B[  20] = { /* code 003B */
  0x00,  0x00,  0x00,  0x00,  0x00,  0x00,  0x30,  0xC0,
  0x00,  0x00,  0x00,  0x00,  0x00,  0x00,  0x0C,  0x30,
  0x41,  0x08,  0x00,  0x00
};

const UCHAR abc_fontArial26h_003C[  43] = { /* code 003C */
  0x00,  0x00,  0x00,  0x00,  0x00,  0x00,  0x00,  0x00,
  0x00,  0x00,  0x00,  0x00,  0x04,  0x00,  0xE0,  0x1E,
  0x03,  0xC0,  0x70,  0x06,  0x00,  0x1C,  0x00,  0x3C,
  0x00,  0x78,  0x00,  0xE0,  0x01,  0x00,  0x00,  0x00,
  0x00,  0x00,  0x00,  0x00,  0x00,  0x00,  0x00,  0x00,
  0x00,  0x00,  0x00
};

const UCHAR abc_fontArial26h_003D[  43] = { /* code 003D */
  0x00,  0x00,  0x00,  0x00,  0x00,  0x00,  0x00,  0x00,
  0x00,  0x00,  0x00,  0x00,  0x00,  0x00,  0x03,  0xFF,
  0x1F,  0xF8,  0x00,  0x00,  0x00,  0x00,  0x01,  0xFF,
  0x8F,  0xFC,  0x00,  0x00,  0x00,  0x00,  0x00,  0x00,
  0x00,  0x00,  0x00,  0x00,  0x00,  0x00,  0x00,  0x00,
  0x00,  0x00,  0x00
};

const UCHAR abc_fontArial26h_003E[  43] = { /* code 003E */
  0x00,  0x00,  0x00,  0x00,  0x00,  0x00,  0x00,  0x00,
  0x00,  0x00,  0x00,  0x08,  0x00,  0x70,  0x01,  0xE0,
  0x03,  0xC0,  0x03,  0x80,  0x06,  0x00,  0xE0,  0x3C,
  0x07,  0x80,  0x70,  0x02,  0x00,  0x00,  0x00,  0x00,
  0x00,  0x00,  0x00,  0x00,  0x00,  0x00,  0x00,  0x00,
  0x00,  0x00,  0x00
};

const UCHAR abc_fontArial26h_003F[  43] = { /* code 003F */
  0x00,  0x00,  0x00,  0x00,  0x00,  0x00,  0x00,  0xF8,
  0x0F,  0xF0,  0xE1,  0x8E,  0x06,  0x60,  0x30,  0x01,
  0x80,  0x18,  0x01,  0xC0,  0x1C,  0x01,  0x80,  0x18,
  0x00,  0xC0,  0x06,  0x00,  0x00,  0x00,  0x00,  0x0C,
  0x00,  0x60,  0x00,  0x00,  0x00,  0x00,  0x00,  0x00,
  0x00,  0x00,  0x00
};

const UCHAR abc_fontArial26h_0040[  75] = { /* code 0040 */
  0x00,  0x00,  0x00,  0x00,  0x00,  0x00,  0x00,  0x00,
  0x00,  0x00,  0x00,  0x00,  0x0F,  0xE0,  0x00,  0x7F,
  0xF0,  0x01,  0xE0,  0xF0,  0x07,  0x00,  0x70,  0x1C,
  0xF3,  0x70,  0x73,  0xF6,  0x60,  0xCE,  0x3C,  0x61,
  0xB0,  0x30,  0xC6,  0x60,  0x61,  0x8D,  0x80,  0xC3,
  0x1B,  0x01,  0x86,  0x36,  0x03,  0x1C,  0x6C,  0x0C,
  0x30,  0xD8,  0x38,  0xE1,  0x98,  0xF3,  0x81,  0xBF,
  0xFE,  0x03,  0x3C,  0x70,  0x03,  0x00,  0x01,  0x87,
  0x00,  0x0E,  0x07,  0xC0,  0x78,  0x03,  0xFF,  0xC0,
  0x01,  0xFE,  0x00
};

const UCHAR abc_fontArial26h_0041[  49] = { /* code 0041 */
  0x00,  0x00,  0x00,  0x00,  0x00,  0x00,  0x00,  0x00,
  0x38,  0x00,  0x70,  0x01,  0xB0,  0x03,  0x60,  0x0E,
  0xE0,  0x18,  0xC0,  0x31,  0x80,  0xC1,  0x81,  0x83,
  0x03,  0x06,  0x0F,  0xFE,  0x1F,  0xFC,  0x70,  0x1C,
  0xC0,  0x19,  0x80,  0x36,  0x00,  0x3C,  0x00,  0x60,
  0x00,  0x00,  0x00,  0x00,  0x00,  0x00,  0x00,  0x00,
  0x00
};

const UCHAR abc_fontArial26h_0042[  49] = { /* code 0042 */
  0x00,  0x00,  0x00,  0x00,  0x00,  0x00,  0x00,  0x03,
  0xFE,  0x07,  0xFE,  0x0C,  0x0E,  0x18,  0x0C,  0x30,
  0x18,  0x60,  0x30,  0xC0,  0xC1,  0xFF,  0x83,  0xFF,
  0x06,  0x07,  0x0C,  0x03,  0x18,  0x06,  0x30,  0x0C,
  0x60,  0x18,  0xC0,  0x61,  0xFF,  0xC3,  0xFE,  0x00,
  0x00,  0x00,  0x00,  0x00,  0x00,  0x00,  0x00,  0x00,
  0x00
};

const UCHAR abc_fontArial26h_0043[  56] = { /* code 0043 */
  0x00,  0x00,  0x00,  0x00,  0x00,  0x00,  0x00,  0x00,
  0x00,  0x3F,  0x00,  0x7F,  0xE0,  0x70,  0x38,  0x70,
  0x0C,  0x30,  0x03,  0x30,  0x00,  0x18,  0x00,  0x0C,
  0x00,  0x06,  0x00,  0x03,  0x00,  0x01,  0x80,  0x00,
  0xC0,  0x06,  0x30,  0x03,  0x1C,  0x03,  0x07,  0x03,
  0x81,  0xFF,  0x80,  0x3F,  0x00,  0x00,  0x00,  0x00,
  0x00,  0x00,  0x00,  0x00,  0x00,  0x00,  0x00,  0x00
};

const UCHAR abc_fontArial26h_0044[  56] = { /* code 0044 */
  0x00,  0x00,  0x00,  0x00,  0x00,  0x00,  0x00,  0x00,
  0x03,  0xFF,  0x01,  0xFF,  0xC0,  0xC0,  0x70,  0x60,
  0x1C,  0x30,  0x06,  0x18,  0x01,  0x8C,  0x00,  0xC6,
  0x00,  0x63,  0x00,  0x31,  0x80,  0x18,  0xC0,  0x0C,
  0x60,  0x06,  0x30,  0x06,  0x18,  0x03,  0x0C,  0x07,
  0x07,  0xFF,  0x03,  0xFF,  0x00,  0x00,  0x00,  0x00,
  0x00,  0x00,  0x00,  0x00,  0x00,  0x00,  0x00,  0x00
};

const UCHAR abc_fontArial26h_0045[  49] = { /* code 0045 */
  0x00,  0x00,  0x00,  0x00,  0x00,  0x00,  0x00,  0x03,
  0xFF,  0xC7,  0xFF,  0x8C,  0x00,  0x18,  0x00,  0x30,
  0x00,  0x60,  0x00,  0xC0,  0x01,  0xFF,  0xC3,  0xFF,
  0x86,  0x00,  0x0C,  0x00,  0x18,  0x00,  0x30,  0x00,
  0x60,  0x00,  0xC0,  0x01,  0xFF,  0xE3,  0xFF,  0xC0,
  0x00,  0x00,  0x00,  0x00,  0x00,  0x00,  0x00,  0x00,
  0x00
};

const UCHAR abc_fontArial26h_0046[  46] = { /* code 0046 */
  0x00,  0x00,  0x00,  0x00,  0x00,  0x00,  0x00,  0x3F,
  0xF8,  0xFF,  0xE3,  0x00,  0x0C,  0x00,  0x30,  0x00,
  0xC0,  0x03,  0x00,  0x0F,  0xFC,  0x3F,  0xF0,  0xC0,
  0x03,  0x00,  0x0C,  0x00,  0x30,  0x00,  0xC0,  0x03,
  0x00,  0x0C,  0x00,  0x30,  0x00,  0x00,  0x00,  0x00,
  0x00,  0x00,  0x00,  0x00,  0x00,  0x00
};

const UCHAR abc_fontArial26h_0047[  59] = { /* code 0047 */
  0x00,  0x00,  0x00,  0x00,  0x00,  0x00,  0x00,  0x00,
  0x00,  0x03,  0xF8,  0x03,  0xFF,  0x81,  0xE0,  0xF0,
  0xE0,  0x0C,  0x30,  0x01,  0x9C,  0x00,  0x06,  0x00,
  0x01,  0x80,  0x00,  0x60,  0x3F,  0x98,  0x0F,  0xE6,
  0x00,  0x19,  0xC0,  0x06,  0x30,  0x01,  0x8E,  0x00,
  0x61,  0xE0,  0x78,  0x3F,  0xF8,  0x01,  0xF8,  0x00,
  0x00,  0x00,  0x00,  0x00,  0x00,  0x00,  0x00,  0x00,
  0x00,  0x00,  0x00
};

const UCHAR abc_fontArial26h_0048[  56] = { /* code 0048 */
  0x00,  0x00,  0x00,  0x00,  0x00,  0x00,  0x00,  0x00,
  0x03,  0x00,  0x61,  0x80,  0x30,  0xC0,  0x18,  0x60,
  0x0C,  0x30,  0x06,  0x18,  0x03,  0x0C,  0x01,  0x87,
  0xFF,  0xC3,  0xFF,  0xE1,  0x80,  0x30,  0xC0,  0x18,
  0x60,  0x0C,  0x30,  0x06,  0x18,  0x03,  0x0C,  0x01,
  0x86,  0x00,  0xC3,  0x00,  0x60,  0x00,  0x00,  0x00,
  0x00,  0x00,  0x00,  0x00,  0x00,  0x00,  0x00,  0x00
};

const UCHAR abc_fontArial26h_0049[  20] = { /* code 0049 */
  0x00,  0x00,  0x00,  0x30,  0xC3,  0x0C,  0x30,  0xC3,
  0x0C,  0x30,  0xC3,  0x0C,  0x30,  0xC3,  0x0C,  0x30,
  0x00,  0x00,  0x00,  0x00
};

const UCHAR abc_fontArial26h_004A[  39] = { /* code 004A */
  0x00,  0x00,  0x00,  0x00,  0x00,  0x00,  0x00,  0xC0,
  0x0C,  0x00,  0xC0,  0x0C,  0x00,  0xC0,  0x0C,  0x00,
  0xC0,  0x0C,  0x00,  0xC0,  0x0C,  0x00,  0xC0,  0x0C,
  0x60,  0xC6,  0x0C,  0x71,  0xC3,  0xF8,  0x1F,  0x00,
  0x00,  0x00,  0x00,  0x00,  0x00,  0x00,  0x00
};

const UCHAR abc_fontArial26h_004B[  49] = { /* code 004B */
  0x00,  0x00,  0x00,  0x00,  0x00,  0x00,  0x00,  0x06,
  0x01,  0xCC,  0x07,  0x18,  0x1C,  0x30,  0x70,  0x61,
  0xC0,  0xC7,  0x01,  0x9C,  0x03,  0x70,  0x07,  0xF0,
  0x0F,  0x70,  0x1C,  0x70,  0x30,  0x70,  0x60,  0x60,
  0xC0,  0xE1,  0x80,  0xE3,  0x00,  0xE6,  0x00,  0xE0,
  0x00,  0x00,  0x00,  0x00,  0x00,  0x00,  0x00,  0x00,
  0x00
};

const UCHAR abc_fontArial26h_004C[  43] = { /* code 004C */
  0x00,  0x00,  0x00,  0x00,  0x00,  0x00,  0x03,  0x00,
  0x18,  0x00,  0xC0,  0x06,  0x00,  0x30,  0x01,  0x80,
  0x0C,  0x00,  0x60,  0x03,  0x00,  0x18,  0x00,  0xC0,
  0x06,  0x00,  0x30,  0x01,  0x80,  0x0C,  0x00,  0x7F,
  0xE3,  0xFF,  0x00,  0x00,  0x00,  0x00,  0x00,  0x00,
  0x00,  0x00,  0x00
};

const UCHAR abc_fontArial26h_004D[  62] = { /* code 004D */
  0x00,  0x00,  0x00,  0x00,  0x00,  0x00,  0x00,  0x00,
  0x00,  0x03,  0x80,  0x38,  0x78,  0x0F,  0x0F,  0x01,
  0xE1,  0xE0,  0x3C,  0x36,  0x0D,  0x86,  0xC1,  0xB0,
  0xD8,  0x36,  0x19,  0x8C,  0xC3,  0x31,  0x98,  0x66,
  0x33,  0x0C,  0xC6,  0x61,  0x8D,  0x8C,  0x31,  0xB1,
  0x86,  0x36,  0x30,  0xC3,  0x86,  0x18,  0x70,  0xC3,
  0x0E,  0x18,  0x00,  0x00,  0x00,  0x00,  0x00,  0x00,
  0x00,  0x00,  0x00,  0x00,  0x00,  0x00
};

const UCHAR abc_fontArial26h_004E[  56] = { /* code 004E */
  0x00,  0x00,  0x00,  0x00,  0x00,  0x00,  0x00,  0x00,
  0x03,  0x00,  0x61,  0xC0,  0x30,  0xF0,  0x18,  0x78,
  0x0C,  0x36,  0x06,  0x19,  0x83,  0x0C,  0xC1,  0x86,
  0x30,  0xC3,  0x1C,  0x61,  0x86,  0x30,  0xC1,  0x98,
  0x60,  0xCC,  0x30,  0x36,  0x18,  0x0F,  0x0C,  0x07,
  0x86,  0x01,  0xC3,  0x00,  0x60,  0x00,  0x00,  0x00,
  0x00,  0x00,  0x00,  0x00,  0x00,  0x00,  0x00,  0x00
};

const UCHAR abc_fontArial26h_004F[  59] = { /* code 004F */
  0x00,  0x00,  0x00,  0x00,  0x00,  0x00,  0x00,  0x00,
  0x00,  0x03,  0xF0,  0x03,  0xFF,  0x01,  0xC0,  0xE0,
  0xE0,  0x1C,  0x30,  0x03,  0x18,  0x00,  0xE6,  0x00,
  0x19,  0x80,  0x06,  0x60,  0x01,  0x98,  0x00,  0x66,
  0x00,  0x19,  0x80,  0x0E,  0x30,  0x03,  0x0E,  0x01,
  0xC1,  0xC0,  0xE0,  0x3F,  0xF0,  0x03,  0xF0,  0x00,
  0x00,  0x00,  0x00,  0x00,  0x00,  0x00,  0x00,  0x00,
  0x00,  0x00,  0x00
};

const UCHAR abc_fontArial26h_0050[  49] = { /* code 0050 */
  0x00,  0x00,  0x00,  0x00,  0x00,  0x00,  0x00,  0x03,
  0xFE,  0x07,  0xFF,  0x0C,  0x06,  0x18,  0x06,  0x30,
  0x0C,  0x60,  0x18,  0xC0,  0x31,  0x80,  0xC3,  0xFF,
  0x87,  0xFC,  0x0C,  0x00,  0x18,  0x00,  0x30,  0x00,
  0x60,  0x00,  0xC0,  0x01,  0x80,  0x03,  0x00,  0x00,
  0x00,  0x00,  0x00,  0x00,  0x00,  0x00,  0x00,  0x00,
  0x00
};

const UCHAR abc_fontArial26h_0051[  59] = { /* code 0051 */
  0x00,  0x00,  0x00,  0x00,  0x00,  0x00,  0x00,  0x00,
  0x00,  0x03,  0xF0,  0x03,  0xFF,  0x01,  0xC0,  0xE0,
  0xE0,  0x1C,  0x30,  0x03,  0x18,  0x00,  0xE6,  0x00,
  0x19,  0x80,  0x06,  0x60,  0x01,  0x98,  0x00,  0x66,
  0x00,  0x19,  0xC0,  0x06,  0x30,  0x63,  0x0E,  0x1D,
  0xC1,  0xC1,  0xE0,  0x3F,  0xF8,  0x03,  0xFB,  0x80,
  0x00,  0x60,  0x00,  0x00,  0x00,  0x00,  0x00,  0x00,
  0x00,  0x00,  0x00
};

const UCHAR abc_fontArial26h_0052[  56] = { /* code 0052 */
  0x00,  0x00,  0x00,  0x00,  0x00,  0x00,  0x00,  0x00,
  0x03,  0xFF,  0x81,  0xFF,  0xE0,  0xC0,  0x38,  0x60,
  0x0C,  0x30,  0x06,  0x18,  0x03,  0x0C,  0x03,  0x87,
  0xFF,  0x83,  0xFF,  0x01,  0x87,  0x00,  0xC1,  0xC0,
  0x60,  0x70,  0x30,  0x38,  0x18,  0x0E,  0x0C,  0x03,
  0x06,  0x01,  0xC3,  0x00,  0x70,  0x00,  0x00,  0x00,
  0x00,  0x00,  0x00,  0x00,  0x00,  0x00,  0x00,  0x00
};

const UCHAR abc_fontArial26h_0053[  49] = { /* code 0053 */
  0x00,  0x00,  0x00,  0x00,  0x00,  0x00,  0x00,  0x00,
  0x7E,  0x03,  0xFE,  0x06,  0x0E,  0x18,  0x06,  0x30,
  0x0C,  0x60,  0x00,  0x70,  0x00,  0xFE,  0x00,  0x7F,
  0x00,  0x0F,  0x00,  0x03,  0x30,  0x06,  0x60,  0x0C,
  0x60,  0x18,  0xE0,  0xE0,  0xFF,  0x80,  0x7E,  0x00,
  0x00,  0x00,  0x00,  0x00,  0x00,  0x00,  0x00,  0x00,
  0x00
};

const UCHAR abc_fontArial26h_0054[  46] = { /* code 0054 */
  0x00,  0x00,  0x00,  0x00,  0x00,  0x00,  0x00,  0x7F,
  0xF9,  0xFF,  0xE0,  0x30,  0x00,  0xC0,  0x03,  0x00,
  0x0C,  0x00,  0x30,  0x00,  0xC0,  0x03,  0x00,  0x0C,
  0x00,  0x30,  0x00,  0xC0,  0x03,  0x00,  0x0C,  0x00,
  0x30,  0x00,  0xC0,  0x03,  0x00,  0x00,  0x00,  0x00,
  0x00,  0x00,  0x00,  0x00,  0x00,  0x00
};

const UCHAR abc_fontArial26h_0055[  56] = { /* code 0055 */
  0x00,  0x00,  0x00,  0x00,  0x00,  0x00,  0x00,  0x00,
  0x03,  0x00,  0x61,  0x80,  0x30,  0xC0,  0x18,  0x60,
  0x0C,  0x30,  0x06,  0x18,  0x03,  0x0C,  0x01,  0x86,
  0x00,  0xC3,  0x00,  0x61,  0x80,  0x30,  0xC0,  0x18,
  0x60,  0x0C,  0x30,  0x06,  0x0C,  0x06,  0x07,  0x07,
  0x01,  0xFF,  0x00,  0x7F,  0x00,  0x00,  0x00,  0x00,
  0x00,  0x00,  0x00,  0x00,  0x00,  0x00,  0x00,  0x00
};

const UCHAR abc_fontArial26h_0056[  49] = { /* code 0056 */
  0x00,  0x00,  0x00,  0x00,  0x00,  0x00,  0x00,  0x0C,
  0x00,  0x7C,  0x01,  0xD8,  0x03,  0x30,  0x06,  0x70,
  0x1C,  0x60,  0x30,  0xC0,  0x61,  0xC1,  0xC1,  0x83,
  0x03,  0x06,  0x03,  0x18,  0x06,  0x30,  0x0E,  0xE0,
  0x0D,  0x80,  0x1B,  0x00,  0x3E,  0x00,  0x38,  0x00,
  0x00,  0x00,  0x00,  0x00,  0x00,  0x00,  0x00,  0x00,
  0x00
};

const UCHAR abc_fontArial26h_0057[  75] = { /* code 0057 */
  0x00,  0x00,  0x00,  0x00,  0x00,  0x00,  0x00,  0x00,
  0x00,  0x00,  0x00,  0x0C,  0x03,  0x80,  0x78,  0x07,
  0x00,  0xD8,  0x1B,  0x03,  0x30,  0x36,  0x06,  0x60,
  0x6C,  0x0C,  0xC1,  0x8C,  0x18,  0xC3,  0x18,  0x61,
  0x86,  0x30,  0xC3,  0x18,  0x31,  0x86,  0x30,  0x63,
  0x0E,  0x60,  0xCE,  0x0D,  0xC1,  0xD8,  0x1B,  0x01,
  0xB0,  0x36,  0x03,  0x60,  0x6C,  0x06,  0xC0,  0x70,
  0x07,  0x00,  0xE0,  0x0E,  0x00,  0x00,  0x00,  0x00,
  0x00,  0x00,  0x00,  0x00,  0x00,  0x00,  0x00,  0x00,
  0x00,  0x00,  0x00
};

const UCHAR abc_fontArial26h_0058[  49] = { /* code 0058 */
  0x00,  0x00,  0x00,  0x00,  0x00,  0x00,  0x00,  0x07,
  0x01,  0xC7,  0x07,  0x06,  0x0C,  0x0E,  0x38,  0x0E,
  0xE0,  0x0D,  0x80,  0x1F,  0x00,  0x1C,  0x00,  0x38,
  0x00,  0xD8,  0x03,  0xB8,  0x06,  0x30,  0x1C,  0x70,
  0x70,  0x70,  0xC0,  0x63,  0x80,  0xEE,  0x00,  0xE0,
  0x00,  0x00,  0x00,  0x00,  0x00,  0x00,  0x00,  0x00,
  0x00
};

const UCHAR abc_fontArial26h_0059[  46] = { /* code 0059 */
  0x00,  0x00,  0x00,  0x00,  0x00,  0x00,  0x00,  0xE0,
  0x1D,  0x80,  0x63,  0x03,  0x0E,  0x1C,  0x18,  0x60,
  0x73,  0x80,  0xCC,  0x01,  0xE0,  0x07,  0x80,  0x0C,
  0x00,  0x30,  0x00,  0xC0,  0x03,  0x00,  0x0C,  0x00,
  0x30,  0x00,  0xC0,  0x03,  0x00,  0x00,  0x00,  0x00,
  0x00,  0x00,  0x00,  0x00,  0x00,  0x00
};

const UCHAR abc_fontArial26h_005A[  46] = { /* code 005A */
  0x00,  0x00,  0x00,  0x00,  0x00,  0x00,  0x00,  0x7F,
  0xF9,  0xFF,  0xE0,  0x03,  0x00,  0x18,  0x00,  0xE0,
  0x03,  0x00,  0x18,  0x00,  0xC0,  0x07,  0x00,  0x18,
  0x00,  0xC0,  0x06,  0x00,  0x38,  0x00,  0xC0,  0x06,
  0x00,  0x3F,  0xFE,  0xFF,  0xF8,  0x00,  0x00,  0x00,
  0x00,  0x00,  0x00,  0x00,  0x00,  0x00
};

const UCHAR abc_fontArial26h_005B[  20] = { /* code 005B */
  0x00,  0x00,  0x00,  0x79,  0xE6,  0x18,  0x61,  0x86,
  0x18,  0x61,  0x86,  0x18,  0x61,  0x86,  0x18,  0x61,
  0x86,  0x18,  0x79,  0xE0
};

const UCHAR abc_fontArial26h_005C[  23] = { /* code 005C */
  0x00,  0x00,  0x00,  0x0C,  0x18,  0x18,  0x30,  0x60,
  0x60,  0xC1,  0x83,  0x83,  0x06,  0x0C,  0x0C,  0x18,
  0x30,  0x30,  0x60,  0x00,  0x00,  0x00,  0x00
};

const UCHAR abc_fontArial26h_005D[  20] = { /* code 005D */
  0x00,  0x00,  0x00,  0x79,  0xE1,  0x86,  0x18,  0x61,
  0x86,  0x18,  0x61,  0x86,  0x18,  0x61,  0x86,  0x18,
  0x61,  0x86,  0x79,  0xE0
};

const UCHAR abc_fontArial26h_005E[  39] = { /* code 005E */
  0x00,  0x00,  0x00,  0x00,  0x00,  0x00,  0x06,  0x00,
  0xF0,  0x0F,  0x01,  0x98,  0x19,  0x81,  0x98,  0x30,
  0xC3,  0x0C,  0x60,  0x60,  0x00,  0x00,  0x00,  0x00,
  0x00,  0x00,  0x00,  0x00,  0x00,  0x00,  0x00,  0x00,
  0x00,  0x00,  0x00,  0x00,  0x00,  0x00,  0x00
};

const UCHAR abc_fontArial26h_005F[  46] = { /* code 005F */
  0x00,  0x00,  0x00,  0x00,  0x00,  0x00,  0x00,  0x00,
  0x00,  0x00,  0x00,  0x00,  0x00,  0x00,  0x00,  0x00,
  0x00,  0x00,  0x00,  0x00,  0x00,  0x00,  0x00,  0x00,
  0x00,  0x00,  0x00,  0x00,  0x00,  0x00,  0x00,  0x00,
  0x00,  0x00,  0x00,  0x00,  0x00,  0x00,  0x00,  0x00,
  0x00,  0x00,  0xFF,  0xFF,  0xFF,  0xF0
};

const UCHAR abc_fontArial26h_0060[  26] = { /* code 0060 */
  0x00,  0x00,  0x00,  0x00,  0x70,  0x30,  0x18,  0x00,
  0x00,  0x00,  0x00,  0x00,  0x00,  0x00,  0x00,  0x00,
  0x00,  0x00,  0x00,  0x00,  0x00,  0x00,  0x00,  0x00,
  0x00,  0x00
};

const UCHAR abc_fontArial26h_0061[  43] = { /* code 0061 */
  0x00,  0x00,  0x00,  0x00,  0x00,  0x00,  0x00,  0x00,
  0x00,  0x00,  0x00,  0x00,  0x00,  0x0F,  0x81,  0xFE,
  0x1C,  0x38,  0xC0,  0xC0,  0x1E,  0x0F,  0xF0,  0xF9,
  0x8E,  0x0C,  0x60,  0x63,  0x07,  0x1C,  0x78,  0x7F,
  0xC1,  0xE3,  0x00,  0x00,  0x00,  0x00,  0x00,  0x00,
  0x00,  0x00,  0x00
};

const UCHAR abc_fontArial26h_0062[  39] = { /* code 0062 */
  0x00,  0x00,  0x00,  0x00,  0x00,  0x00,  0x60,  0x06,
  0x00,  0x60,  0x06,  0x00,  0x6F,  0x07,  0xFC,  0x70,
  0xC6,  0x06,  0x60,  0x66,  0x06,  0x60,  0x66,  0x06,
  0x60,  0x66,  0x06,  0x70,  0xC7,  0xF8,  0x6F,  0x00,
  0x00,  0x00,  0x00,  0x00,  0x00,  0x00,  0x00
};

const UCHAR abc_fontArial26h_0063[  39] = { /* code 0063 */
  0x00,  0x00,  0x00,  0x00,  0x00,  0x00,  0x00,  0x00,
  0x00,  0x00,  0x00,  0x00,  0x0F,  0x81,  0xFC,  0x38,
  0xE7,  0x06,  0x60,  0x06,  0x00,  0x60,  0x06,  0x00,
  0x60,  0x07,  0x06,  0x30,  0xE1,  0xFC,  0x0F,  0x80,
  0x00,  0x00,  0x00,  0x00,  0x00,  0x00,  0x00
};

const UCHAR abc_fontArial26h_0064[  39] = { /* code 0064 */
  0x00,  0x00,  0x00,  0x00,  0x00,  0x00,  0x00,  0x60,
  0x06,  0x00,  0x60,  0x06,  0x0F,  0x61,  0xFE,  0x30,
  0xE6,  0x06,  0x60,  0x66,  0x06,  0x60,  0x66,  0x06,
  0x60,  0x66,  0x06,  0x30,  0xE1,  0xFE,  0x0F,  0x60,
  0x00,  0x00,  0x00,  0x00,  0x00,  0x00,  0x00
};

const UCHAR abc_fontArial26h_0065[  43] = { /* code 0065 */
  0x00,  0x00,  0x00,  0x00,  0x00,  0x00,  0x00,  0x00,
  0x00,  0x00,  0x00,  0x00,  0x00,  0x0F,  0x80,  0xFE,
  0x0E,  0x18,  0xC0,  0x66,  0x03,  0x3F,  0xF9,  0xFF,
  0xCC,  0x00,  0x60,  0x03,  0x81,  0x8E,  0x18,  0x3F,
  0xC0,  0xF8,  0x00,  0x00,  0x00,  0x00,  0x00,  0x00,
  0x00,  0x00,  0x00
};

const UCHAR abc_fontArial26h_0066[  23] = { /* code 0066 */
  0x00,  0x00,  0x00,  0x01,  0xE7,  0xCC,  0x18,  0xFD,
  0xF8,  0xC1,  0x83,  0x06,  0x0C,  0x18,  0x30,  0x60,
  0xC1,  0x83,  0x00,  0x00,  0x00,  0x00,  0x00
};

const UCHAR abc_fontArial26h_0067[  39] = { /* code 0067 */
  0x00,  0x00,  0x00,  0x00,  0x00,  0x00,  0x00,  0x00,
  0x00,  0x00,  0x00,  0x00,  0x0F,  0x61,  0xFE,  0x30,
  0xE7,  0x06,  0x60,  0x66,  0x06,  0x60,  0x66,  0x06,
  0x60,  0x67,  0x06,  0x38,  0xE1,  0xFE,  0x0F,  0x60,
  0x06,  0x60,  0x67,  0x0C,  0x3F,  0xC1,  0xF0
};

const UCHAR abc_fontArial26h_0068[  39] = { /* code 0068 */
  0x00,  0x00,  0x00,  0x00,  0x00,  0x00,  0x60,  0x06,
  0x00,  0x60,  0x06,  0x00,  0x67,  0x86,  0xFC,  0x78,
  0xE7,  0x06,  0x60,  0x66,  0x06,  0x60,  0x66,  0x06,
  0x60,  0x66,  0x06,  0x60,  0x66,  0x06,  0x60,  0x60,
  0x00,  0x00,  0x00,  0x00,  0x00,  0x00,  0x00
};

const UCHAR abc_fontArial26h_0069[  17] = { /* code 0069 */
  0x00,  0x00,  0x06,  0x30,  0x00,  0x63,  0x18,  0xC6,
  0x31,  0x8C,  0x63,  0x18,  0xC6,  0x00,  0x00,  0x00,
  0x00
};

const UCHAR abc_fontArial26h_006A[  13] = { /* code 006A */
  0x00,  0x00,  0x33,  0x00,  0x33,  0x33,  0x33,  0x33,
  0x33,  0x33,  0x33,  0x33,  0xFE
};

const UCHAR abc_fontArial26h_006B[  36] = { /* code 006B */
  0x00,  0x00,  0x00,  0x00,  0x00,  0x06,  0x00,  0xC0,
  0x18,  0x03,  0x00,  0x60,  0xEC,  0x39,  0x8E,  0x33,
  0x86,  0xE0,  0xF8,  0x1F,  0x83,  0xB8,  0x63,  0x0C,
  0x31,  0x87,  0x30,  0x66,  0x0E,  0x00,  0x00,  0x00,
  0x00,  0x00,  0x00,  0x00
};

const UCHAR abc_fontArial26h_006C[  13] = { /* code 006C */
  0x00,  0x00,  0x66,  0x66,  0x66,  0x66,  0x66,  0x66,
  0x66,  0x66,  0x60,  0x00,  0x00
};

const UCHAR abc_fontArial26h_006D[  59] = { /* code 006D */
  0x00,  0x00,  0x00,  0x00,  0x00,  0x00,  0x00,  0x00,
  0x00,  0x00,  0x00,  0x00,  0x00,  0x00,  0x00,  0x00,
  0x00,  0x00,  0x67,  0x0E,  0x1B,  0xE7,  0xC7,  0x9F,
  0x39,  0xC3,  0x86,  0x60,  0xC1,  0x98,  0x30,  0x66,
  0x0C,  0x19,  0x83,  0x06,  0x60,  0xC1,  0x98,  0x30,
  0x66,  0x0C,  0x19,  0x83,  0x06,  0x60,  0xC1,  0x80,
  0x00,  0x00,  0x00,  0x00,  0x00,  0x00,  0x00,  0x00,
  0x00,  0x00,  0x00
};

const UCHAR abc_fontArial26h_006E[  39] = { /* code 006E */
  0x00,  0x00,  0x00,  0x00,  0x00,  0x00,  0x00,  0x00,
  0x00,  0x00,  0x00,  0x00,  0x67,  0x86,  0xFC,  0x78,
  0xE7,  0x06,  0x60,  0x66,  0x06,  0x60,  0x66,  0x06,
  0x60,  0x66,  0x06,  0x60,  0x66,  0x06,  0x60,  0x60,
  0x00,  0x00,  0x00,  0x00,  0x00,  0x00,  0x00
};

const UCHAR abc_fontArial26h_006F[  43] = { /* code 006F */
  0x00,  0x00,  0x00,  0x00,  0x00,  0x00,  0x00,  0x00,
  0x00,  0x00,  0x00,  0x00,  0x00,  0x0F,  0x80,  0xFE,
  0x0E,  0x38,  0xE0,  0xE6,  0x03,  0x30,  0x19,  0x80,
  0xCC,  0x06,  0x60,  0x33,  0x83,  0x8E,  0x38,  0x3F,
  0x80,  0xF8,  0x00,  0x00,  0x00,  0x00,  0x00,  0x00,
  0x00,  0x00,  0x00
};

const UCHAR abc_fontArial26h_0070[  39] = { /* code 0070 */
  0x00,  0x00,  0x00,  0x00,  0x00,  0x00,  0x00,  0x00,
  0x00,  0x00,  0x00,  0x00,  0x6F,  0x07,  0xFC,  0x70,
  0xC6,  0x0E,  0x60,  0x66,  0x06,  0x60,  0x66,  0x06,
  0x60,  0x66,  0x0E,  0x71,  0xC7,  0xF8,  0x6F,  0x06,
  0x00,  0x60,  0x06,  0x00,  0x60,  0x06,  0x00
};

const UCHAR abc_fontArial26h_0071[  39] = { /* code 0071 */
  0x00,  0x00,  0x00,  0x00,  0x00,  0x00,  0x00,  0x00,
  0x00,  0x00,  0x00,  0x00,  0x0F,  0x63,  0xFE,  0x38,
  0xE7,  0x06,  0x60,  0x66,  0x06,  0x60,  0x66,  0x06,
  0x60,  0x67,  0x06,  0x38,  0xE1,  0xFE,  0x0F,  0x60,
  0x06,  0x00,  0x60,  0x06,  0x00,  0x60,  0x06
};

const UCHAR abc_fontArial26h_0072[  26] = { /* code 0072 */
  0x00,  0x00,  0x00,  0x00,  0x00,  0x00,  0x00,  0x00,
  0x6F,  0x7F,  0x70,  0x60,  0x60,  0x60,  0x60,  0x60,
  0x60,  0x60,  0x60,  0x60,  0x60,  0x00,  0x00,  0x00,
  0x00,  0x00
};

const UCHAR abc_fontArial26h_0073[  39] = { /* code 0073 */
  0x00,  0x00,  0x00,  0x00,  0x00,  0x00,  0x00,  0x00,
  0x00,  0x00,  0x00,  0x00,  0x1F,  0x83,  0xFC,  0x70,
  0x66,  0x00,  0x70,  0x03,  0xF0,  0x1F,  0xC0,  0x3E,
  0x00,  0x66,  0x06,  0x70,  0xE3,  0xFC,  0x1F,  0x80,
  0x00,  0x00,  0x00,  0x00,  0x00,  0x00,  0x00
};

const UCHAR abc_fontArial26h_0074[  20] = { /* code 0074 */
  0x00,  0x00,  0x00,  0x10,  0xC3,  0x0C,  0xFF,  0xF3,
  0x0C,  0x30,  0xC3,  0x0C,  0x30,  0xC3,  0x0F,  0x1C,
  0x00,  0x00,  0x00,  0x00
};

const UCHAR abc_fontArial26h_0075[  39] = { /* code 0075 */
  0x00,  0x00,  0x00,  0x00,  0x00,  0x00,  0x00,  0x00,
  0x00,  0x00,  0x00,  0x00,  0x60,  0x66,  0x06,  0x60,
  0x66,  0x06,  0x60,  0x66,  0x06,  0x60,  0x66,  0x06,
  0x60,  0x66,  0x0E,  0x71,  0xE3,  0xF6,  0x1E,  0x60,
  0x00,  0x00,  0x00,  0x00,  0x00,  0x00,  0x00
};

const UCHAR abc_fontArial26h_0076[  36] = { /* code 0076 */
  0x00,  0x00,  0x00,  0x00,  0x00,  0x00,  0x00,  0x00,
  0x00,  0x00,  0x00,  0xC0,  0x78,  0x0D,  0x83,  0x30,
  0x66,  0x0C,  0x63,  0x0C,  0x60,  0xD8,  0x1B,  0x03,
  0x60,  0x38,  0x07,  0x00,  0x40,  0x00,  0x00,  0x00,
  0x00,  0x00,  0x00,  0x00
};

const UCHAR abc_fontArial26h_0077[  56] = { /* code 0077 */
  0x00,  0x00,  0x00,  0x00,  0x00,  0x00,  0x00,  0x00,
  0x00,  0x00,  0x00,  0x00,  0x00,  0x00,  0x00,  0x00,
  0x00,  0x60,  0x83,  0x30,  0xE1,  0x98,  0x70,  0xC6,
  0x38,  0xC3,  0x14,  0x61,  0x9B,  0x30,  0x4D,  0xB0,
  0x36,  0xD8,  0x1A,  0x2C,  0x05,  0x14,  0x03,  0x8E,
  0x01,  0xC7,  0x00,  0x41,  0x00,  0x00,  0x00,  0x00,
  0x00,  0x00,  0x00,  0x00,  0x00,  0x00,  0x00,  0x00
};

const UCHAR abc_fontArial26h_0078[  36] = { /* code 0078 */
  0x00,  0x00,  0x00,  0x00,  0x00,  0x00,  0x00,  0x00,
  0x00,  0x00,  0x00,  0xE0,  0x6C,  0x18,  0xC6,  0x1C,
  0xC1,  0xB0,  0x1C,  0x03,  0x80,  0x70,  0x1B,  0x07,
  0x70,  0xC6,  0x30,  0x6E,  0x0E,  0x00,  0x00,  0x00,
  0x00,  0x00,  0x00,  0x00
};

const UCHAR abc_fontArial26h_0079[  36] = { /* code 0079 */
  0x00,  0x00,  0x00,  0x00,  0x00,  0x00,  0x00,  0x00,
  0x00,  0x00,  0x00,  0xC0,  0x78,  0x0D,  0x83,  0x30,
  0x63,  0x0C,  0x63,  0x06,  0x60,  0xCC,  0x1B,  0x01,
  0xE0,  0x3C,  0x03,  0x00,  0x60,  0x0C,  0x01,  0x80,
  0x60,  0x3C,  0x07,  0x00
};

const UCHAR abc_fontArial26h_007A[  36] = { /* code 007A */
  0x00,  0x00,  0x00,  0x00,  0x00,  0x00,  0x00,  0x00,
  0x00,  0x00,  0x00,  0x7F,  0xCF,  0xF8,  0x07,  0x01,
  0xC0,  0x70,  0x1C,  0x07,  0x00,  0xC0,  0x38,  0x0E,
  0x03,  0x80,  0x7F,  0xEF,  0xFC,  0x00,  0x00,  0x00,
  0x00,  0x00,  0x00,  0x00
};

const UCHAR abc_fontArial26h_007B[  26] = { /* code 007B */
  0x00,  0x00,  0x00,  0x00,  0x0E,  0x1E,  0x18,  0x18,
  0x18,  0x18,  0x18,  0x18,  0x18,  0x30,  0x60,  0x70,
  0x30,  0x18,  0x18,  0x18,  0x18,  0x18,  0x18,  0x18,
  0x1E,  0x0E
};

const UCHAR abc_fontArial26h_007C[  20] = { /* code 007C */
  0x00,  0x00,  0x00,  0x30,  0xC3,  0x0C,  0x30,  0xC3,
  0x0C,  0x30,  0xC3,  0x0C,  0x30,  0xC3,  0x0C,  0x30,
  0xC3,  0x0C,  0x30,  0xC0
};

const UCHAR abc_fontArial26h_007D[  26] = { /* code 007D */
  0x00,  0x00,  0x00,  0x00,  0x70,  0x78,  0x18,  0x18,
  0x18,  0x18,  0x18,  0x18,  0x18,  0x0C,  0x06,  0x0E,
  0x0C,  0x18,  0x18,  0x18,  0x18,  0x18,  0x18,  0x18,
  0x78,  0x70
};

const UCHAR abc_fontArial26h_007E[  43] = { /* code 007E */
  0x00,  0x00,  0x00,  0x00,  0x00,  0x00,  0x00,  0x00,
  0x00,  0x00,  0x00,  0x00,  0x00,  0x00,  0x00,  0x00,
  0x00,  0x00,  0x78,  0x07,  0xF1,  0x23,  0xF8,  0x07,
  0x80,  0x00,  0x00,  0x00,  0x00,  0x00,  0x00,  0x00,
  0x00,  0x00,  0x00,  0x00,  0x00,  0x00,  0x00,  0x00,
  0x00,  0x00,  0x00
};

const UCHAR abc_fontArial26h_00A0[  20] = { /* code 00A0 */
  0x00,  0x00,  0x00,  0x00,  0x00,  0x00,  0x00,  0x00,
  0x00,  0x00,  0x00,  0x00,  0x00,  0x00,  0x00,  0x00,
  0x00,  0x00,  0x00,  0x00
};

const UCHAR abc_fontArial26h_00B2[  26] = { /* code 00B2 */
  0x00,  0x00,  0x00,  0x00,  0x00,  0x00,  0x00,  0x00,
  0x00,  0x00,  0x00,  0x00,  0x00,  0x00,  0x00,  0x7C,
  0xC6,  0x06,  0x0E,  0x1C,  0x30,  0x60,  0xFE,  0x00,
  0x00,  0x00
};

const UCHAR abc_fontArial26h_00BF[  46] = { /* code 00BF */
  0x00,  0x00,  0x00,  0x00,  0x00,  0x00,  0x00,  0x00,
  0x00,  0x00,  0x00,  0x00,  0x00,  0x00,  0x03,  0x00,
  0x0C,  0x00,  0x00,  0x00,  0x00,  0x03,  0x00,  0x0C,
  0x00,  0x30,  0x01,  0xC0,  0x0E,  0x00,  0x30,  0x01,
  0x80,  0x0E,  0x00,  0x30,  0x00,  0xC0,  0xC3,  0x03,
  0x06,  0x18,  0x1F,  0xE0,  0x1E,  0x00
};

const UCHAR abc_fontArial26h_00C0[  49] = { /* code 00C0 */
  0x07,  0x00,  0x06,  0x00,  0x06,  0x00,  0x00,  0x00,
  0x38,  0x00,  0x70,  0x01,  0xB0,  0x03,  0x60,  0x0E,
  0xE0,  0x18,  0xC0,  0x31,  0x80,  0xC1,  0x81,  0x83,
  0x03,  0x06,  0x0F,  0xFE,  0x1F,  0xFC,  0x70,  0x1C,
  0xC0,  0x19,  0x80,  0x36,  0x00,  0x3C,  0x00,  0x60,
  0x00,  0x00,  0x00,  0x00,  0x00,  0x00,  0x00,  0x00,
  0x00
};

const UCHAR abc_fontArial26h_00C1[  49] = { /* code 00C1 */
  0x01,  0xC0,  0x03,  0x00,  0x0C,  0x00,  0x00,  0x00,
  0x38,  0x00,  0x70,  0x01,  0xB0,  0x03,  0x60,  0x0E,
  0xE0,  0x18,  0xC0,  0x31,  0x80,  0xC1,  0x81,  0x83,
  0x03,  0x06,  0x0F,  0xFE,  0x1F,  0xFC,  0x70,  0x1C,
  0xC0,  0x19,  0x80,  0x36,  0x00,  0x3C,  0x00,  0x60,
  0x00,  0x00,  0x00,  0x00,  0x00,  0x00,  0x00,  0x00,
  0x00
};

const UCHAR abc_fontArial26h_00C2[  49] = { /* code 00C2 */
  0x01,  0x80,  0x07,  0x80,  0x19,  0x80,  0x00,  0x00,
  0x38,  0x00,  0x70,  0x01,  0xB0,  0x03,  0x60,  0x0E,
  0xE0,  0x18,  0xC0,  0x31,  0x80,  0xC1,  0x81,  0x83,
  0x03,  0x06,  0x0F,  0xFE,  0x1F,  0xFC,  0x70,  0x1C,
  0xC0,  0x19,  0x80,  0x36,  0x00,  0x3C,  0x00,  0x60,
  0x00,  0x00,  0x00,  0x00,  0x00,  0x00,  0x00,  0x00,
  0x00
};

const UCHAR abc_fontArial26h_00C3[  49] = { /* code 00C3 */
  0x07,  0x60,  0x1F,  0xC0,  0x37,  0x00,  0x00,  0x00,
  0x38,  0x00,  0x70,  0x01,  0xB0,  0x03,  0x60,  0x0E,
  0xE0,  0x18,  0xC0,  0x31,  0x80,  0xC1,  0x81,  0x83,
  0x03,  0x06,  0x0F,  0xFE,  0x1F,  0xFC,  0x70,  0x1C,
  0xC0,  0x19,  0x80,  0x36,  0x00,  0x3C,  0x00,  0x60,
  0x00,  0x00,  0x00,  0x00,  0x00,  0x00,  0x00,  0x00,
  0x00
};

const UCHAR abc_fontArial26h_00C4[  49] = { /* code 00C4 */
  0x00,  0x00,  0x0C,  0xC0,  0x19,  0x80,  0x00,  0x00,
  0x38,  0x00,  0x70,  0x01,  0xB0,  0x03,  0x60,  0x0E,
  0xE0,  0x18,  0xC0,  0x31,  0x80,  0xC1,  0x81,  0x83,
  0x03,  0x06,  0x0F,  0xFE,  0x1F,  0xFC,  0x70,  0x1C,
  0xC0,  0x19,  0x80,  0x36,  0x00,  0x3C,  0x00,  0x60,
  0x00,  0x00,  0x00,  0x00,  0x00,  0x00,  0x00,  0x00,
  0x00
};

const UCHAR abc_fontArial26h_00C5[  49] = { /* code 00C5 */
  0x03,  0x80,  0x08,  0x80,  0x11,  0x00,  0x22,  0x00,
  0x38,  0x00,  0x70,  0x01,  0xB0,  0x03,  0x60,  0x0E,
  0xE0,  0x18,  0xC0,  0x31,  0x80,  0xC1,  0x81,  0x83,
  0x03,  0x06,  0x0F,  0xFE,  0x1F,  0xFC,  0x70,  0x1C,
  0xC0,  0x19,  0x80,  0x36,  0x00,  0x3C,  0x00,  0x60,
  0x00,  0x00,  0x00,  0x00,  0x00,  0x00,  0x00,  0x00,
  0x00
};

const UCHAR abc_fontArial26h_00C6[  75] = { /* code 00C6 */
  0x00,  0x00,  0x00,  0x00,  0x00,  0x00,  0x00,  0x00,
  0x00,  0x00,  0x00,  0x00,  0x07,  0xFF,  0xE0,  0x1F,
  0xFF,  0xC0,  0x33,  0x00,  0x00,  0xC6,  0x00,  0x01,
  0x8C,  0x00,  0x06,  0x18,  0x00,  0x0C,  0x30,  0x00,
  0x30,  0x7F,  0xE0,  0x60,  0xFF,  0xC1,  0x81,  0x80,
  0x03,  0xFF,  0x00,  0x0F,  0xFE,  0x00,  0x18,  0x0C,
  0x00,  0x60,  0x18,  0x00,  0xC0,  0x30,  0x03,  0x00,
  0x7F,  0xF6,  0x00,  0xFF,  0xE0,  0x00,  0x00,  0x00,
  0x00,  0x00,  0x00,  0x00,  0x00,  0x00,  0x00,  0x00,
  0x00,  0x00,  0x00
};

const UCHAR abc_fontArial26h_00C7[  56] = { /* code 00C7 */
  0x00,  0x00,  0x00,  0x00,  0x00,  0x00,  0x00,  0x00,
  0x00,  0x3F,  0x00,  0x7F,  0xE0,  0x70,  0x38,  0x70,
  0x0C,  0x30,  0x03,  0x30,  0x00,  0x18,  0x00,  0x0C,
  0x00,  0x06,  0x00,  0x03,  0x00,  0x01,  0x80,  0x00,
  0xC0,  0x06,  0x30,  0x03,  0x1C,  0x03,  0x07,  0x03,
  0x81,  0xFF,  0x80,  0x3F,  0x00,  0x04,  0x00,  0x03,
  0x00,  0x00,  0xC0,  0x03,  0xC0,  0x00,  0x00,  0x00
};

const UCHAR abc_fontArial26h_00C8[  49] = { /* code 00C8 */
  0x07,  0x00,  0x06,  0x00,  0x06,  0x00,  0x00,  0x03,
  0xFF,  0xC7,  0xFF,  0x8C,  0x00,  0x18,  0x00,  0x30,
  0x00,  0x60,  0x00,  0xC0,  0x01,  0xFF,  0xC3,  0xFF,
  0x86,  0x00,  0x0C,  0x00,  0x18,  0x00,  0x30,  0x00,
  0x60,  0x00,  0xC0,  0x01,  0xFF,  0xE3,  0xFF,  0xC0,
  0x00,  0x00,  0x00,  0x00,  0x00,  0x00,  0x00,  0x00,
  0x00
};

const UCHAR abc_fontArial26h_00C9[  49] = { /* code 00C9 */
  0x00,  0xE0,  0x01,  0x80,  0x06,  0x00,  0x00,  0x03,
  0xFF,  0xC7,  0xFF,  0x8C,  0x00,  0x18,  0x00,  0x30,
  0x00,  0x60,  0x00,  0xC0,  0x01,  0xFF,  0xC3,  0xFF,
  0x86,  0x00,  0x0C,  0x00,  0x18,  0x00,  0x30,  0x00,
  0x60,  0x00,  0xC0,  0x01,  0xFF,  0xE3,  0xFF,  0xC0,
  0x00,  0x00,  0x00,  0x00,  0x00,  0x00,  0x00,  0x00,
  0x00
};

const UCHAR abc_fontArial26h_00CA[  49] = { /* code 00CA */
  0x01,  0x80,  0x07,  0x80,  0x19,  0x80,  0x00,  0x03,
  0xFF,  0xC7,  0xFF,  0x8C,  0x00,  0x18,  0x00,  0x30,
  0x00,  0x60,  0x00,  0xC0,  0x01,  0xFF,  0xC3,  0xFF,
  0x86,  0x00,  0x0C,  0x00,  0x18,  0x00,  0x30,  0x00,
  0x60,  0x00,  0xC0,  0x01,  0xFF,  0xE3,  0xFF,  0xC0,
  0x00,  0x00,  0x00,  0x00,  0x00,  0x00,  0x00,  0x00,
  0x00
};

const UCHAR abc_fontArial26h_00CB[  49] = { /* code 00CB */
  0x00,  0x00,  0x0C,  0xC0,  0x19,  0x80,  0x00,  0x03,
  0xFF,  0xC7,  0xFF,  0x8C,  0x00,  0x18,  0x00,  0x30,
  0x00,  0x60,  0x00,  0xC0,  0x01,  0xFF,  0xC3,  0xFF,
  0x86,  0x00,  0x0C,  0x00,  0x18,  0x00,  0x30,  0x00,
  0x60,  0x00,  0xC0,  0x01,  0xFF,  0xE3,  0xFF,  0xC0,
  0x00,  0x00,  0x00,  0x00,  0x00,  0x00,  0x00,  0x00,
  0x00
};

const UCHAR abc_fontArial26h_00CC[  20] = { /* code 00CC */
  0x70,  0xC1,  0x80,  0x30,  0xC3,  0x0C,  0x30,  0xC3,
  0x0C,  0x30,  0xC3,  0x0C,  0x30,  0xC3,  0x0C,  0x30,
  0x00,  0x00,  0x00,  0x00
};

const UCHAR abc_fontArial26h_00CD[  20] = { /* code 00CD */
  0x38,  0xC6,  0x00,  0x30,  0xC3,  0x0C,  0x30,  0xC3,
  0x0C,  0x30,  0xC3,  0x0C,  0x30,  0xC3,  0x0C,  0x30,
  0x00,  0x00,  0x00,  0x00
};

const UCHAR abc_fontArial26h_00CE[  26] = { /* code 00CE */
  0x18,  0x3C,  0x66,  0x00,  0x18,  0x18,  0x18,  0x18,
  0x18,  0x18,  0x18,  0x18,  0x18,  0x18,  0x18,  0x18,
  0x18,  0x18,  0x18,  0x18,  0x18,  0x00,  0x00,  0x00,
  0x00,  0x00
};

const UCHAR abc_fontArial26h_00CF[  20] = { /* code 00CF */
  0x03,  0x3C,  0xC0,  0x30,  0xC3,  0x0C,  0x30,  0xC3,
  0x0C,  0x30,  0xC3,  0x0C,  0x30,  0xC3,  0x0C,  0x30,
  0x00,  0x00,  0x00,  0x00
};

const UCHAR abc_fontArial26h_00D1[  56] = { /* code 00D1 */
  0x03,  0xB0,  0x03,  0xF8,  0x01,  0xB8,  0x00,  0x00,
  0x03,  0x00,  0x61,  0xC0,  0x30,  0xF0,  0x18,  0x78,
  0x0C,  0x36,  0x06,  0x19,  0x83,  0x0C,  0xC1,  0x86,
  0x30,  0xC3,  0x1C,  0x61,  0x86,  0x30,  0xC1,  0x98,
  0x60,  0xCC,  0x30,  0x36,  0x18,  0x0F,  0x0C,  0x07,
  0x86,  0x01,  0xC3,  0x00,  0x60,  0x00,  0x00,  0x00,
  0x00,  0x00,  0x00,  0x00,  0x00,  0x00,  0x00,  0x00
};

const UCHAR abc_fontArial26h_00D2[  59] = { /* code 00D2 */
  0x01,  0xC0,  0x00,  0x30,  0x00,  0x06,  0x00,  0x00,
  0x00,  0x03,  0xF0,  0x03,  0xFF,  0x01,  0xC0,  0xE0,
  0xE0,  0x1C,  0x30,  0x03,  0x18,  0x00,  0xE6,  0x00,
  0x19,  0x80,  0x06,  0x60,  0x01,  0x98,  0x00,  0x66,
  0x00,  0x19,  0x80,  0x0E,  0x30,  0x03,  0x0E,  0x01,
  0xC1,  0xC0,  0xE0,  0x3F,  0xF0,  0x03,  0xF0,  0x00,
  0x00,  0x00,  0x00,  0x00,  0x00,  0x00,  0x00,  0x00,
  0x00,  0x00,  0x00
};

const UCHAR abc_fontArial26h_00D3[  59] = { /* code 00D3 */
  0x00,  0xE0,  0x00,  0x30,  0x00,  0x18,  0x00,  0x00,
  0x00,  0x03,  0xF0,  0x03,  0xFF,  0x01,  0xC0,  0xE0,
  0xE0,  0x1C,  0x30,  0x03,  0x18,  0x00,  0xE6,  0x00,
  0x19,  0x80,  0x06,  0x60,  0x01,  0x98,  0x00,  0x66,
  0x00,  0x19,  0x80,  0x0E,  0x30,  0x03,  0x0E,  0x01,
  0xC1,  0xC0,  0xE0,  0x3F,  0xF0,  0x03,  0xF0,  0x00,
  0x00,  0x00,  0x00,  0x00,  0x00,  0x00,  0x00,  0x00,
  0x00,  0x00,  0x00
};

const UCHAR abc_fontArial26h_00D4[  59] = { /* code 00D4 */
  0x00,  0xC0,  0x00,  0x78,  0x00,  0x33,  0x00,  0x00,
  0x00,  0x03,  0xF0,  0x03,  0xFF,  0x01,  0xC0,  0xE0,
  0xE0,  0x1C,  0x30,  0x03,  0x18,  0x00,  0xE6,  0x00,
  0x19,  0x80,  0x06,  0x60,  0x01,  0x98,  0x00,  0x66,
  0x00,  0x19,  0x80,  0x0E,  0x30,  0x03,  0x0E,  0x01,
  0xC1,  0xC0,  0xE0,  0x3F,  0xF0,  0x03,  0xF0,  0x00,
  0x00,  0x00,  0x00,  0x00,  0x00,  0x00,  0x00,  0x00,
  0x00,  0x00,  0x00
};

const UCHAR abc_fontArial26h_00D5[  59] = { /* code 00D5 */
  0x01,  0xD8,  0x00,  0xFE,  0x00,  0x37,  0x00,  0x00,
  0x00,  0x03,  0xF0,  0x03,  0xFF,  0x01,  0xC0,  0xE0,
  0xE0,  0x1C,  0x30,  0x03,  0x18,  0x00,  0xE6,  0x00,
  0x19,  0x80,  0x06,  0x60,  0x01,  0x98,  0x00,  0x66,
  0x00,  0x19,  0x80,  0x0E,  0x30,  0x03,  0x0E,  0x01,
  0xC1,  0xC0,  0xE0,  0x3F,  0xF0,  0x03,  0xF0,  0x00,
  0x00,  0x00,  0x00,  0x00,  0x00,  0x00,  0x00,  0x00,
  0x00,  0x00,  0x00
};

const UCHAR abc_fontArial26h_00D6[  59] = { /* code 00D6 */
  0x00,  0x00,  0x00,  0xCC,  0x00,  0x33,  0x00,  0x00,
  0x00,  0x03,  0xF0,  0x03,  0xFF,  0x01,  0xC0,  0xE0,
  0xE0,  0x1C,  0x30,  0x03,  0x18,  0x00,  0xE6,  0x00,
  0x19,  0x80,  0x06,  0x60,  0x01,  0x98,  0x00,  0x66,
  0x00,  0x19,  0x80,  0x0E,  0x30,  0x03,  0x0E,  0x01,
  0xC1,  0xC0,  0xE0,  0x3F,  0xF0,  0x03,  0xF0,  0x00,
  0x00,  0x00,  0x00,  0x00,  0x00,  0x00,  0x00,  0x00,
  0x00,  0x00,  0x00
};

const UCHAR abc_fontArial26h_00D9[  56] = { /* code 00D9 */
  0x03,  0x80,  0x00,  0xC0,  0x00,  0x30,  0x00,  0x00,
  0x03,  0x00,  0x61,  0x80,  0x30,  0xC0,  0x18,  0x60,
  0x0C,  0x30,  0x06,  0x18,  0x03,  0x0C,  0x01,  0x86,
  0x00,  0xC3,  0x00,  0x61,  0x80,  0x30,  0xC0,  0x18,
  0x60,  0x0C,  0x30,  0x06,  0x0C,  0x06,  0x07,  0x07,
  0x01,  0xFF,  0x00,  0x7F,  0x00,  0x00,  0x00,  0x00,
  0x00,  0x00,  0x00,  0x00,  0x00,  0x00,  0x00,  0x00
};

const UCHAR abc_fontArial26h_00DA[  56] = { /* code 00DA */
  0x00,  0xE0,  0x00,  0x60,  0x00,  0x60,  0x00,  0x00,
  0x03,  0x00,  0x61,  0x80,  0x30,  0xC0,  0x18,  0x60,
  0x0C,  0x30,  0x06,  0x18,  0x03,  0x0C,  0x01,  0x86,
  0x00,  0xC3,  0x00,  0x61,  0x80,  0x30,  0xC0,  0x18,
  0x60,  0x0C,  0x30,  0x06,  0x0C,  0x06,  0x07,  0x07,
  0x01,  0xFF,  0x00,  0x7F,  0x00,  0x00,  0x00,  0x00,
  0x00,  0x00,  0x00,  0x00,  0x00,  0x00,  0x00,  0x00
};

const UCHAR abc_fontArial26h_00DB[  56] = { /* code 00DB */
  0x00,  0xC0,  0x00,  0xF0,  0x00,  0xCC,  0x00,  0x00,
  0x03,  0x00,  0x61,  0x80,  0x30,  0xC0,  0x18,  0x60,
  0x0C,  0x30,  0x06,  0x18,  0x03,  0x0C,  0x01,  0x86,
  0x00,  0xC3,  0x00,  0x61,  0x80,  0x30,  0xC0,  0x18,
  0x60,  0x0C,  0x30,  0x06,  0x0C,  0x06,  0x07,  0x07,
  0x01,  0xFF,  0x00,  0x7F,  0x00,  0x00,  0x00,  0x00,
  0x00,  0x00,  0x00,  0x00,  0x00,  0x00,  0x00,  0x00
};

const UCHAR abc_fontArial26h_00DC[  56] = { /* code 00DC */
  0x00,  0x00,  0x01,  0x98,  0x00,  0xCC,  0x00,  0x00,
  0x03,  0x00,  0x61,  0x80,  0x30,  0xC0,  0x18,  0x60,
  0x0C,  0x30,  0x06,  0x18,  0x03,  0x0C,  0x01,  0x86,
  0x00,  0xC3,  0x00,  0x61,  0x80,  0x30,  0xC0,  0x18,
  0x60,  0x0C,  0x30,  0x06,  0x0C,  0x06,  0x07,  0x07,
  0x01,  0xFF,  0x00,  0x7F,  0x00,  0x00,  0x00,  0x00,
  0x00,  0x00,  0x00,  0x00,  0x00,  0x00,  0x00,  0x00
};

const UCHAR abc_fontArial26h_00E0[  43] = { /* code 00E0 */
  0x00,  0x00,  0x00,  0x00,  0x00,  0x00,  0x00,  0xE0,
  0x03,  0x00,  0x0C,  0x00,  0x00,  0x0F,  0x81,  0xFE,
  0x1C,  0x38,  0xC0,  0xC0,  0x1E,  0x0F,  0xF0,  0xF9,
  0x8E,  0x0C,  0x60,  0x63,  0x07,  0x1C,  0x78,  0x7F,
  0xC1,  0xE3,  0x00,  0x00,  0x00,  0x00,  0x00,  0x00,
  0x00,  0x00,  0x00
};

const UCHAR abc_fontArial26h_00E1[  43] = { /* code 00E1 */
  0x00,  0x00,  0x00,  0x00,  0x00,  0x00,  0x00,  0x38,
  0x01,  0x80,  0x18,  0x00,  0x00,  0x0F,  0x81,  0xFE,
  0x1C,  0x38,  0xC0,  0xC0,  0x1E,  0x0F,  0xF0,  0xF9,
  0x8E,  0x0C,  0x60,  0x63,  0x07,  0x1C,  0x78,  0x7F,
  0xC1,  0xE3,  0x00,  0x00,  0x00,  0x00,  0x00,  0x00,
  0x00,  0x00,  0x00
};

const UCHAR abc_fontArial26h_00E2[  43] = { /* code 00E2 */
  0x00,  0x00,  0x00,  0x00,  0x00,  0x00,  0x00,  0x60,
  0x07,  0x80,  0x66,  0x00,  0x00,  0x0F,  0x81,  0xFE,
  0x1C,  0x38,  0xC0,  0xC0,  0x1E,  0x0F,  0xF0,  0xF9,
  0x8E,  0x0C,  0x60,  0x63,  0x07,  0x1C,  0x78,  0x7F,
  0xC1,  0xE3,  0x00,  0x00,  0x00,  0x00,  0x00,  0x00,
  0x00,  0x00,  0x00
};

const UCHAR abc_fontArial26h_00E3[  43] = { /* code 00E3 */
  0x00,  0x00,  0x00,  0x00,  0x00,  0x00,  0x00,  0xEC,
  0x0F,  0xE0,  0x6E,  0x00,  0x00,  0x0F,  0x81,  0xFE,
  0x1C,  0x38,  0xC0,  0xC0,  0x1E,  0x0F,  0xF0,  0xF9,
  0x8E,  0x0C,  0x60,  0x63,  0x07,  0x1C,  0x78,  0x7F,
  0xC1,  0xE3,  0x00,  0x00,  0x00,  0x00,  0x00,  0x00,
  0x00,  0x00,  0x00
};

const UCHAR abc_fontArial26h_00E4[  43] = { /* code 00E4 */
  0x00,  0x00,  0x00,  0x00,  0x00,  0x00,  0x00,  0x00,
  0x0C,  0xC0,  0x66,  0x00,  0x00,  0x0F,  0x81,  0xFE,
  0x1C,  0x38,  0xC0,  0xC0,  0x1E,  0x0F,  0xF0,  0xF9,
  0x8E,  0x0C,  0x60,  0x63,  0x07,  0x1C,  0x78,  0x7F,
  0xC1,  0xE3,  0x00,  0x00,  0x00,  0x00,  0x00,  0x00,
  0x00,  0x00,  0x00
};

const UCHAR abc_fontArial26h_00E5[  43] = { /* code 00E5 */
  0x00,  0x00,  0x00,  0x01,  0xC0,  0x11,  0x00,  0x88,
  0x04,  0x40,  0x1C,  0x00,  0x00,  0x0F,  0x81,  0xFE,
  0x1C,  0x38,  0xC0,  0xC0,  0x1E,  0x0F,  0xF0,  0xF9,
  0x8E,  0x0C,  0x60,  0x63,  0x07,  0x1C,  0x78,  0x7F,
  0xC1,  0xE3,  0x00,  0x00,  0x00,  0x00,  0x00,  0x00,
  0x00,  0x00,  0x00
};

const UCHAR abc_fontArial26h_00E6[  65] = { /* code 00E6 */
  0x00,  0x00,  0x00,  0x00,  0x00,  0x00,  0x00,  0x00,
  0x00,  0x00,  0x00,  0x00,  0x00,  0x00,  0x00,  0x00,
  0x00,  0x00,  0x00,  0x00,  0x0F,  0x8F,  0x83,  0xFF,
  0xFC,  0x30,  0x70,  0x66,  0x06,  0x03,  0x01,  0xE0,
  0x31,  0xFF,  0xFF,  0x3E,  0x7F,  0xF7,  0x06,  0x00,
  0x60,  0x60,  0x06,  0x0F,  0x03,  0x71,  0xF8,  0x63,
  0xF9,  0xFE,  0x1F,  0x0F,  0x80,  0x00,  0x00,  0x00,
  0x00,  0x00,  0x00,  0x00,  0x00,  0x00,  0x00,  0x00,
  0x00
};

const UCHAR abc_fontArial26h_00E7[  39] = { /* code 00E7 */
  0x00,  0x00,  0x00,  0x00,  0x00,  0x00,  0x00,  0x00,
  0x00,  0x00,  0x00,  0x00,  0x0F,  0x81,  0xFC,  0x38,
  0xE7,  0x06,  0x60,  0x06,  0x00,  0x60,  0x06,  0x00,
  0x60,  0x07,  0x06,  0x30,  0xE1,  0xFC,  0x0F,  0x80,
  0x20,  0x03,  0x00,  0x18,  0x0F,  0x00,  0x00
};

const UCHAR abc_fontArial26h_00E8[  43] = { /* code 00E8 */
  0x00,  0x00,  0x00,  0x00,  0x00,  0x00,  0x00,  0xE0,
  0x03,  0x00,  0x0C,  0x00,  0x00,  0x0F,  0x80,  0xFE,
  0x0E,  0x18,  0xC0,  0x66,  0x03,  0x3F,  0xF9,  0xFF,
  0xCC,  0x00,  0x60,  0x03,  0x81,  0x8E,  0x18,  0x3F,
  0xC0,  0xF8,  0x00,  0x00,  0x00,  0x00,  0x00,  0x00,
  0x00,  0x00,  0x00
};

const UCHAR abc_fontArial26h_00E9[  43] = { /* code 00E9 */
  0x00,  0x00,  0x00,  0x00,  0x00,  0x00,  0x00,  0x38,
  0x01,  0x80,  0x18,  0x00,  0x00,  0x0F,  0x80,  0xFE,
  0x0E,  0x18,  0xC0,  0x66,  0x03,  0x3F,  0xF9,  0xFF,
  0xCC,  0x00,  0x60,  0x03,  0x81,  0x8E,  0x18,  0x3F,
  0xC0,  0xF8,  0x00,  0x00,  0x00,  0x00,  0x00,  0x00,
  0x00,  0x00,  0x00
};

const UCHAR abc_fontArial26h_00EA[  43] = { /* code 00EA */
  0x00,  0x00,  0x00,  0x00,  0x00,  0x00,  0x00,  0x30,
  0x03,  0xC0,  0x33,  0x00,  0x00,  0x0F,  0x80,  0xFE,
  0x0E,  0x18,  0xC0,  0x66,  0x03,  0x3F,  0xF9,  0xFF,
  0xCC,  0x00,  0x60,  0x03,  0x81,  0x8E,  0x18,  0x3F,
  0xC0,  0xF8,  0x00,  0x00,  0x00,  0x00,  0x00,  0x00,
  0x00,  0x00,  0x00
};

const UCHAR abc_fontArial26h_00EB[  43] = { /* code 00EB */
  0x00,  0x00,  0x00,  0x00,  0x00,  0x00,  0x00,  0x00,
  0x06,  0x60,  0x33,  0x00,  0x00,  0x0F,  0x80,  0xFE,
  0x0E,  0x18,  0xC0,  0x66,  0x03,  0x3F,  0xF9,  0xFF,
  0xCC,  0x00,  0x60,  0x03,  0x81,  0x8E,  0x18,  0x3F,
  0xC0,  0xF8,  0x00,  0x00,  0x00,  0x00,  0x00,  0x00,
  0x00,  0x00,  0x00
};

const UCHAR abc_fontArial26h_00EC[  20] = { /* code 00EC */
  0x00,  0x00,  0x00,  0x70,  0xC1,  0x80,  0x30,  0xC3,
  0x0C,  0x30,  0xC3,  0x0C,  0x30,  0xC3,  0x0C,  0x30,
  0x00,  0x00,  0x00,  0x00
};

const UCHAR abc_fontArial26h_00ED[  20] = { /* code 00ED */
  0x00,  0x00,  0x00,  0x38,  0xC6,  0x00,  0x30,  0xC3,
  0x0C,  0x30,  0xC3,  0x0C,  0x30,  0xC3,  0x0C,  0x30,
  0x00,  0x00,  0x00,  0x00
};

const UCHAR abc_fontArial26h_00EE[  26] = { /* code 00EE */
  0x00,  0x00,  0x00,  0x00,  0x18,  0x3C,  0x66,  0x00,
  0x18,  0x18,  0x18,  0x18,  0x18,  0x18,  0x18,  0x18,
  0x18,  0x18,  0x18,  0x18,  0x18,  0x00,  0x00,  0x00,
  0x00,  0x00
};

const UCHAR abc_fontArial26h_00EF[  20] = { /* code 00EF */
  0x00,  0x00,  0x00,  0x03,  0x3C,  0xC0,  0x30,  0xC3,
  0x0C,  0x30,  0xC3,  0x0C,  0x30,  0xC3,  0x0C,  0x30,
  0x00,  0x00,  0x00,  0x00
};

const UCHAR abc_fontArial26h_00F1[  43] = { /* code 00F1 */
  0x00,  0x00,  0x00,  0x00,  0x00,  0x00,  0x00,  0xEC,
  0x0F,  0xE0,  0x6E,  0x00,  0x00,  0x67,  0x83,  0x7E,
  0x1E,  0x38,  0xE0,  0xC6,  0x06,  0x30,  0x31,  0x81,
  0x8C,  0x0C,  0x60,  0x63,  0x03,  0x18,  0x18,  0xC0,
  0xC6,  0x06,  0x00,  0x00,  0x00,  0x00,  0x00,  0x00,
  0x00,  0x00,  0x00
};

const UCHAR abc_fontArial26h_00F2[  43] = { /* code 00F2 */
  0x00,  0x00,  0x00,  0x00,  0x00,  0x00,  0x00,  0xE0,
  0x03,  0x00,  0x0C,  0x00,  0x00,  0x0F,  0x80,  0xFE,
  0x0E,  0x38,  0xE0,  0xE6,  0x03,  0x30,  0x19,  0x80,
  0xCC,  0x06,  0x60,  0x33,  0x83,  0x8E,  0x38,  0x3F,
  0x80,  0xF8,  0x00,  0x00,  0x00,  0x00,  0x00,  0x00,
  0x00,  0x00,  0x00
};

const UCHAR abc_fontArial26h_00F3[  43] = { /* code 00F3 */
  0x00,  0x00,  0x00,  0x00,  0x00,  0x00,  0x00,  0x38,
  0x01,  0x80,  0x18,  0x00,  0x00,  0x0F,  0x80,  0xFE,
  0x0E,  0x38,  0xE0,  0xE6,  0x03,  0x30,  0x19,  0x80,
  0xCC,  0x06,  0x60,  0x33,  0x83,  0x8E,  0x38,  0x3F,
  0x80,  0xF8,  0x00,  0x00,  0x00,  0x00,  0x00,  0x00,
  0x00,  0x00,  0x00
};

const UCHAR abc_fontArial26h_00F4[  43] = { /* code 00F4 */
  0x00,  0x00,  0x00,  0x00,  0x00,  0x00,  0x00,  0x30,
  0x03,  0xC0,  0x33,  0x00,  0x00,  0x0F,  0x80,  0xFE,
  0x0E,  0x38,  0xE0,  0xE6,  0x03,  0x30,  0x19,  0x80,
  0xCC,  0x06,  0x60,  0x33,  0x83,  0x8E,  0x38,  0x3F,
  0x80,  0xF8,  0x00,  0x00,  0x00,  0x00,  0x00,  0x00,
  0x00,  0x00,  0x00
};

const UCHAR abc_fontArial26h_00F5[  43] = { /* code 00F5 */
  0x00,  0x00,  0x00,  0x00,  0x00,  0x00,  0x00,  0xEC,
  0x0F,  0xE0,  0x6E,  0x00,  0x00,  0x0F,  0x80,  0xFE,
  0x0E,  0x38,  0xE0,  0xE6,  0x03,  0x30,  0x19,  0x80,
  0xCC,  0x06,  0x60,  0x33,  0x83,  0x8E,  0x38,  0x3F,
  0x80,  0xF8,  0x00,  0x00,  0x00,  0x00,  0x00,  0x00,
  0x00,  0x00,  0x00
};

const UCHAR abc_fontArial26h_00F6[  43] = { /* code 00F6 */
  0x00,  0x00,  0x00,  0x00,  0x00,  0x00,  0x00,  0x00,
  0x06,  0x60,  0x33,  0x00,  0x00,  0x0F,  0x80,  0xFE,
  0x0E,  0x38,  0xE0,  0xE6,  0x03,  0x30,  0x19,  0x80,
  0xCC,  0x06,  0x60,  0x33,  0x83,  0x8E,  0x38,  0x3F,
  0x80,  0xF8,  0x00,  0x00,  0x00,  0x00,  0x00,  0x00,
  0x00,  0x00,  0x00
};

const UCHAR abc_fontArial26h_00F9[  43] = { /* code 00F9 */
  0x00,  0x00,  0x00,  0x00,  0x00,  0x00,  0x01,  0xC0,
  0x06,  0x00,  0x18,  0x00,  0x00,  0x60,  0x63,  0x03,
  0x18,  0x18,  0xC0,  0xC6,  0x06,  0x30,  0x31,  0x81,
  0x8C,  0x0C,  0x60,  0x63,  0x07,  0x1C,  0x78,  0x7E,
  0xC1,  0xE6,  0x00,  0x00,  0x00,  0x00,  0x00,  0x00,
  0x00,  0x00,  0x00
};

const UCHAR abc_fontArial26h_00FA[  43] = { /* code 00FA */
  0x00,  0x00,  0x00,  0x00,  0x00,  0x00,  0x00,  0x38,
  0x01,  0x80,  0x18,  0x00,  0x00,  0x60,  0x63,  0x03,
  0x18,  0x18,  0xC0,  0xC6,  0x06,  0x30,  0x31,  0x81,
  0x8C,  0x0C,  0x60,  0x63,  0x07,  0x1C,  0x78,  0x7E,
  0xC1,  0xE6,  0x00,  0x00,  0x00,  0x00,  0x00,  0x00,
  0x00,  0x00,  0x00
};

const UCHAR abc_fontArial26h_00FB[  43] = { /* code 00FB */
  0x00,  0x00,  0x00,  0x00,  0x00,  0x00,  0x00,  0x60,
  0x07,  0x80,  0x66,  0x00,  0x00,  0x60,  0x63,  0x03,
  0x18,  0x18,  0xC0,  0xC6,  0x06,  0x30,  0x31,  0x81,
  0x8C,  0x0C,  0x60,  0x63,  0x07,  0x1C,  0x78,  0x7E,
  0xC1,  0xE6,  0x00,  0x00,  0x00,  0x00,  0x00,  0x00,
  0x00,  0x00,  0x00
};

const UCHAR abc_fontArial26h_00FC[  43] = { /* code 00FC */
  0x00,  0x00,  0x00,  0x00,  0x00,  0x00,  0x00,  0x00,
  0x0C,  0xC0,  0x66,  0x00,  0x00,  0x60,  0x63,  0x03,
  0x18,  0x18,  0xC0,  0xC6,  0x06,  0x30,  0x31,  0x81,
  0x8C,  0x0C,  0x60,  0x63,  0x07,  0x1C,  0x78,  0x7E,
  0xC1,  0xE6,  0x00,  0x00,  0x00,  0x00,  0x00,  0x00,
  0x00,  0x00,  0x00
};

const UCHAR abc_fontArial26h_0101[  43] = { /* code 0101 */
  0x00,  0x00,  0x00,  0x00,  0x00,  0x00,  0x01,  0xFC,
  0x0F,  0xE0,  0x00,  0x00,  0x00,  0x0F,  0x81,  0xFE,
  0x1C,  0x38,  0xC0,  0xC0,  0x1E,  0x0F,  0xF0,  0xF9,
  0x8E,  0x0C,  0x60,  0x63,  0x07,  0x1C,  0x78,  0x7F,
  0xC1,  0xE3,  0x00,  0x00,  0x00,  0x00,  0x00,  0x00,
  0x00,  0x00,  0x00
};

const UCHAR abc_fontArial26h_0103[  43] = { /* code 0103 */
  0x00,  0x00,  0x00,  0x00,  0x00,  0x00,  0x01,  0x04,
  0x0C,  0x60,  0x3E,  0x00,  0x00,  0x0F,  0x81,  0xFE,
  0x1C,  0x38,  0xC0,  0xC0,  0x1E,  0x0F,  0xF0,  0xF9,
  0x8E,  0x0C,  0x60,  0x63,  0x07,  0x1C,  0x78,  0x7F,
  0xC1,  0xE3,  0x00,  0x00,  0x00,  0x00,  0x00,  0x00,
  0x00,  0x00,  0x00
};

const UCHAR abc_fontArial26h_0107[  39] = { /* code 0107 */
  0x00,  0x00,  0x00,  0x00,  0x00,  0x00,  0x03,  0x80,
  0x30,  0x06,  0x00,  0x00,  0x0F,  0x81,  0xFC,  0x38,
  0xE7,  0x06,  0x60,  0x06,  0x00,  0x60,  0x06,  0x00,
  0x60,  0x07,  0x06,  0x30,  0xE1,  0xFC,  0x0F,  0x80,
  0x00,  0x00,  0x00,  0x00,  0x00,  0x00,  0x00
};

const UCHAR abc_fontArial26h_0111[  43] = { /* code 0111 */
  0x00,  0x00,  0x00,  0x00,  0x00,  0x00,  0x00,  0x06,
  0x03,  0xFC,  0x1F,  0xE0,  0x0C,  0x0F,  0x60,  0xFF,
  0x0C,  0x78,  0xE1,  0xC6,  0x06,  0x30,  0x31,  0x81,
  0x8C,  0x0C,  0x60,  0x63,  0x87,  0x0E,  0x38,  0x3F,
  0xC0,  0xF6,  0x00,  0x00,  0x00,  0x00,  0x00,  0x00,
  0x00,  0x00,  0x00
};

const UCHAR abc_fontArial26h_0119[  43] = { /* code 0119 */
  0x00,  0x00,  0x00,  0x00,  0x00,  0x00,  0x00,  0x00,
  0x00,  0x00,  0x00,  0x00,  0x00,  0x0F,  0x80,  0xFE,
  0x0E,  0x18,  0xC0,  0x66,  0x03,  0x3F,  0xF9,  0xFF,
  0xCC,  0x00,  0x60,  0x03,  0x81,  0x8E,  0x18,  0x3F,
  0xC0,  0xF8,  0x00,  0x80,  0x08,  0x00,  0x40,  0x02,
  0x00,  0x0C,  0x00
};

const UCHAR abc_fontArial26h_0123[  43] = { /* code 0123 */
  0x00,  0x00,  0x00,  0x00,  0x80,  0x08,  0x00,  0x40,
  0x03,  0x00,  0x18,  0x00,  0x00,  0x0F,  0x60,  0xFF,
  0x0C,  0x38,  0xE1,  0xC6,  0x06,  0x30,  0x31,  0x81,
  0x8C,  0x0C,  0x60,  0x63,  0x87,  0x0C,  0x38,  0x3F,
  0xC0,  0xF6,  0x00,  0x31,  0x81,  0x8E,  0x18,  0x3F,
  0xC0,  0xF8,  0x00
};

const UCHAR abc_fontArial26h_012B[  23] = { /* code 012B */
  0x00,  0x00,  0x00,  0x0F,  0xFF,  0xC0,  0x00,  0x30,
  0x60,  0xC1,  0x83,  0x06,  0x0C,  0x18,  0x30,  0x60,
  0xC1,  0x83,  0x00,  0x00,  0x00,  0x00,  0x00
};

const UCHAR abc_fontArial26h_0130[  20] = { /* code 0130 */
  0x00,  0xC3,  0x00,  0x30,  0xC3,  0x0C,  0x30,  0xC3,
  0x0C,  0x30,  0xC3,  0x0C,  0x30,  0xC3,  0x0C,  0x30,
  0x00,  0x00,  0x00,  0x00
};

const UCHAR abc_fontArial26h_0131[  20] = { /* code 0131 */
  0x00,  0x00,  0x00,  0x00,  0x00,  0x00,  0x30,  0xC3,
  0x0C,  0x30,  0xC3,  0x0C,  0x30,  0xC3,  0x0C,  0x30,
  0x00,  0x00,  0x00,  0x00
};

const UCHAR abc_fontArial26h_013C[  17] = { /* code 013C */
  0x00,  0x00,  0x06,  0x31,  0x8C,  0x63,  0x18,  0xC6,
  0x31,  0x8C,  0x63,  0x18,  0xC6,  0x01,  0xC3,  0x1F,
  0x80
};

const UCHAR abc_fontArial26h_0142[  20] = { /* code 0142 */
  0x00,  0x00,  0x00,  0x30,  0xC3,  0x0C,  0x30,  0xC3,
  0xCF,  0x33,  0xCF,  0x0C,  0x30,  0xC3,  0x0C,  0x30,
  0x00,  0x00,  0x00,  0x00
};

const UCHAR abc_fontArial26h_015F[  39] = { /* code 015F */
  0x00,  0x00,  0x00,  0x00,  0x00,  0x00,  0x00,  0x00,
  0x00,  0x00,  0x00,  0x00,  0x1F,  0x83,  0xFC,  0x70,
  0x66,  0x00,  0x70,  0x03,  0xF0,  0x1F,  0xC0,  0x3E,
  0x00,  0x66,  0x06,  0x70,  0xE3,  0xFC,  0x1F,  0x80,
  0x40,  0x06,  0x00,  0x30,  0x1E,  0x00,  0x00
};

const UCHAR abc_fontArial26h_016B[  39] = { /* code 016B */
  0x00,  0x00,  0x00,  0x00,  0x00,  0x00,  0x1F,  0xC1,
  0xFC,  0x00,  0x00,  0x00,  0x60,  0x66,  0x06,  0x60,
  0x66,  0x06,  0x60,  0x66,  0x06,  0x60,  0x66,  0x06,
  0x60,  0x66,  0x0E,  0x71,  0xE3,  0xF6,  0x1E,  0x60,
  0x00,  0x00,  0x00,  0x00,  0x00,  0x00,  0x00
};

const UCHAR abc_fontArial26h_017C[  36] = { /* code 017C */
  0x00,  0x00,  0x00,  0x00,  0x00,  0x00,  0x00,  0x0C,
  0x01,  0x80,  0x00,  0x7F,  0xCF,  0xF8,  0x07,  0x01,
  0xC0,  0x70,  0x1C,  0x07,  0x00,  0xC0,  0x38,  0x0E,
  0x03,  0x80,  0x7F,  0xEF,  0xFC,  0x00,  0x00,  0x00,
  0x00,  0x00,  0x00,  0x00
};

const UCHAR abc_fontArial26h_01B0[  49] = { /* code 01B0 */
  0x00,  0x00,  0x00,  0x00,  0x00,  0x00,  0x00,  0x00,
  0x00,  0x00,  0x00,  0x00,  0x00,  0x00,  0x00,  0x60,
  0x6C,  0xC0,  0xD9,  0x81,  0x93,  0x03,  0x26,  0x06,
  0x8C,  0x0E,  0x18,  0x18,  0x30,  0x30,  0x60,  0x60,
  0xC1,  0xC1,  0xC7,  0x81,  0xFB,  0x01,  0xE6,  0x00,
  0x00,  0x00,  0x00,  0x00,  0x00,  0x00,  0x00,  0x00,
  0x00
};

const UCHAR abc_fontArial26h_0219[  39] = { /* code 0219 */
  0x00,  0x00,  0x00,  0x00,  0x00,  0x00,  0x00,  0x00,
  0x00,  0x00,  0x00,  0x00,  0x1F,  0x83,  0xFC,  0x70,
  0x66,  0x00,  0x70,  0x03,  0xF0,  0x1F,  0xC0,  0x3E,
  0x00,  0x66,  0x06,  0x70,  0xE3,  0xFC,  0x1F,  0x80,
  0x00,  0x00,  0x00,  0x60,  0x06,  0x00,  0x20
};

const UCHAR abc_fontArial26h_021B[  20] = { /* code 021B */
  0x00,  0x00,  0x00,  0x10,  0xC3,  0x0C,  0xFF,  0xF3,
  0x0C,  0x30,  0xC3,  0x0C,  0x30,  0xC3,  0x0F,  0x1C,
  0x01,  0x86,  0x08,  0x20
};

const UCHAR abc_fontArial26h_0391[  49] = { /* code 0391 */
  0x00,  0x00,  0x00,  0x00,  0x00,  0x00,  0x00,  0x00,
  0x38,  0x00,  0x70,  0x01,  0xB0,  0x03,  0x60,  0x0E,
  0xE0,  0x18,  0xC0,  0x31,  0x80,  0xC1,  0x81,  0x83,
  0x03,  0x06,  0x0F,  0xFE,  0x1F,  0xFC,  0x70,  0x1C,
  0xC0,  0x19,  0x80,  0x36,  0x00,  0x3C,  0x00,  0x60,
  0x00,  0x00,  0x00,  0x00,  0x00,  0x00,  0x00,  0x00,
  0x00
};

const UCHAR abc_fontArial26h_0394[  49] = { /* code 0394 */
  0x00,  0x00,  0x00,  0x00,  0x00,  0x00,  0x00,  0x00,
  0x38,  0x00,  0x70,  0x00,  0xE0,  0x03,  0x60,  0x06,
  0xC0,  0x0D,  0x80,  0x31,  0x80,  0x63,  0x01,  0xC6,
  0x03,  0x06,  0x06,  0x0C,  0x1C,  0x08,  0x30,  0x18,
  0x60,  0x31,  0x80,  0x33,  0xFF,  0xE7,  0xFF,  0xC0,
  0x00,  0x00,  0x00,  0x00,  0x00,  0x00,  0x00,  0x00,
  0x00
};

const UCHAR abc_fontArial26h_03A3[  46] = { /* code 03A3 */
  0x00,  0x00,  0x00,  0x00,  0x00,  0x00,  0x00,  0x3F,
  0xF0,  0xFF,  0xC3,  0x00,  0x06,  0x00,  0x0C,  0x00,
  0x18,  0x00,  0x30,  0x00,  0x60,  0x01,  0x80,  0x0C,
  0x00,  0x60,  0x03,  0x00,  0x0C,  0x00,  0x60,  0x03,
  0x00,  0x0F,  0xFE,  0x3F,  0xF8,  0x00,  0x00,  0x00,
  0x00,  0x00,  0x00,  0x00,  0x00,  0x00
};

const UCHAR abc_fontArial26h_03A7[  49] = { /* code 03A7 */
  0x00,  0x00,  0x00,  0x00,  0x00,  0x00,  0x00,  0x07,
  0x01,  0xC7,  0x07,  0x06,  0x0C,  0x0E,  0x38,  0x0E,
  0xE0,  0x0D,  0x80,  0x1F,  0x00,  0x1C,  0x00,  0x38,
  0x00,  0xD8,  0x03,  0xB8,  0x06,  0x30,  0x1C,  0x70,
  0x70,  0x70,  0xC0,  0x63,  0x80,  0xEE,  0x00,  0xE0,
  0x00,  0x00,  0x00,  0x00,  0x00,  0x00,  0x00,  0x00,
  0x00
};

const UCHAR abc_fontArial26h_03AC[  43] = { /* code 03AC */
  0x00,  0x00,  0x00,  0x00,  0x00,  0x00,  0x00,  0x38,
  0x01,  0x80,  0x18,  0x00,  0x00,  0x0F,  0x31,  0xFD,
  0x8C,  0x3C,  0xE1,  0xC6,  0x06,  0x30,  0x31,  0x81,
  0x8C,  0x0C,  0x60,  0x63,  0x87,  0x0C,  0x7C,  0x7F,
  0x60,  0xF3,  0x00,  0x00,  0x00,  0x00,  0x00,  0x00,
  0x00,  0x00,  0x00
};

const UCHAR abc_fontArial26h_03AD[  33] = { /* code 03AD */
  0x00,  0x00,  0x00,  0x00,  0x00,  0x07,  0x01,  0x80,
  0xC0,  0x00,  0x1E,  0x0F,  0xE6,  0x11,  0x80,  0x70,
  0x0F,  0x03,  0xC1,  0xC0,  0x60,  0x18,  0x07,  0x10,
  0xFE,  0x1E,  0x00,  0x00,  0x00,  0x00,  0x00,  0x00,
  0x00
};

const UCHAR abc_fontArial26h_03AE[  39] = { /* code 03AE */
  0x00,  0x00,  0x00,  0x00,  0x00,  0x00,  0x03,  0x80,
  0x30,  0x06,  0x00,  0x00,  0x67,  0x86,  0xFC,  0x78,
  0xE7,  0x06,  0x60,  0x66,  0x06,  0x60,  0x66,  0x06,
  0x60,  0x66,  0x06,  0x60,  0x66,  0x06,  0x60,  0x60,
  0x06,  0x00,  0x60,  0x06,  0x00,  0x60,  0x06
};

const UCHAR abc_fontArial26h_03AF[  20] = { /* code 03AF */
  0x00,  0x00,  0x00,  0x38,  0xC6,  0x00,  0x30,  0xC3,
  0x0C,  0x30,  0xC3,  0x0C,  0x30,  0xC3,  0x0C,  0x30,
  0x00,  0x00,  0x00,  0x00
};

const UCHAR abc_fontArial26h_03B1[  43] = { /* code 03B1 */
  0x00,  0x00,  0x00,  0x00,  0x00,  0x00,  0x00,  0x00,
  0x00,  0x00,  0x00,  0x00,  0x00,  0x0F,  0x31,  0xFD,
  0x8C,  0x3C,  0xE1,  0xC6,  0x06,  0x30,  0x31,  0x81,
  0x8C,  0x0C,  0x60,  0x63,  0x87,  0x0C,  0x7C,  0x7F,
  0x60,  0xF3,  0x00,  0x00,  0x00,  0x00,  0x00,  0x00,
  0x00,  0x00,  0x00
};

const UCHAR abc_fontArial26h_03B3[  39] = { /* code 03B3 */
  0x00,  0x00,  0x00,  0x00,  0x00,  0x00,  0x00,  0x00,
  0x00,  0x00,  0x00,  0x00,  0x60,  0x66,  0x06,  0x60,
  0x63,  0x0C,  0x30,  0xC3,  0x0C,  0x19,  0x81,  0x98,
  0x1F,  0x80,  0xF0,  0x0F,  0x00,  0xF0,  0x06,  0x00,
  0x60,  0x06,  0x00,  0x60,  0x06,  0x00,  0x60
};

const UCHAR abc_fontArial26h_03B4[  43] = { /* code 03B4 */
  0x00,  0x00,  0x00,  0x00,  0x00,  0x00,  0x03,  0xFE,
  0x1F,  0xF0,  0x70,  0x00,  0xE0,  0x0F,  0x80,  0xFE,
  0x0E,  0x38,  0xE0,  0xE6,  0x03,  0x30,  0x19,  0x80,
  0xCC,  0x06,  0x60,  0x31,  0x83,  0x8E,  0x38,  0x3F,
  0x80,  0xF8,  0x00,  0x00,  0x00,  0x00,  0x00,  0x00,
  0x00,  0x00,  0x00
};

const UCHAR abc_fontArial26h_03B5[  33] = { /* code 03B5 */
  0x00,  0x00,  0x00,  0x00,  0x00,  0x00,  0x00,  0x00,
  0x00,  0x00,  0x1E,  0x0F,  0xE6,  0x11,  0x80,  0x70,
  0x0F,  0x03,  0xC1,  0xC0,  0x60,  0x18,  0x07,  0x10,
  0xFE,  0x1E,  0x00,  0x00,  0x00,  0x00,  0x00,  0x00,
  0x00
};

const UCHAR abc_fontArial26h_03B7[  39] = { /* code 03B7 */
  0x00,  0x00,  0x00,  0x00,  0x00,  0x00,  0x00,  0x00,
  0x00,  0x00,  0x00,  0x00,  0x67,  0x86,  0xFC,  0x78,
  0xE7,  0x06,  0x60,  0x66,  0x06,  0x60,  0x66,  0x06,
  0x60,  0x66,  0x06,  0x60,  0x66,  0x06,  0x60,  0x60,
  0x06,  0x00,  0x60,  0x06,  0x00,  0x60,  0x06
};

const UCHAR abc_fontArial26h_03B8[  43] = { /* code 03B8 */
  0x00,  0x00,  0x00,  0x00,  0x00,  0x00,  0x00,  0xF8,
  0x0F,  0xE0,  0xE3,  0x86,  0x0C,  0x60,  0x33,  0x01,
  0x98,  0x0C,  0xFF,  0xE7,  0xFF,  0x30,  0x19,  0x80,
  0xCC,  0x06,  0x60,  0x31,  0x83,  0x0E,  0x38,  0x3F,
  0x80,  0xF8,  0x00,  0x00,  0x00,  0x00,  0x00,  0x00,
  0x00,  0x00,  0x00
};

const UCHAR abc_fontArial26h_03B9[  20] = { /* code 03B9 */
  0x00,  0x00,  0x00,  0x00,  0x00,  0x00,  0x30,  0xC3,
  0x0C,  0x30,  0xC3,  0x0C,  0x30,  0xC3,  0x0C,  0x30,
  0x00,  0x00,  0x00,  0x00
};

const UCHAR abc_fontArial26h_03BB[  39] = { /* code 03BB */
  0x00,  0x00,  0x00,  0x00,  0x00,  0x00,  0x18,  0x01,
  0x80,  0x0C,  0x00,  0xC0,  0x04,  0x00,  0xE0,  0x0E,
  0x00,  0xE0,  0x1B,  0x01,  0xB0,  0x1B,  0x03,  0x18,
  0x31,  0x83,  0x18,  0x60,  0xC6,  0x0C,  0x60,  0xC0,
  0x00,  0x00,  0x00,  0x00,  0x00,  0x00,  0x00
};

const UCHAR abc_fontArial26h_03BC[  39] = { /* code 03BC */
  0x00,  0x00,  0x00,  0x00,  0x00,  0x00,  0x00,  0x00,
  0x00,  0x00,  0x00,  0x00,  0x60,  0x66,  0x06,  0x60,
  0x66,  0x06,  0x60,  0x66,  0x06,  0x60,  0x66,  0x06,
  0x60,  0x66,  0x06,  0x70,  0xE7,  0xFE,  0x6F,  0x66,
  0x00,  0x60,  0x06,  0x00,  0x60,  0x06,  0x00
};

const UCHAR abc_fontArial26h_03BD[  36] = { /* code 03BD */
  0x00,  0x00,  0x00,  0x00,  0x00,  0x00,  0x00,  0x00,
  0x00,  0x00,  0x00,  0xC0,  0x78,  0x0D,  0x83,  0x30,
  0x66,  0x0C,  0x63,  0x0C,  0x60,  0xD8,  0x1B,  0x03,
  0x60,  0x38,  0x07,  0x00,  0x40,  0x00,  0x00,  0x00,
  0x00,  0x00,  0x00,  0x00
};

const UCHAR abc_fontArial26h_03BE[  33] = { /* code 03BE */
  0x00,  0x00,  0x00,  0x00,  0x00,  0x0F,  0x07,  0xC3,
  0x80,  0xC0,  0x30,  0x07,  0xC0,  0x70,  0x70,  0x30,
  0x0C,  0x06,  0x01,  0x80,  0x60,  0x18,  0x07,  0x00,
  0xFC,  0x0F,  0x80,  0x60,  0x18,  0x06,  0x07,  0x01,
  0x80
};

const UCHAR abc_fontArial26h_03BF[  43] = { /* code 03BF */
  0x00,  0x00,  0x00,  0x00,  0x00,  0x00,  0x00,  0x00,
  0x00,  0x00,  0x00,  0x00,  0x00,  0x0F,  0x80,  0xFE,
  0x0E,  0x38,  0xE0,  0xE6,  0x03,  0x30,  0x19,  0x80,
  0xCC,  0x06,  0x60,  0x33,  0x83,  0x8E,  0x38,  0x3F,
  0x80,  0xF8,  0x00,  0x00,  0x00,  0x00,  0x00,  0x00,
  0x00,  0x00,  0x00
};

const UCHAR abc_fontArial26h_03C0[  52] = { /* code 03C0 */
  0x00,  0x00,  0x00,  0x00,  0x00,  0x00,  0x00,  0x00,
  0x00,  0x00,  0x00,  0x00,  0x00,  0x00,  0x00,  0x00,
  0xFF,  0xFE,  0xFF,  0xFE,  0x18,  0x30,  0x18,  0x30,
  0x18,  0x30,  0x18,  0x30,  0x18,  0x30,  0x18,  0x30,
  0x18,  0x30,  0x18,  0x30,  0x18,  0x30,  0x18,  0x30,
  0x18,  0x30,  0x00,  0x00,  0x00,  0x00,  0x00,  0x00,
  0x00,  0x00,  0x00,  0x00
};

const UCHAR abc_fontArial26h_03C1[  43] = { /* code 03C1 */
  0x00,  0x00,  0x00,  0x00,  0x00,  0x00,  0x00,  0x00,
  0x00,  0x00,  0x00,  0x00,  0x00,  0x0F,  0x80,  0xFE,
  0x0E,  0x38,  0xE0,  0xC6,  0x03,  0x30,  0x19,  0x80,
  0xCC,  0x06,  0x60,  0x33,  0x83,  0x1E,  0x38,  0xFF,
  0x86,  0xF8,  0x30,  0x01,  0x80,  0x0C,  0x00,  0x60,
  0x03,  0x00,  0x00
};

const UCHAR abc_fontArial26h_03C2[  36] = { /* code 03C2 */
  0x00,  0x00,  0x00,  0x00,  0x00,  0x00,  0x00,  0x00,
  0x00,  0x00,  0x00,  0x07,  0xE1,  0xFC,  0x70,  0x18,
  0x07,  0x00,  0xC0,  0x18,  0x03,  0x00,  0x60,  0x0E,
  0x00,  0xE0,  0x0F,  0x80,  0xF8,  0x03,  0x80,  0x30,
  0x0E,  0x0F,  0x81,  0xE0
};

const UCHAR abc_fontArial26h_03C3[  46] = { /* code 03C3 */
  0x00,  0x00,  0x00,  0x00,  0x00,  0x00,  0x00,  0x00,
  0x00,  0x00,  0x00,  0x00,  0x00,  0x00,  0x0F,  0xF8,
  0x7F,  0xE3,  0x8E,  0x1C,  0x1C,  0x60,  0x31,  0x80,
  0xC6,  0x03,  0x18,  0x0C,  0x60,  0x31,  0xC1,  0xC3,
  0x8E,  0x07,  0xF0,  0x0F,  0x80,  0x00,  0x00,  0x00,
  0x00,  0x00,  0x00,  0x00,  0x00,  0x00
};

const UCHAR abc_fontArial26h_03C4[  30] = { /* code 03C4 */
  0x00,  0x00,  0x00,  0x00,  0x00,  0x00,  0x00,  0x00,
  0x00,  0x7E,  0x3F,  0x06,  0x03,  0x01,  0x80,  0xC0,
  0x60,  0x30,  0x18,  0x0C,  0x06,  0x03,  0x01,  0x80,
  0x00,  0x00,  0x00,  0x00,  0x00,  0x00
};

const UCHAR abc_fontArial26h_03C5[  39] = { /* code 03C5 */
  0x00,  0x00,  0x00,  0x00,  0x00,  0x00,  0x00,  0x00,
  0x00,  0x00,  0x00,  0x00,  0x60,  0x66,  0x06,  0x60,
  0x66,  0x06,  0x60,  0x66,  0x06,  0x60,  0x66,  0x06,
  0x60,  0x66,  0x06,  0x30,  0xC3,  0xFC,  0x0F,  0x00,
  0x00,  0x00,  0x00,  0x00,  0x00,  0x00,  0x00
};

const UCHAR abc_fontArial26h_03C6[  49] = { /* code 03C6 */
  0x00,  0x00,  0x00,  0x00,  0x00,  0x00,  0x00,  0x00,
  0x00,  0x00,  0x00,  0x00,  0x00,  0x00,  0x00,  0x0C,
  0xF0,  0x3B,  0xF0,  0xE6,  0x63,  0x8C,  0x66,  0x18,
  0xCC,  0x31,  0x98,  0x63,  0x30,  0xC6,  0x71,  0x8C,
  0x63,  0x30,  0xE6,  0xE0,  0xFF,  0x80,  0x7C,  0x00,
  0x30,  0x00,  0x60,  0x00,  0xC0,  0x01,  0x80,  0x03,
  0x00
};

const UCHAR abc_fontArial26h_03C7[  39] = { /* code 03C7 */
  0x00,  0x00,  0x00,  0x00,  0x00,  0x00,  0x00,  0x00,
  0x00,  0x00,  0x00,  0x00,  0x60,  0x66,  0x06,  0x30,
  0xC3,  0x0C,  0x19,  0x81,  0x98,  0x0F,  0x00,  0xF0,
  0x06,  0x00,  0x60,  0x0F,  0x00,  0xF0,  0x19,  0x81,
  0x98,  0x30,  0xC3,  0x0C,  0x60,  0x66,  0x06
};

const UCHAR abc_fontArial26h_03C9[  59] = { /* code 03C9 */
  0x00,  0x00,  0x00,  0x00,  0x00,  0x00,  0x00,  0x00,
  0x00,  0x00,  0x00,  0x00,  0x00,  0x00,  0x00,  0x00,
  0x00,  0x00,  0x18,  0x06,  0x0C,  0x00,  0xC3,  0x00,
  0x31,  0xC3,  0x0E,  0x60,  0xC1,  0x98,  0x30,  0x66,
  0x0C,  0x19,  0x83,  0x06,  0x60,  0xC1,  0x9C,  0x30,
  0xE3,  0x1E,  0x30,  0xFC,  0xFC,  0x1E,  0x1E,  0x00,
  0x00,  0x00,  0x00,  0x00,  0x00,  0x00,  0x00,  0x00,
  0x00,  0x00,  0x00
};

const UCHAR abc_fontArial26h_03CC[  43] = { /* code 03CC */
  0x00,  0x00,  0x00,  0x00,  0x00,  0x00,  0x00,  0x38,
  0x01,  0x80,  0x18,  0x00,  0x00,  0x0F,  0x80,  0xFE,
  0x0E,  0x38,  0xE0,  0xE6,  0x03,  0x30,  0x19,  0x80,
  0xCC,  0x06,  0x60,  0x33,  0x83,  0x8E,  0x38,  0x3F,
  0x80,  0xF8,  0x00,  0x00,  0x00,  0x00,  0x00,  0x00,
  0x00,  0x00,  0x00
};

const UCHAR abc_fontArial26h_03CD[  39] = { /* code 03CD */
  0x00,  0x00,  0x00,  0x00,  0x00,  0x00,  0x03,  0x80,
  0x30,  0x06,  0x00,  0x00,  0x60,  0x66,  0x06,  0x60,
  0x66,  0x06,  0x60,  0x66,  0x06,  0x60,  0x66,  0x06,
  0x60,  0x66,  0x06,  0x30,  0xC3,  0xFC,  0x0F,  0x00,
  0x00,  0x00,  0x00,  0x00,  0x00,  0x00,  0x00
};

const UCHAR abc_fontArial26h_061F[  26] = { /* code 061F */
  0x00,  0x00,  0x00,  0x00,  0x00,  0x1E,  0x23,  0x67,
  0x67,  0x70,  0x38,  0x18,  0x08,  0x08,  0x00,  0x1C,
  0x1C,  0x1C,  0x00,  0x00,  0x00,  0x00,  0x00,  0x00,
  0x00,  0x00
};

const UCHAR abc_fontArial26h_0621[  30] = { /* code 0621 */
  0x00,  0x00,  0x00,  0x00,  0x00,  0x00,  0x00,  0x00,
  0x00,  0x00,  0x00,  0x00,  0x03,  0x03,  0xC1,  0x21,
  0x80,  0xE6,  0x7E,  0x0E,  0x04,  0x00,  0x00,  0x00,
  0x00,  0x00,  0x00,  0x00,  0x00,  0x00
};

const UCHAR abc_fontArial26h_0623[  17] = { /* code 0623 */
  0x00,  0xC8,  0x32,  0x00,  0x42,  0x10,  0x84,  0x21,
  0x08,  0x42,  0x10,  0x80,  0x00,  0x00,  0x00,  0x00,
  0x00
};

const UCHAR abc_fontArial26h_0625[  17] = { /* code 0625 */
  0x00,  0x00,  0x01,  0x08,  0x42,  0x10,  0x84,  0x21,
  0x08,  0x42,  0x10,  0x80,  0x64,  0x19,  0x00,  0x00,
  0x00
};

const UCHAR abc_fontArial26h_0627[  17] = { /* code 0627 */
  0x00,  0x00,  0x01,  0x08,  0x42,  0x10,  0x84,  0x21,
  0x08,  0x42,  0x10,  0x80,  0x00,  0x00,  0x00,  0x00,
  0x00
};

const UCHAR abc_fontArial26h_0628[  52] = { /* code 0628 */
  0x00,  0x00,  0x00,  0x00,  0x00,  0x00,  0x00,  0x00,
  0x00,  0x00,  0x00,  0x00,  0x00,  0x00,  0x00,  0x00,
  0x00,  0x00,  0x00,  0x00,  0x20,  0x02,  0x40,  0x02,
  0x40,  0x03,  0x40,  0x01,  0x40,  0x01,  0x70,  0x01,
  0x3F,  0xFF,  0x1F,  0xFF,  0x00,  0x00,  0x00,  0x00,
  0x00,  0x80,  0x01,  0xC0,  0x00,  0x80,  0x00,  0x00,
  0x00,  0x00,  0x00,  0x00
};

const UCHAR abc_fontArial26h_0629[  20] = { /* code 0629 */
  0x00,  0x00,  0x00,  0x00,  0x00,  0x97,  0xE9,  0x00,
  0x08,  0x38,  0xF4,  0x51,  0x7D,  0xE0,  0x00,  0x00,
  0x00,  0x00,  0x00,  0x00
};

const UCHAR abc_fontArial26h_062A[  52] = { /* code 062A */
  0x00,  0x00,  0x00,  0x00,  0x00,  0x00,  0x00,  0x00,
  0x00,  0x00,  0x00,  0x00,  0x00,  0x40,  0x02,  0xE0,
  0x07,  0x40,  0x02,  0x00,  0x20,  0x02,  0x40,  0x02,
  0x40,  0x03,  0x40,  0x01,  0x40,  0x01,  0x70,  0x01,
  0x3F,  0xFF,  0x1F,  0xFF,  0x00,  0x00,  0x00,  0x00,
  0x00,  0x00,  0x00,  0x00,  0x00,  0x00,  0x00,  0x00,
  0x00,  0x00,  0x00,  0x00
};

const UCHAR abc_fontArial26h_062C[  43] = { /* code 062C */
  0x00,  0x00,  0x00,  0x00,  0x00,  0x00,  0x00,  0x00,
  0x00,  0x00,  0x00,  0x00,  0x00,  0x00,  0x00,  0x00,
  0x00,  0x00,  0x7F,  0xC7,  0xFE,  0x03,  0x80,  0x30,
  0x02,  0x00,  0x20,  0x02,  0x08,  0x10,  0xE0,  0x82,
  0x04,  0x00,  0x30,  0x01,  0xC0,  0x07,  0x00,  0x1F,
  0xE0,  0x7C,  0x00
};

const UCHAR abc_fontArial26h_062F[  26] = { /* code 062F */
  0x00,  0x00,  0x00,  0x00,  0x00,  0x00,  0x00,  0x00,
  0x00,  0x08,  0x0C,  0x06,  0x03,  0x01,  0x01,  0x41,
  0x7F,  0x7F,  0x00,  0x00,  0x00,  0x00,  0x00,  0x00,
  0x00,  0x00
};

const UCHAR abc_fontArial26h_0631[  36] = { /* code 0631 */
  0x00,  0x00,  0x00,  0x00,  0x00,  0x00,  0x00,  0x00,
  0x00,  0x00,  0x00,  0x00,  0x00,  0x00,  0x00,  0x00,
  0x40,  0x0C,  0x01,  0xC0,  0x18,  0x01,  0x00,  0x20,
  0x04,  0x01,  0x80,  0x20,  0x0C,  0x87,  0x0F,  0x80,
  0x00,  0x00,  0x00,  0x00
};

const UCHAR abc_fontArial26h_0632[  36] = { /* code 0632 */
  0x00,  0x00,  0x00,  0x00,  0x00,  0x00,  0x00,  0x00,
  0x00,  0x40,  0x1C,  0x01,  0x00,  0x00,  0x00,  0x00,
  0x40,  0x0C,  0x01,  0xC0,  0x18,  0x01,  0x00,  0x20,
  0x04,  0x01,  0x80,  0x20,  0x0C,  0x87,  0x0F,  0x80,
  0x00,  0x00,  0x00,  0x00
};

const UCHAR abc_fontArial26h_0633[  62] = { /* code 0633 */
  0x00,  0x00,  0x00,  0x00,  0x00,  0x00,  0x00,  0x00,
  0x00,  0x00,  0x00,  0x00,  0x00,  0x00,  0x00,  0x00,
  0x00,  0x00,  0x00,  0x00,  0x00,  0x00,  0x00,  0x00,
  0x00,  0x00,  0x00,  0x10,  0x20,  0x02,  0x16,  0x40,
  0x62,  0xC8,  0x04,  0x4A,  0x00,  0x89,  0x40,  0x1F,
  0xE8,  0x03,  0xDD,  0x00,  0x40,  0x20,  0x18,  0x06,
  0x0E,  0x00,  0x7F,  0x80,  0x07,  0xE0,  0x00,  0x00,
  0x00,  0x00,  0x00,  0x00,  0x00,  0x00
};

const UCHAR abc_fontArial26h_0635[  82] = { /* code 0635 */
  0x00,  0x00,  0x00,  0x00,  0x00,  0x00,  0x00,  0x00,
  0x00,  0x00,  0x00,  0x00,  0x00,  0x00,  0x00,  0x00,
  0x00,  0x00,  0x00,  0x00,  0x00,  0x00,  0x00,  0x00,
  0x00,  0x00,  0x00,  0x00,  0x00,  0x00,  0x00,  0x00,
  0x00,  0x00,  0x00,  0x04,  0x01,  0xE0,  0x02,  0x03,
  0xF9,  0x01,  0x83,  0x1C,  0x80,  0x43,  0x06,  0x80,
  0x22,  0x03,  0x40,  0x1F,  0xFF,  0xA0,  0x0F,  0xFF,
  0xD0,  0x04,  0x00,  0x08,  0x06,  0x00,  0x06,  0x0E,
  0x00,  0x01,  0xFE,  0x00,  0x00,  0x7E,  0x00,  0x00,
  0x00,  0x00,  0x00,  0x00,  0x00,  0x00,  0x00,  0x00,
  0x00,  0x00
};

const UCHAR abc_fontArial26h_0637[  46] = { /* code 0637 */
  0x00,  0x00,  0x00,  0x00,  0x00,  0x04,  0x00,  0x1C,
  0x00,  0x30,  0x00,  0x80,  0x02,  0x00,  0x04,  0x00,
  0x10,  0x00,  0x40,  0x01,  0x00,  0x04,  0x78,  0x17,
  0xF0,  0x60,  0xC2,  0x03,  0xFF,  0xFF,  0xFF,  0xF0,
  0x00,  0x00,  0x00,  0x00,  0x00,  0x00,  0x00,  0x00,
  0x00,  0x00,  0x00,  0x00,  0x00,  0x00
};

const UCHAR abc_fontArial26h_0639[  43] = { /* code 0639 */
  0x00,  0x00,  0x00,  0x00,  0x00,  0x00,  0x00,  0x00,
  0x00,  0x00,  0x00,  0x07,  0x00,  0x7E,  0x07,  0x00,
  0x20,  0x01,  0x01,  0x8E,  0x3C,  0x3F,  0x80,  0xF0,
  0x06,  0x00,  0x60,  0x02,  0x00,  0x20,  0x01,  0x00,
  0x08,  0x00,  0x40,  0x03,  0x00,  0x0E,  0x00,  0x3F,
  0xE0,  0x7E,  0x00
};

const UCHAR abc_fontArial26h_063A[  43] = { /* code 063A */
  0x00,  0x00,  0x00,  0x04,  0x00,  0x70,  0x01,  0x00,
  0x00,  0x00,  0x00,  0x07,  0x00,  0x7E,  0x07,  0x00,
  0x20,  0x01,  0x01,  0x8E,  0x3C,  0x3F,  0x80,  0xF0,
  0x06,  0x00,  0x60,  0x02,  0x00,  0x20,  0x01,  0x00,
  0x08,  0x00,  0x40,  0x03,  0x00,  0x0E,  0x00,  0x3F,
  0xE0,  0x7E,  0x00
};

const UCHAR abc_fontArial26h_0641[  59] = { /* code 0641 */
  0x00,  0x00,  0x00,  0x00,  0x00,  0x00,  0x00,  0x00,
  0x00,  0x00,  0x00,  0x00,  0x00,  0x80,  0x00,  0x70,
  0x00,  0x08,  0x00,  0x00,  0x00,  0x00,  0x04,  0x00,
  0x1A,  0x00,  0x0F,  0x80,  0x06,  0x60,  0x01,  0x9C,
  0x00,  0x7F,  0x80,  0x0F,  0x7F,  0xFF,  0xC7,  0xFF,
  0xF0,  0x00,  0x00,  0x00,  0x00,  0x00,  0x00,  0x00,
  0x00,  0x00,  0x00,  0x00,  0x00,  0x00,  0x00,  0x00,
  0x00,  0x00,  0x00
};

const UCHAR abc_fontArial26h_0642[  43] = { /* code 0642 */
  0x00,  0x00,  0x00,  0x00,  0x00,  0x00,  0x00,  0x02,
  0x00,  0xB8,  0x0E,  0x80,  0x20,  0x00,  0x00,  0x00,
  0x00,  0x18,  0x00,  0xE0,  0x09,  0x90,  0x4C,  0x83,
  0xE8,  0x0F,  0x40,  0x0A,  0x00,  0x50,  0x02,  0x80,
  0x36,  0x07,  0x1F,  0xF0,  0x7F,  0x00,  0x00,  0x00,
  0x00,  0x00,  0x00
};

const UCHAR abc_fontArial26h_0643[  46] = { /* code 0643 */
  0x00,  0x00,  0x00,  0x00,  0x01,  0x00,  0x06,  0x00,
  0x1C,  0x00,  0x30,  0x08,  0x80,  0x42,  0x02,  0x08,
  0x0F,  0x20,  0x04,  0x88,  0x11,  0x40,  0xC5,  0x1E,
  0x14,  0x00,  0x58,  0x01,  0x7F,  0xFC,  0x7F,  0xF0,
  0x00,  0x00,  0x00,  0x00,  0x00,  0x00,  0x00,  0x00,
  0x00,  0x00,  0x00,  0x00,  0x00,  0x00
};

const UCHAR abc_fontArial26h_0644[  39] = { /* code 0644 */
  0x00,  0x00,  0x00,  0x00,  0x40,  0x06,  0x00,  0x70,
  0x03,  0x00,  0x20,  0x02,  0x00,  0x20,  0x02,  0x00,
  0x11,  0x01,  0x20,  0x12,  0x01,  0x40,  0x14,  0x01,
  0x40,  0x14,  0x01,  0x60,  0x73,  0xFE,  0x1F,  0x80,
  0x00,  0x00,  0x00,  0x00,  0x00,  0x00,  0x00
};

const UCHAR abc_fontArial26h_0645[  26] = { /* code 0645 */
  0x00,  0x00,  0x00,  0x00,  0x00,  0x00,  0x00,  0x00,
  0x00,  0x00,  0x00,  0x00,  0x00,  0x1C,  0x3E,  0x07,
  0x1F,  0x7F,  0xC0,  0x80,  0x80,  0x80,  0x40,  0x40,
  0x40,  0x40
};

const UCHAR abc_fontArial26h_0646[  39] = { /* code 0646 */
  0x00,  0x00,  0x00,  0x00,  0x00,  0x00,  0x00,  0x00,
  0x00,  0x00,  0x00,  0x20,  0x07,  0x00,  0x20,  0x00,
  0x00,  0x02,  0x00,  0x32,  0x03,  0x20,  0x14,  0x01,
  0x40,  0x14,  0x01,  0x40,  0x14,  0x03,  0x60,  0xE3,
  0xFE,  0x1F,  0x80,  0x00,  0x00,  0x00,  0x00
};

const UCHAR abc_fontArial26h_0647[  20] = { /* code 0647 */
  0x00,  0x00,  0x00,  0x00,  0x00,  0x00,  0x00,  0x00,
  0x08,  0x38,  0xF4,  0x51,  0x7D,  0xE0,  0x00,  0x00,
  0x00,  0x00,  0x00,  0x00
};

const UCHAR abc_fontArial26h_0648[  33] = { /* code 0648 */
  0x00,  0x00,  0x00,  0x00,  0x00,  0x00,  0x00,  0x00,
  0x00,  0x00,  0x00,  0x00,  0x00,  0x00,  0x00,  0x01,
  0x80,  0xF0,  0x24,  0x09,  0x03,  0xC0,  0x70,  0x04,
  0x02,  0x01,  0x90,  0xC3,  0xE0,  0x00,  0x00,  0x00,
  0x00
};

const UCHAR abc_fontArial26h_0649[  49] = { /* code 0649 */
  0x00,  0x00,  0x00,  0x00,  0x00,  0x00,  0x00,  0x00,
  0x00,  0x00,  0x00,  0x00,  0x00,  0x00,  0x00,  0x00,
  0x00,  0x00,  0x00,  0x00,  0x38,  0x01,  0xF0,  0x02,
  0x24,  0x08,  0x08,  0x20,  0x20,  0x40,  0x40,  0xFC,
  0x81,  0xF9,  0x00,  0x13,  0x01,  0xC7,  0xFF,  0x03,
  0xF8,  0x00,  0x00,  0x00,  0x00,  0x00,  0x00,  0x00,
  0x00
};

const UCHAR abc_fontArial26h_064A[  49] = { /* code 064A */
  0x00,  0x00,  0x00,  0x00,  0x00,  0x00,  0x00,  0x00,
  0x00,  0x00,  0x00,  0x00,  0x00,  0x00,  0x00,  0x00,
  0x00,  0x00,  0x00,  0x00,  0x38,  0x01,  0xF0,  0x02,
  0x24,  0x08,  0x08,  0x20,  0x20,  0x40,  0x40,  0xFC,
  0x81,  0xF9,  0x00,  0x13,  0x01,  0xC7,  0xFF,  0x03,
  0xF8,  0x00,  0x20,  0x02,  0xE0,  0x0E,  0x80,  0x08,
  0x00
};

const UCHAR abc_fontArial26h_1EA5[  43] = { /* code 1EA5 */
  0x03,  0x80,  0x38,  0x03,  0x80,  0x00,  0x00,  0x60,
  0x07,  0x80,  0x66,  0x00,  0x00,  0x0F,  0x81,  0xFE,
  0x1C,  0x38,  0xC0,  0xC0,  0x1E,  0x0F,  0xF0,  0xF9,
  0x8E,  0x0C,  0x60,  0x63,  0x07,  0x1C,  0x78,  0x7F,
  0xC1,  0xE3,  0x00,  0x00,  0x00,  0x00,  0x00,  0x00,
  0x00,  0x00,  0x00
};

const UCHAR abc_fontArial26h_1EB1[  43] = { /* code 1EB1 */
  0x1C,  0x00,  0x70,  0x01,  0xC0,  0x00,  0x01,  0x04,
  0x0C,  0x60,  0x3E,  0x00,  0x00,  0x0F,  0x81,  0xFE,
  0x1C,  0x38,  0xC0,  0xC0,  0x1E,  0x0F,  0xF0,  0xF9,
  0x8E,  0x0C,  0x60,  0x63,  0x07,  0x1C,  0x78,  0x7F,
  0xC1,  0xE3,  0x00,  0x00,  0x00,  0x00,  0x00,  0x00,
  0x00,  0x00,  0x00
};

const UCHAR abc_fontArial26h_1EB5[  43] = { /* code 1EB5 */
  0x00,  0x00,  0xF3,  0x0C,  0x70,  0x00,  0x01,  0x04,
  0x0C,  0x60,  0x3E,  0x00,  0x00,  0x0F,  0x81,  0xFE,
  0x1C,  0x38,  0xC0,  0xC0,  0x1E,  0x0F,  0xF0,  0xF9,
  0x8E,  0x0C,  0x60,  0x63,  0x07,  0x1C,  0x78,  0x7F,
  0xC1,  0xE3,  0x00,  0x00,  0x00,  0x00,  0x00,  0x00,
  0x00,  0x00,  0x00
};

const UCHAR abc_fontArial26h_1EBF[  43] = { /* code 1EBF */
  0x01,  0xC0,  0x1C,  0x01,  0xC0,  0x00,  0x00,  0x30,
  0x03,  0xC0,  0x33,  0x00,  0x00,  0x0F,  0x80,  0xFE,
  0x0E,  0x18,  0xC0,  0x66,  0x03,  0x3F,  0xF9,  0xFF,
  0xCC,  0x00,  0x60,  0x03,  0x81,  0x8E,  0x18,  0x3F,
  0xC0,  0xF8,  0x00,  0x00,  0x00,  0x00,  0x00,  0x00,
  0x00,  0x00,  0x00
};

const UCHAR abc_fontArial26h_1EC9[  17] = { /* code 1EC9 */
  0x00,  0x3C,  0x31,  0x98,  0x00,  0x31,  0x8C,  0x63,
  0x18,  0xC6,  0x31,  0x8C,  0x63,  0x00,  0x00,  0x00,
  0x00
};

const UCHAR abc_fontArial26h_1ED1[  43] = { /* code 1ED1 */
  0x01,  0xC0,  0x1C,  0x01,  0xC0,  0x00,  0x00,  0x30,
  0x03,  0xC0,  0x33,  0x00,  0x00,  0x0F,  0x80,  0xFE,
  0x0E,  0x38,  0xE0,  0xE6,  0x03,  0x30,  0x19,  0x80,
  0xCC,  0x06,  0x60,  0x33,  0x83,  0x8E,  0x38,  0x3F,
  0x80,  0xF8,  0x00,  0x00,  0x00,  0x00,  0x00,  0x00,
  0x00,  0x00,  0x00
};

const UCHAR abc_fontArial26h_1ED3[  43] = { /* code 1ED3 */
  0x0E,  0x00,  0x38,  0x00,  0xE0,  0x00,  0x00,  0x30,
  0x03,  0xC0,  0x33,  0x00,  0x00,  0x0F,  0x80,  0xFE,
  0x0E,  0x38,  0xE0,  0xE6,  0x03,  0x30,  0x19,  0x80,
  0xCC,  0x06,  0x60,  0x33,  0x83,  0x8E,  0x38,  0x3F,
  0x80,  0xF8,  0x00,  0x00,  0x00,  0x00,  0x00,  0x00,
  0x00,  0x00,  0x00
};

const UCHAR abc_fontArial26h_1EE3[  49] = { /* code 1EE3 */
  0x00,  0x00,  0x00,  0x00,  0x00,  0x00,  0x00,  0x00,
  0x00,  0x00,  0x00,  0x00,  0x00,  0x00,  0x00,  0x0F,
  0x8C,  0x3F,  0x98,  0xE3,  0x93,  0x83,  0xA6,  0x03,
  0x8C,  0x07,  0x18,  0x0C,  0x30,  0x18,  0x60,  0x30,
  0xE0,  0xE0,  0xE3,  0x80,  0xFE,  0x00,  0xF8,  0x00,
  0x00,  0x00,  0xC0,  0x01,  0x80,  0x00,  0x00,  0x00,
  0x00
};

const UCHAR abc_fontArial26h_1EE5[  39] = { /* code 1EE5 */
  0x00,  0x00,  0x00,  0x00,  0x00,  0x00,  0x00,  0x00,
  0x00,  0x00,  0x00,  0x00,  0x60,  0x66,  0x06,  0x60,
  0x66,  0x06,  0x60,  0x66,  0x06,  0x60,  0x66,  0x06,
  0x60,  0x66,  0x0E,  0x71,  0xE3,  0xF6,  0x1E,  0x60,
  0x00,  0x06,  0x00,  0x60,  0x00,  0x00,  0x00
};

const BFC_CHARINFO fontArial26h_CharInfo[234] = {
   {   6,  20, {abc_fontArial26h_0020} }, /* code 0020 */
   {   8,  26, {abc_fontArial26h_0021} }, /* code 0021 */
   {   8,  26, {abc_fontArial26h_0022} }, /* code 0022 */
   {  13,  43, {abc_fontArial26h_0023} }, /* code 0023 */
   {  13,  43, {abc_fontArial26h_0024} }, /* code 0024 */
   {  20,  65, {abc_fontArial26h_0025} }, /* code 0025 */
   {  15,  49, {abc_fontArial26h_0026} }, /* code 0026 */
   {   4,  13, {abc_fontArial26h_0027} }, /* code 0027 */
   {   8,  26, {abc_fontArial26h_0028} }, /* code 0028 */
   {   8,  26, {abc_fontArial26h_0029} }, /* code 0029 */
   {   9,  30, {abc_fontArial26h_002A} }, /* code 002A */
   {  13,  43, {abc_fontArial26h_002B} }, /* code 002B */
   {   6,  20, {abc_fontArial26h_002C} }, /* code 002C */
   {   8,  26, {abc_fontArial26h_002D} }, /* code 002D */
   {   6,  20, {abc_fontArial26h_002E} }, /* code 002E */
   {   7,  23, {abc_fontArial26h_002F} }, /* code 002F */
   {  13,  43, {abc_fontArial26h_0030} }, /* code 0030 */
   {  13,  43, {abc_fontArial26h_0031} }, /* code 0031 */
   {  13,  43, {abc_fontArial26h_0032} }, /* code 0032 */
   {  13,  43, {abc_fontArial26h_0033} }, /* code 0033 */
   {  13,  43, {abc_fontArial26h_0034} }, /* code 0034 */
   {  13,  43, {abc_fontArial26h_0035} }, /* code 0035 */
   {  13,  43, {abc_fontArial26h_0036} }, /* code 0036 */
   {  13,  43, {abc_fontArial26h_0037} }, /* code 0037 */
   {  13,  43, {abc_fontArial26h_0038} }, /* code 0038 */
   {  13,  43, {abc_fontArial26h_0039} }, /* code 0039 */
   {   6,  20, {abc_fontArial26h_003A} }, /* code 003A */
   {   6,  20, {abc_fontArial26h_003B} }, /* code 003B */
   {  13,  43, {abc_fontArial26h_003C} }, /* code 003C */
   {  13,  43, {abc_fontArial26h_003D} }, /* code 003D */
   {  13,  43, {abc_fontArial26h_003E} }, /* code 003E */
   {  13,  43, {abc_fontArial26h_003F} }, /* code 003F */
   {  23,  75, {abc_fontArial26h_0040} }, /* code 0040 */
   {  15,  49, {abc_fontArial26h_0041} }, /* code 0041 */
   {  15,  49, {abc_fontArial26h_0042} }, /* code 0042 */
   {  17,  56, {abc_fontArial26h_0043} }, /* code 0043 */
   {  17,  56, {abc_fontArial26h_0044} }, /* code 0044 */
   {  15,  49, {abc_fontArial26h_0045} }, /* code 0045 */
   {  14,  46, {abc_fontArial26h_0046} }, /* code 0046 */
   {  18,  59, {abc_fontArial26h_0047} }, /* code 0047 */
   {  17,  56, {abc_fontArial26h_0048} }, /* code 0048 */
   {   6,  20, {abc_fontArial26h_0049} }, /* code 0049 */
   {  12,  39, {abc_fontArial26h_004A} }, /* code 004A */
   {  15,  49, {abc_fontArial26h_004B} }, /* code 004B */
   {  13,  43, {abc_fontArial26h_004C} }, /* code 004C */
   {  19,  62, {abc_fontArial26h_004D} }, /* code 004D */
   {  17,  56, {abc_fontArial26h_004E} }, /* code 004E */
   {  18,  59, {abc_fontArial26h_004F} }, /* code 004F */
   {  15,  49, {abc_fontArial26h_0050} }, /* code 0050 */
   {  18,  59, {abc_fontArial26h_0051} }, /* code 0051 */
   {  17,  56, {abc_fontArial26h_0052} }, /* code 0052 */
   {  15,  49, {abc_fontArial26h_0053} }, /* code 0053 */
   {  14,  46, {abc_fontArial26h_0054} }, /* code 0054 */
   {  17,  56, {abc_fontArial26h_0055} }, /* code 0055 */
   {  15,  49, {abc_fontArial26h_0056} }, /* code 0056 */
   {  23,  75, {abc_fontArial26h_0057} }, /* code 0057 */
   {  15,  49, {abc_fontArial26h_0058} }, /* code 0058 */
   {  14,  46, {abc_fontArial26h_0059} }, /* code 0059 */
   {  14,  46, {abc_fontArial26h_005A} }, /* code 005A */
   {   6,  20, {abc_fontArial26h_005B} }, /* code 005B */
   {   7,  23, {abc_fontArial26h_005C} }, /* code 005C */
   {   6,  20, {abc_fontArial26h_005D} }, /* code 005D */
   {  12,  39, {abc_fontArial26h_005E} }, /* code 005E */
   {  14,  46, {abc_fontArial26h_005F} }, /* code 005F */
   {   8,  26, {abc_fontArial26h_0060} }, /* code 0060 */
   {  13,  43, {abc_fontArial26h_0061} }, /* code 0061 */
   {  12,  39, {abc_fontArial26h_0062} }, /* code 0062 */
   {  12,  39, {abc_fontArial26h_0063} }, /* code 0063 */
   {  12,  39, {abc_fontArial26h_0064} }, /* code 0064 */
   {  13,  43, {abc_fontArial26h_0065} }, /* code 0065 */
   {   7,  23, {abc_fontArial26h_0066} }, /* code 0066 */
   {  12,  39, {abc_fontArial26h_0067} }, /* code 0067 */
   {  12,  39, {abc_fontArial26h_0068} }, /* code 0068 */
   {   5,  17, {abc_fontArial26h_0069} }, /* code 0069 */
   {   4,  13, {abc_fontArial26h_006A} }, /* code 006A */
   {  11,  36, {abc_fontArial26h_006B} }, /* code 006B */
   {   4,  13, {abc_fontArial26h_006C} }, /* code 006C */
   {  18,  59, {abc_fontArial26h_006D} }, /* code 006D */
   {  12,  39, {abc_fontArial26h_006E} }, /* code 006E */
   {  13,  43, {abc_fontArial26h_006F} }, /* code 006F */
   {  12,  39, {abc_fontArial26h_0070} }, /* code 0070 */
   {  12,  39, {abc_fontArial26h_0071} }, /* code 0071 */
   {   8,  26, {abc_fontArial26h_0072} }, /* code 0072 */
   {  12,  39, {abc_fontArial26h_0073} }, /* code 0073 */
   {   6,  20, {abc_fontArial26h_0074} }, /* code 0074 */
   {  12,  39, {abc_fontArial26h_0075} }, /* code 0075 */
   {  11,  36, {abc_fontArial26h_0076} }, /* code 0076 */
   {  17,  56, {abc_fontArial26h_0077} }, /* code 0077 */
   {  11,  36, {abc_fontArial26h_0078} }, /* code 0078 */
   {  11,  36, {abc_fontArial26h_0079} }, /* code 0079 */
   {  11,  36, {abc_fontArial26h_007A} }, /* code 007A */
   {   8,  26, {abc_fontArial26h_007B} }, /* code 007B */
   {   6,  20, {abc_fontArial26h_007C} }, /* code 007C */
   {   8,  26, {abc_fontArial26h_007D} }, /* code 007D */
   {  13,  43, {abc_fontArial26h_007E} }, /* code 007E */
   {   6,  20, {abc_fontArial26h_00A0} }, /* code 00A0 */
   {   8,  26, {abc_fontArial26h_00B2} }, /* code 00B2 */
   {  14,  46, {abc_fontArial26h_00BF} }, /* code 00BF */
   {  15,  49, {abc_fontArial26h_00C0} }, /* code 00C0 */
   {  15,  49, {abc_fontArial26h_00C1} }, /* code 00C1 */
   {  15,  49, {abc_fontArial26h_00C2} }, /* code 00C2 */
   {  15,  49, {abc_fontArial26h_00C3} }, /* code 00C3 */
   {  15,  49, {abc_fontArial26h_00C4} }, /* code 00C4 */
   {  15,  49, {abc_fontArial26h_00C5} }, /* code 00C5 */
   {  23,  75, {abc_fontArial26h_00C6} }, /* code 00C6 */
   {  17,  56, {abc_fontArial26h_00C7} }, /* code 00C7 */
   {  15,  49, {abc_fontArial26h_00C8} }, /* code 00C8 */
   {  15,  49, {abc_fontArial26h_00C9} }, /* code 00C9 */
   {  15,  49, {abc_fontArial26h_00CA} }, /* code 00CA */
   {  15,  49, {abc_fontArial26h_00CB} }, /* code 00CB */
   {   6,  20, {abc_fontArial26h_00CC} }, /* code 00CC */
   {   6,  20, {abc_fontArial26h_00CD} }, /* code 00CD */
   {   8,  26, {abc_fontArial26h_00CE} }, /* code 00CE */
   {   6,  20, {abc_fontArial26h_00CF} }, /* code 00CF */
   {  17,  56, {abc_fontArial26h_00D1} }, /* code 00D1 */
   {  18,  59, {abc_fontArial26h_00D2} }, /* code 00D2 */
   {  18,  59, {abc_fontArial26h_00D3} }, /* code 00D3 */
   {  18,  59, {abc_fontArial26h_00D4} }, /* code 00D4 */
   {  18,  59, {abc_fontArial26h_00D5} }, /* code 00D5 */
   {  18,  59, {abc_fontArial26h_00D6} }, /* code 00D6 */
   {  17,  56, {abc_fontArial26h_00D9} }, /* code 00D9 */
   {  17,  56, {abc_fontArial26h_00DA} }, /* code 00DA */
   {  17,  56, {abc_fontArial26h_00DB} }, /* code 00DB */
   {  17,  56, {abc_fontArial26h_00DC} }, /* code 00DC */
   {  13,  43, {abc_fontArial26h_00E0} }, /* code 00E0 */
   {  13,  43, {abc_fontArial26h_00E1} }, /* code 00E1 */
   {  13,  43, {abc_fontArial26h_00E2} }, /* code 00E2 */
   {  13,  43, {abc_fontArial26h_00E3} }, /* code 00E3 */
   {  13,  43, {abc_fontArial26h_00E4} }, /* code 00E4 */
   {  13,  43, {abc_fontArial26h_00E5} }, /* code 00E5 */
   {  20,  65, {abc_fontArial26h_00E6} }, /* code 00E6 */
   {  12,  39, {abc_fontArial26h_00E7} }, /* code 00E7 */
   {  13,  43, {abc_fontArial26h_00E8} }, /* code 00E8 */
   {  13,  43, {abc_fontArial26h_00E9} }, /* code 00E9 */
   {  13,  43, {abc_fontArial26h_00EA} }, /* code 00EA */
   {  13,  43, {abc_fontArial26h_00EB} }, /* code 00EB */
   {   6,  20, {abc_fontArial26h_00EC} }, /* code 00EC */
   {   6,  20, {abc_fontArial26h_00ED} }, /* code 00ED */
   {   8,  26, {abc_fontArial26h_00EE} }, /* code 00EE */
   {   6,  20, {abc_fontArial26h_00EF} }, /* code 00EF */
   {  13,  43, {abc_fontArial26h_00F1} }, /* code 00F1 */
   {  13,  43, {abc_fontArial26h_00F2} }, /* code 00F2 */
   {  13,  43, {abc_fontArial26h_00F3} }, /* code 00F3 */
   {  13,  43, {abc_fontArial26h_00F4} }, /* code 00F4 */
   {  13,  43, {abc_fontArial26h_00F5} }, /* code 00F5 */
   {  13,  43, {abc_fontArial26h_00F6} }, /* code 00F6 */
   {  13,  43, {abc_fontArial26h_00F9} }, /* code 00F9 */
   {  13,  43, {abc_fontArial26h_00FA} }, /* code 00FA */
   {  13,  43, {abc_fontArial26h_00FB} }, /* code 00FB */
   {  13,  43, {abc_fontArial26h_00FC} }, /* code 00FC */
   {  13,  43, {abc_fontArial26h_0101} }, /* code 0101 */
   {  13,  43, {abc_fontArial26h_0103} }, /* code 0103 */
   {  12,  39, {abc_fontArial26h_0107} }, /* code 0107 */
   {  13,  43, {abc_fontArial26h_0111} }, /* code 0111 */
   {  13,  43, {abc_fontArial26h_0119} }, /* code 0119 */
   {  13,  43, {abc_fontArial26h_0123} }, /* code 0123 */
   {   7,  23, {abc_fontArial26h_012B} }, /* code 012B */
   {   6,  20, {abc_fontArial26h_0130} }, /* code 0130 */
   {   6,  20, {abc_fontArial26h_0131} }, /* code 0131 */
   {   5,  17, {abc_fontArial26h_013C} }, /* code 013C */
   {   6,  20, {abc_fontArial26h_0142} }, /* code 0142 */
   {  12,  39, {abc_fontArial26h_015F} }, /* code 015F */
   {  12,  39, {abc_fontArial26h_016B} }, /* code 016B */
   {  11,  36, {abc_fontArial26h_017C} }, /* code 017C */
   {  15,  49, {abc_fontArial26h_01B0} }, /* code 01B0 */
   {  12,  39, {abc_fontArial26h_0219} }, /* code 0219 */
   {   6,  20, {abc_fontArial26h_021B} }, /* code 021B */
   {  15,  49, {abc_fontArial26h_0391} }, /* code 0391 */
   {  15,  49, {abc_fontArial26h_0394} }, /* code 0394 */
   {  14,  46, {abc_fontArial26h_03A3} }, /* code 03A3 */
   {  15,  49, {abc_fontArial26h_03A7} }, /* code 03A7 */
   {  13,  43, {abc_fontArial26h_03AC} }, /* code 03AC */
   {  10,  33, {abc_fontArial26h_03AD} }, /* code 03AD */
   {  12,  39, {abc_fontArial26h_03AE} }, /* code 03AE */
   {   6,  20, {abc_fontArial26h_03AF} }, /* code 03AF */
   {  13,  43, {abc_fontArial26h_03B1} }, /* code 03B1 */
   {  12,  39, {abc_fontArial26h_03B3} }, /* code 03B3 */
   {  13,  43, {abc_fontArial26h_03B4} }, /* code 03B4 */
   {  10,  33, {abc_fontArial26h_03B5} }, /* code 03B5 */
   {  12,  39, {abc_fontArial26h_03B7} }, /* code 03B7 */
   {  13,  43, {abc_fontArial26h_03B8} }, /* code 03B8 */
   {   6,  20, {abc_fontArial26h_03B9} }, /* code 03B9 */
   {  12,  39, {abc_fontArial26h_03BB} }, /* code 03BB */
   {  12,  39, {abc_fontArial26h_03BC} }, /* code 03BC */
   {  11,  36, {abc_fontArial26h_03BD} }, /* code 03BD */
   {  10,  33, {abc_fontArial26h_03BE} }, /* code 03BE */
   {  13,  43, {abc_fontArial26h_03BF} }, /* code 03BF */
   {  16,  52, {abc_fontArial26h_03C0} }, /* code 03C0 */
   {  13,  43, {abc_fontArial26h_03C1} }, /* code 03C1 */
   {  11,  36, {abc_fontArial26h_03C2} }, /* code 03C2 */
   {  14,  46, {abc_fontArial26h_03C3} }, /* code 03C3 */
   {   9,  30, {abc_fontArial26h_03C4} }, /* code 03C4 */
   {  12,  39, {abc_fontArial26h_03C5} }, /* code 03C5 */
   {  15,  49, {abc_fontArial26h_03C6} }, /* code 03C6 */
   {  12,  39, {abc_fontArial26h_03C7} }, /* code 03C7 */
   {  18,  59, {abc_fontArial26h_03C9} }, /* code 03C9 */
   {  13,  43, {abc_fontArial26h_03CC} }, /* code 03CC */
   {  12,  39, {abc_fontArial26h_03CD} }, /* code 03CD */
   {   8,  26, {abc_fontArial26h_061F} }, /* code 061F */
   {   9,  30, {abc_fontArial26h_0621} }, /* code 0621 */
   {   5,  17, {abc_fontArial26h_0623} }, /* code 0623 */
   {   5,  17, {abc_fontArial26h_0625} }, /* code 0625 */
   {   5,  17, {abc_fontArial26h_0627} }, /* code 0627 */
   {  16,  52, {abc_fontArial26h_0628} }, /* code 0628 */
   {   6,  20, {abc_fontArial26h_0629} }, /* code 0629 */
   {  16,  52, {abc_fontArial26h_062A} }, /* code 062A */
   {  13,  43, {abc_fontArial26h_062C} }, /* code 062C */
   {   8,  26, {abc_fontArial26h_062F} }, /* code 062F */
   {  11,  36, {abc_fontArial26h_0631} }, /* code 0631 */
   {  11,  36, {abc_fontArial26h_0632} }, /* code 0632 */
   {  19,  62, {abc_fontArial26h_0633} }, /* code 0633 */
   {  25,  82, {abc_fontArial26h_0635} }, /* code 0635 */
   {  14,  46, {abc_fontArial26h_0637} }, /* code 0637 */
   {  13,  43, {abc_fontArial26h_0639} }, /* code 0639 */
   {  13,  43, {abc_fontArial26h_063A} }, /* code 063A */
   {  18,  59, {abc_fontArial26h_0641} }, /* code 0641 */
   {  13,  43, {abc_fontArial26h_0642} }, /* code 0642 */
   {  14,  46, {abc_fontArial26h_0643} }, /* code 0643 */
   {  12,  39, {abc_fontArial26h_0644} }, /* code 0644 */
   {   8,  26, {abc_fontArial26h_0645} }, /* code 0645 */
   {  12,  39, {abc_fontArial26h_0646} }, /* code 0646 */
   {   6,  20, {abc_fontArial26h_0647} }, /* code 0647 */
   {  10,  33, {abc_fontArial26h_0648} }, /* code 0648 */
   {  15,  49, {abc_fontArial26h_0649} }, /* code 0649 */
   {  15,  49, {abc_fontArial26h_064A} }, /* code 064A */
   {  13,  43, {abc_fontArial26h_1EA5} }, /* code 1EA5 */
   {  13,  43, {abc_fontArial26h_1EB1} }, /* code 1EB1 */
   {  13,  43, {abc_fontArial26h_1EB5} }, /* code 1EB5 */
   {  13,  43, {abc_fontArial26h_1EBF} }, /* code 1EBF */
   {   5,  17, {abc_fontArial26h_1EC9} }, /* code 1EC9 */
   {  13,  43, {abc_fontArial26h_1ED1} }, /* code 1ED1 */
   {  13,  43, {abc_fontArial26h_1ED3} }, /* code 1ED3 */
   {  15,  49, {abc_fontArial26h_1EE3} }, /* code 1EE3 */
   {  12,  39, {abc_fontArial26h_1EE5} }  /* code 1EE5 */
};

const BFC_FONT_PROP fontArial26h_Prop57 = {
   0x1EE5, /* first character */
   0x1EE5, /* last character  */
   &fontArial26h_CharInfo[ 233],  /* address of first character */
   (const BFC_FONT_PROP *)0				/* pointer to next BFC_FONT_PROP */
};

const BFC_FONT_PROP fontArial26h_Prop56 = {
   0x1EE3, /* first character */
   0x1EE3, /* last character  */
   &fontArial26h_CharInfo[ 232],  /* address of first character */
   &fontArial26h_Prop57			/* pointer to next BFC_FONT_PROP */
};

const BFC_FONT_PROP fontArial26h_Prop55 = {
   0x1ED3, /* first character */
   0x1ED3, /* last character  */
   &fontArial26h_CharInfo[ 231],  /* address of first character */
   &fontArial26h_Prop56			/* pointer to next BFC_FONT_PROP */
};

const BFC_FONT_PROP fontArial26h_Prop54 = {
   0x1ED1, /* first character */
   0x1ED1, /* last character  */
   &fontArial26h_CharInfo[ 230],  /* address of first character */
   &fontArial26h_Prop55			/* pointer to next BFC_FONT_PROP */
};

const BFC_FONT_PROP fontArial26h_Prop53 = {
   0x1EC9, /* first character */
   0x1EC9, /* last character  */
   &fontArial26h_CharInfo[ 229],  /* address of first character */
   &fontArial26h_Prop54			/* pointer to next BFC_FONT_PROP */
};

const BFC_FONT_PROP fontArial26h_Prop52 = {
   0x1EBF, /* first character */
   0x1EBF, /* last character  */
   &fontArial26h_CharInfo[ 228],  /* address of first character */
   &fontArial26h_Prop53			/* pointer to next BFC_FONT_PROP */
};

const BFC_FONT_PROP fontArial26h_Prop51 = {
   0x1EB5, /* first character */
   0x1EB5, /* last character  */
   &fontArial26h_CharInfo[ 227],  /* address of first character */
   &fontArial26h_Prop52			/* pointer to next BFC_FONT_PROP */
};

const BFC_FONT_PROP fontArial26h_Prop50 = {
   0x1EB1, /* first character */
   0x1EB1, /* last character  */
   &fontArial26h_CharInfo[ 226],  /* address of first character */
   &fontArial26h_Prop51			/* pointer to next BFC_FONT_PROP */
};

const BFC_FONT_PROP fontArial26h_Prop49 = {
   0x1EA5, /* first character */
   0x1EA5, /* last character  */
   &fontArial26h_CharInfo[ 225],  /* address of first character */
   &fontArial26h_Prop50			/* pointer to next BFC_FONT_PROP */
};

const BFC_FONT_PROP fontArial26h_Prop48 = {
   0x0641, /* first character */
   0x064A, /* last character  */
   &fontArial26h_CharInfo[ 215],  /* address of first character */
   &fontArial26h_Prop49			/* pointer to next BFC_FONT_PROP */
};

const BFC_FONT_PROP fontArial26h_Prop47 = {
   0x0639, /* first character */
   0x063A, /* last character  */
   &fontArial26h_CharInfo[ 213],  /* address of first character */
   &fontArial26h_Prop48			/* pointer to next BFC_FONT_PROP */
};

const BFC_FONT_PROP fontArial26h_Prop46 = {
   0x0637, /* first character */
   0x0637, /* last character  */
   &fontArial26h_CharInfo[ 212],  /* address of first character */
   &fontArial26h_Prop47			/* pointer to next BFC_FONT_PROP */
};

const BFC_FONT_PROP fontArial26h_Prop45 = {
   0x0635, /* first character */
   0x0635, /* last character  */
   &fontArial26h_CharInfo[ 211],  /* address of first character */
   &fontArial26h_Prop46			/* pointer to next BFC_FONT_PROP */
};

const BFC_FONT_PROP fontArial26h_Prop44 = {
   0x0631, /* first character */
   0x0633, /* last character  */
   &fontArial26h_CharInfo[ 208],  /* address of first character */
   &fontArial26h_Prop45			/* pointer to next BFC_FONT_PROP */
};

const BFC_FONT_PROP fontArial26h_Prop43 = {
   0x062F, /* first character */
   0x062F, /* last character  */
   &fontArial26h_CharInfo[ 207],  /* address of first character */
   &fontArial26h_Prop44			/* pointer to next BFC_FONT_PROP */
};

const BFC_FONT_PROP fontArial26h_Prop42 = {
   0x062C, /* first character */
   0x062C, /* last character  */
   &fontArial26h_CharInfo[ 206],  /* address of first character */
   &fontArial26h_Prop43			/* pointer to next BFC_FONT_PROP */
};

const BFC_FONT_PROP fontArial26h_Prop41 = {
   0x0627, /* first character */
   0x062A, /* last character  */
   &fontArial26h_CharInfo[ 202],  /* address of first character */
   &fontArial26h_Prop42			/* pointer to next BFC_FONT_PROP */
};

const BFC_FONT_PROP fontArial26h_Prop40 = {
   0x0625, /* first character */
   0x0625, /* last character  */
   &fontArial26h_CharInfo[ 201],  /* address of first character */
   &fontArial26h_Prop41			/* pointer to next BFC_FONT_PROP */
};

const BFC_FONT_PROP fontArial26h_Prop39 = {
   0x0623, /* first character */
   0x0623, /* last character  */
   &fontArial26h_CharInfo[ 200],  /* address of first character */
   &fontArial26h_Prop40			/* pointer to next BFC_FONT_PROP */
};

const BFC_FONT_PROP fontArial26h_Prop38 = {
   0x0621, /* first character */
   0x0621, /* last character  */
   &fontArial26h_CharInfo[ 199],  /* address of first character */
   &fontArial26h_Prop39			/* pointer to next BFC_FONT_PROP */
};

const BFC_FONT_PROP fontArial26h_Prop37 = {
   0x061F, /* first character */
   0x061F, /* last character  */
   &fontArial26h_CharInfo[ 198],  /* address of first character */
   &fontArial26h_Prop38			/* pointer to next BFC_FONT_PROP */
};

const BFC_FONT_PROP fontArial26h_Prop36 = {
   0x03CC, /* first character */
   0x03CD, /* last character  */
   &fontArial26h_CharInfo[ 196],  /* address of first character */
   &fontArial26h_Prop37			/* pointer to next BFC_FONT_PROP */
};

const BFC_FONT_PROP fontArial26h_Prop35 = {
   0x03C9, /* first character */
   0x03C9, /* last character  */
   &fontArial26h_CharInfo[ 195],  /* address of first character */
   &fontArial26h_Prop36			/* pointer to next BFC_FONT_PROP */
};

const BFC_FONT_PROP fontArial26h_Prop34 = {
   0x03BB, /* first character */
   0x03C7, /* last character  */
   &fontArial26h_CharInfo[ 182],  /* address of first character */
   &fontArial26h_Prop35			/* pointer to next BFC_FONT_PROP */
};

const BFC_FONT_PROP fontArial26h_Prop33 = {
   0x03B7, /* first character */
   0x03B9, /* last character  */
   &fontArial26h_CharInfo[ 179],  /* address of first character */
   &fontArial26h_Prop34			/* pointer to next BFC_FONT_PROP */
};

const BFC_FONT_PROP fontArial26h_Prop32 = {
   0x03B3, /* first character */
   0x03B5, /* last character  */
   &fontArial26h_CharInfo[ 176],  /* address of first character */
   &fontArial26h_Prop33			/* pointer to next BFC_FONT_PROP */
};

const BFC_FONT_PROP fontArial26h_Prop31 = {
   0x03B1, /* first character */
   0x03B1, /* last character  */
   &fontArial26h_CharInfo[ 175],  /* address of first character */
   &fontArial26h_Prop32			/* pointer to next BFC_FONT_PROP */
};

const BFC_FONT_PROP fontArial26h_Prop30 = {
   0x03AC, /* first character */
   0x03AF, /* last character  */
   &fontArial26h_CharInfo[ 171],  /* address of first character */
   &fontArial26h_Prop31			/* pointer to next BFC_FONT_PROP */
};

const BFC_FONT_PROP fontArial26h_Prop29 = {
   0x03A7, /* first character */
   0x03A7, /* last character  */
   &fontArial26h_CharInfo[ 170],  /* address of first character */
   &fontArial26h_Prop30			/* pointer to next BFC_FONT_PROP */
};

const BFC_FONT_PROP fontArial26h_Prop28 = {
   0x03A3, /* first character */
   0x03A3, /* last character  */
   &fontArial26h_CharInfo[ 169],  /* address of first character */
   &fontArial26h_Prop29			/* pointer to next BFC_FONT_PROP */
};

const BFC_FONT_PROP fontArial26h_Prop27 = {
   0x0394, /* first character */
   0x0394, /* last character  */
   &fontArial26h_CharInfo[ 168],  /* address of first character */
   &fontArial26h_Prop28			/* pointer to next BFC_FONT_PROP */
};

const BFC_FONT_PROP fontArial26h_Prop26 = {
   0x0391, /* first character */
   0x0391, /* last character  */
   &fontArial26h_CharInfo[ 167],  /* address of first character */
   &fontArial26h_Prop27			/* pointer to next BFC_FONT_PROP */
};

const BFC_FONT_PROP fontArial26h_Prop25 = {
   0x021B, /* first character */
   0x021B, /* last character  */
   &fontArial26h_CharInfo[ 166],  /* address of first character */
   &fontArial26h_Prop26			/* pointer to next BFC_FONT_PROP */
};

const BFC_FONT_PROP fontArial26h_Prop24 = {
   0x0219, /* first character */
   0x0219, /* last character  */
   &fontArial26h_CharInfo[ 165],  /* address of first character */
   &fontArial26h_Prop25			/* pointer to next BFC_FONT_PROP */
};

const BFC_FONT_PROP fontArial26h_Prop23 = {
   0x01B0, /* first character */
   0x01B0, /* last character  */
   &fontArial26h_CharInfo[ 164],  /* address of first character */
   &fontArial26h_Prop24			/* pointer to next BFC_FONT_PROP */
};

const BFC_FONT_PROP fontArial26h_Prop22 = {
   0x017C, /* first character */
   0x017C, /* last character  */
   &fontArial26h_CharInfo[ 163],  /* address of first character */
   &fontArial26h_Prop23			/* pointer to next BFC_FONT_PROP */
};

const BFC_FONT_PROP fontArial26h_Prop21 = {
   0x016B, /* first character */
   0x016B, /* last character  */
   &fontArial26h_CharInfo[ 162],  /* address of first character */
   &fontArial26h_Prop22			/* pointer to next BFC_FONT_PROP */
};

const BFC_FONT_PROP fontArial26h_Prop20 = {
   0x015F, /* first character */
   0x015F, /* last character  */
   &fontArial26h_CharInfo[ 161],  /* address of first character */
   &fontArial26h_Prop21			/* pointer to next BFC_FONT_PROP */
};

const BFC_FONT_PROP fontArial26h_Prop19 = {
   0x0142, /* first character */
   0x0142, /* last character  */
   &fontArial26h_CharInfo[ 160],  /* address of first character */
   &fontArial26h_Prop20			/* pointer to next BFC_FONT_PROP */
};

const BFC_FONT_PROP fontArial26h_Prop18 = {
   0x013C, /* first character */
   0x013C, /* last character  */
   &fontArial26h_CharInfo[ 159],  /* address of first character */
   &fontArial26h_Prop19			/* pointer to next BFC_FONT_PROP */
};

const BFC_FONT_PROP fontArial26h_Prop17 = {
   0x0130, /* first character */
   0x0131, /* last character  */
   &fontArial26h_CharInfo[ 157],  /* address of first character */
   &fontArial26h_Prop18			/* pointer to next BFC_FONT_PROP */
};

const BFC_FONT_PROP fontArial26h_Prop16 = {
   0x012B, /* first character */
   0x012B, /* last character  */
   &fontArial26h_CharInfo[ 156],  /* address of first character */
   &fontArial26h_Prop17			/* pointer to next BFC_FONT_PROP */
};

const BFC_FONT_PROP fontArial26h_Prop15 = {
   0x0123, /* first character */
   0x0123, /* last character  */
   &fontArial26h_CharInfo[ 155],  /* address of first character */
   &fontArial26h_Prop16			/* pointer to next BFC_FONT_PROP */
};

const BFC_FONT_PROP fontArial26h_Prop14 = {
   0x0119, /* first character */
   0x0119, /* last character  */
   &fontArial26h_CharInfo[ 154],  /* address of first character */
   &fontArial26h_Prop15			/* pointer to next BFC_FONT_PROP */
};

const BFC_FONT_PROP fontArial26h_Prop13 = {
   0x0111, /* first character */
   0x0111, /* last character  */
   &fontArial26h_CharInfo[ 153],  /* address of first character */
   &fontArial26h_Prop14			/* pointer to next BFC_FONT_PROP */
};

const BFC_FONT_PROP fontArial26h_Prop12 = {
   0x0107, /* first character */
   0x0107, /* last character  */
   &fontArial26h_CharInfo[ 152],  /* address of first character */
   &fontArial26h_Prop13			/* pointer to next BFC_FONT_PROP */
};

const BFC_FONT_PROP fontArial26h_Prop11 = {
   0x0103, /* first character */
   0x0103, /* last character  */
   &fontArial26h_CharInfo[ 151],  /* address of first character */
   &fontArial26h_Prop12			/* pointer to next BFC_FONT_PROP */
};

const BFC_FONT_PROP fontArial26h_Prop10 = {
   0x0101, /* first character */
   0x0101, /* last character  */
   &fontArial26h_CharInfo[ 150],  /* address of first character */
   &fontArial26h_Prop11			/* pointer to next BFC_FONT_PROP */
};

const BFC_FONT_PROP fontArial26h_Prop9 = {
   0x00F9, /* first character */
   0x00FC, /* last character  */
   &fontArial26h_CharInfo[ 146],  /* address of first character */
   &fontArial26h_Prop10			/* pointer to next BFC_FONT_PROP */
};

const BFC_FONT_PROP fontArial26h_Prop8 = {
   0x00F1, /* first character */
   0x00F6, /* last character  */
   &fontArial26h_CharInfo[ 140],  /* address of first character */
   &fontArial26h_Prop9			/* pointer to next BFC_FONT_PROP */
};

const BFC_FONT_PROP fontArial26h_Prop7 = {
   0x00E0, /* first character */
   0x00EF, /* last character  */
   &fontArial26h_CharInfo[ 124],  /* address of first character */
   &fontArial26h_Prop8			/* pointer to next BFC_FONT_PROP */
};

const BFC_FONT_PROP fontArial26h_Prop6 = {
   0x00D9, /* first character */
   0x00DC, /* last character  */
   &fontArial26h_CharInfo[ 120],  /* address of first character */
   &fontArial26h_Prop7			/* pointer to next BFC_FONT_PROP */
};

const BFC_FONT_PROP fontArial26h_Prop5 = {
   0x00D1, /* first character */
   0x00D6, /* last character  */
   &fontArial26h_CharInfo[ 114],  /* address of first character */
   &fontArial26h_Prop6			/* pointer to next BFC_FONT_PROP */
};

const BFC_FONT_PROP fontArial26h_Prop4 = {
   0x00BF, /* first character */
   0x00CF, /* last character  */
   &fontArial26h_CharInfo[  97],  /* address of first character */
   &fontArial26h_Prop5			/* pointer to next BFC_FONT_PROP */
};

const BFC_FONT_PROP fontArial26h_Prop3 = {
   0x00B2, /* first character */
   0x00B2, /* last character  */
   &fontArial26h_CharInfo[  96],  /* address of first character */
   &fontArial26h_Prop4			/* pointer to next BFC_FONT_PROP */
};

const BFC_FONT_PROP fontArial26h_Prop2 = {
   0x00A0, /* first character */
   0x00A0, /* last character  */
   &fontArial26h_CharInfo[  95],  /* address of first character */
   &fontArial26h_Prop3			/* pointer to next BFC_FONT_PROP */
};

const BFC_FONT_PROP fontArial26h_Prop1 = {
   0x0020, /* first character */
   0x007E, /* last character  */
   &fontArial26h_CharInfo[   0],  /* address of first character */
   &fontArial26h_Prop2			/* pointer to next BFC_FONT_PROP */
};

const BFC_FONT fontArial26h = {
   0x01020802,  /* font type = FONTTYPE_PROP | DATA_PACKED | ENCODING_UNICODE | DATALENGTH_8 */
   26,  /* font height in pixels   */
   21,  /* font ascent (baseline) in pixels  */
   0 ,  /* reversed, =0 */
   {&fontArial26h_Prop1}  
};
