/*******************************************************************************
 *                                                                             *
 * This file is generated by BitFontCreator Pro v3.8                           *
 * by Iseatech Software   http://www.iseasoft.com/bitfontcreator.html          *
 *                        support@iseasoft.com                                 *
 *                                                                             *
 * Font name: Arial Narrow                                                     *
 * Font width: 0 (proportional font)                                           *
 * Font height: 50                                                             *
 * Encode: Unicode                                                             *
 * Data length: 8 bits                                                         *
 * Invert bits: No                                                             *
 * Data format: Big Endian, Row based, Row preferred, Packed                   *
 *                                                                             *
 * Create time: 14:25 08-16-2026                                               *
 *******************************************************************************/

#include "bfcfont.h"

/* The following line needs to be included in any file selecting the
   font.
*/
extern const BFC_FONT fontArialNarrow50h;

const UCHAR abc_fontArialNarrow50h_0020[  63] = { /* code 0020 */
  0x00,  0x00,  0x00,  0x00,  0x00,  0x00,  0x00,  0x00,
  0x00,  0x00,  0x00,  0x00,  0x00,  0x00,  0x00,  0x00,
  0x00,  0x00,  0x00,  0x00,  0x00,  0x00,  0x00,  0x00,
  0x00,  0x00,  0x00,  0x00,  0x00,  0x00,  0x00,  0x00,
  0x00,  0x00,  0x00,  0x00,  0x00,  0x00,  0x00,  0x00,
  0x00,  0x00,  0x00,  0x00,  0x00,  0x00,  0x00,  0x00,
  0x00,  0x00,  0x00,  0x00,  0x00,  0x00,  0x00,  0x00,
  0x00,  0x00,  0x00,  0x00,  0x00,  0x00,  0x00
};

const UCHAR abc_fontArialNarrow50h_0021[  63] = { /* code 0021 */
  0x00,  0x00,  0x00,  0x00,  0x00,  0x00,  0x00,  0x00,
  0x00,  0x00,  0x00,  0x00,  0x01,  0xC0,  0x70,  0x1C,
  0x07,  0x01,  0xC0,  0x70,  0x1C,  0x07,  0x01,  0xC0,
  0x70,  0x1C,  0x07,  0x01,  0xC0,  0x70,  0x1C,  0x07,
  0x01,  0xC0,  0x70,  0x0C,  0x02,  0x00,  0x80,  0x20,
  0x08,  0x00,  0x00,  0x00,  0x00,  0x00,  0x07,  0x01,
  0xC0,  0x70,  0x1C,  0x00,  0x00,  0x00,  0x00,  0x00,
  0x00,  0x00,  0x00,  0x00,  0x00,  0x00,  0x00
};

const UCHAR abc_fontArialNarrow50h_0022[  82] = { /* code 0022 */
  0x00,  0x00,  0x00,  0x00,  0x00,  0x00,  0x00,  0x00,
  0x00,  0x00,  0x00,  0x00,  0x00,  0x00,  0x00,  0x00,
  0x0E,  0x70,  0x73,  0x83,  0x9C,  0x1C,  0xE0,  0xE7,
  0x07,  0x38,  0x39,  0xC1,  0xCE,  0x0E,  0x70,  0x31,
  0x01,  0x08,  0x00,  0x00,  0x00,  0x00,  0x00,  0x00,
  0x00,  0x00,  0x00,  0x00,  0x00,  0x00,  0x00,  0x00,
  0x00,  0x00,  0x00,  0x00,  0x00,  0x00,  0x00,  0x00,
  0x00,  0x00,  0x00,  0x00,  0x00,  0x00,  0x00,  0x00,
  0x00,  0x00,  0x00,  0x00,  0x00,  0x00,  0x00,  0x00,
  0x00,  0x00,  0x00,  0x00,  0x00,  0x00,  0x00,  0x00,
  0x00,  0x00
};

const UCHAR abc_fontArialNarrow50h_0023[ 132] = { /* code 0023 */
  0x00,  0x00,  0x00,  0x00,  0x00,  0x00,  0x00,  0x00,
  0x00,  0x00,  0x00,  0x00,  0x00,  0x00,  0x00,  0x00,
  0x00,  0x00,  0x00,  0x00,  0x00,  0x00,  0x00,  0x00,
  0x00,  0x00,  0x00,  0x70,  0x70,  0x03,  0x83,  0x80,
  0x1C,  0x1C,  0x01,  0xC1,  0xC0,  0x0E,  0x0E,  0x00,
  0x70,  0x70,  0x03,  0x83,  0x80,  0x1C,  0x1C,  0x00,
  0xE0,  0xE1,  0xFF,  0xFF,  0xEF,  0xFF,  0xFF,  0x7F,
  0xFF,  0xF8,  0x1C,  0x1C,  0x00,  0xE0,  0xE0,  0x07,
  0x07,  0x00,  0x78,  0x78,  0x03,  0x83,  0x80,  0x1C,
  0x1C,  0x00,  0xE0,  0xE0,  0x7F,  0xFF,  0xFB,  0xFF,
  0xFF,  0xDF,  0xFF,  0xFE,  0x1C,  0x1C,  0x00,  0xE0,
  0xE0,  0x07,  0x07,  0x00,  0x38,  0x38,  0x01,  0xC1,
  0xC0,  0x0E,  0x0E,  0x00,  0xE0,  0xE0,  0x07,  0x07,
  0x00,  0x38,  0x38,  0x00,  0x00,  0x00,  0x00,  0x00,
  0x00,  0x00,  0x00,  0x00,  0x00,  0x00,  0x00,  0x00,
  0x00,  0x00,  0x00,  0x00,  0x00,  0x00,  0x00,  0x00,
  0x00,  0x00,  0x00,  0x00
};

const UCHAR abc_fontArialNarrow50h_0024[ 125] = { /* code 0024 */
  0x00,  0x00,  0x00,  0x00,  0x00,  0x00,  0x00,  0x00,
  0x00,  0x00,  0x00,  0x00,  0x00,  0x00,  0x00,  0x00,
  0x00,  0x00,  0x00,  0x00,  0x00,  0x60,  0x00,  0x06,
  0x00,  0x01,  0xF8,  0x00,  0x7F,  0xE0,  0x0F,  0xFF,
  0x01,  0xF6,  0xF8,  0x1C,  0x63,  0x83,  0xC6,  0x38,
  0x38,  0x61,  0xC3,  0x86,  0x1C,  0x38,  0x60,  0x03,
  0x86,  0x00,  0x38,  0x60,  0x01,  0xC6,  0x00,  0x1E,
  0x60,  0x00,  0xFE,  0x00,  0x07,  0xF8,  0x00,  0x3F,
  0xE0,  0x00,  0x7F,  0x80,  0x06,  0xFC,  0x00,  0x63,
  0xC0,  0x06,  0x1E,  0x00,  0x60,  0xE0,  0x06,  0x0E,
  0x38,  0x60,  0xE3,  0x86,  0x0E,  0x3C,  0x60,  0xE1,
  0xC6,  0x1E,  0x1E,  0x63,  0xC1,  0xF6,  0x78,  0x0F,
  0xFF,  0x80,  0x7F,  0xE0,  0x01,  0xFC,  0x00,  0x06,
  0x00,  0x00,  0x60,  0x00,  0x06,  0x00,  0x00,  0x60,
  0x00,  0x00,  0x00,  0x00,  0x00,  0x00,  0x00,  0x00,
  0x00,  0x00,  0x00,  0x00,  0x00
};

const UCHAR abc_fontArialNarrow50h_0025[ 194] = { /* code 0025 */
  0x00,  0x00,  0x00,  0x00,  0x00,  0x00,  0x00,  0x00,
  0x00,  0x00,  0x00,  0x00,  0x00,  0x00,  0x00,  0x00,
  0x00,  0x00,  0x00,  0x00,  0x00,  0x00,  0x00,  0x00,
  0x00,  0x00,  0x00,  0x00,  0x00,  0x00,  0x00,  0x00,
  0x00,  0x00,  0x00,  0x00,  0x00,  0x00,  0x00,  0x1F,
  0x00,  0x1C,  0x00,  0x7F,  0x00,  0x38,  0x01,  0xFF,
  0x00,  0xE0,  0x03,  0x8E,  0x01,  0xC0,  0x0F,  0x1E,
  0x07,  0x00,  0x1C,  0x1C,  0x0E,  0x00,  0x38,  0x38,
  0x3C,  0x00,  0x70,  0x70,  0x70,  0x00,  0xE0,  0xE1,
  0xE0,  0x01,  0xC1,  0xC3,  0x80,  0x03,  0x83,  0x87,
  0x00,  0x07,  0x87,  0x1C,  0x00,  0x07,  0x1C,  0x38,
  0x00,  0x0F,  0xF8,  0xE0,  0x00,  0x0F,  0xE1,  0xC0,
  0x00,  0x0F,  0x87,  0x8F,  0x80,  0x00,  0x0E,  0x3F,
  0x80,  0x00,  0x3C,  0xFF,  0x80,  0x00,  0x71,  0xC7,
  0x00,  0x00,  0xE7,  0x87,  0x00,  0x03,  0x8E,  0x0E,
  0x00,  0x07,  0x1C,  0x1C,  0x00,  0x1C,  0x38,  0x38,
  0x00,  0x38,  0x70,  0x70,  0x00,  0xF0,  0xE0,  0xE0,
  0x01,  0xC1,  0xC1,  0xC0,  0x07,  0x83,  0xC7,  0x80,
  0x0E,  0x03,  0x8E,  0x00,  0x1C,  0x07,  0xFC,  0x00,
  0x70,  0x07,  0xF0,  0x00,  0xE0,  0x07,  0xC0,  0x00,
  0x00,  0x00,  0x00,  0x00,  0x00,  0x00,  0x00,  0x00,
  0x00,  0x00,  0x00,  0x00,  0x00,  0x00,  0x00,  0x00,
  0x00,  0x00,  0x00,  0x00,  0x00,  0x00,  0x00,  0x00,
  0x00,  0x00,  0x00,  0x00,  0x00,  0x00,  0x00,  0x00,
  0x00,  0x00
};

const UCHAR abc_fontArialNarrow50h_0026[ 150] = { /* code 0026 */
  0x00,  0x00,  0x00,  0x00,  0x00,  0x00,  0x00,  0x00,
  0x00,  0x00,  0x00,  0x00,  0x00,  0x00,  0x00,  0x00,
  0x00,  0x00,  0x00,  0x00,  0x00,  0x00,  0x00,  0x00,
  0x00,  0x00,  0x00,  0x00,  0x00,  0x00,  0x00,  0x7C,
  0x00,  0x01,  0xFE,  0x00,  0x03,  0xFF,  0x00,  0x03,
  0x87,  0x00,  0x07,  0x03,  0x80,  0x07,  0x03,  0x80,
  0x07,  0x03,  0x80,  0x07,  0x03,  0x80,  0x07,  0x03,
  0x80,  0x03,  0x87,  0x00,  0x03,  0x8F,  0x00,  0x01,
  0xFE,  0x00,  0x01,  0xFC,  0x00,  0x01,  0xF0,  0x00,
  0x03,  0xF0,  0x00,  0x07,  0xF8,  0x00,  0x0F,  0x38,
  0x30,  0x1E,  0x1C,  0x38,  0x1C,  0x1E,  0x78,  0x3C,
  0x0E,  0x70,  0x38,  0x0F,  0xF0,  0x38,  0x07,  0xF0,
  0x38,  0x03,  0xE0,  0x38,  0x03,  0xE0,  0x38,  0x01,
  0xE0,  0x1C,  0x03,  0xF0,  0x1E,  0x07,  0xF8,  0x0F,
  0x0F,  0xFC,  0x0F,  0xFF,  0x3E,  0x07,  0xFE,  0x1C,
  0x01,  0xF8,  0x08,  0x00,  0x00,  0x00,  0x00,  0x00,
  0x00,  0x00,  0x00,  0x00,  0x00,  0x00,  0x00,  0x00,
  0x00,  0x00,  0x00,  0x00,  0x00,  0x00,  0x00,  0x00,
  0x00,  0x00,  0x00,  0x00,  0x00,  0x00
};

const UCHAR abc_fontArialNarrow50h_0027[  44] = { /* code 0027 */
  0x00,  0x00,  0x00,  0x00,  0x00,  0x00,  0x00,  0x00,
  0x00,  0xE1,  0xC3,  0x87,  0x0E,  0x1C,  0x38,  0x70,
  0xE0,  0x81,  0x00,  0x00,  0x00,  0x00,  0x00,  0x00,
  0x00,  0x00,  0x00,  0x00,  0x00,  0x00,  0x00,  0x00,
  0x00,  0x00,  0x00,  0x00,  0x00,  0x00,  0x00,  0x00,
  0x00,  0x00,  0x00,  0x00
};

const UCHAR abc_fontArialNarrow50h_0028[  75] = { /* code 0028 */
  0x00,  0x00,  0x00,  0x00,  0x00,  0x00,  0x00,  0x00,
  0x00,  0x00,  0x00,  0x00,  0x00,  0x00,  0x00,  0x01,
  0xC0,  0x38,  0x03,  0x80,  0x70,  0x07,  0x00,  0x70,
  0x0E,  0x00,  0xE0,  0x0E,  0x01,  0xC0,  0x1C,  0x01,
  0xC0,  0x1C,  0x01,  0xC0,  0x38,  0x03,  0x80,  0x38,
  0x03,  0x80,  0x38,  0x03,  0x80,  0x38,  0x03,  0x80,
  0x38,  0x03,  0x80,  0x38,  0x03,  0x80,  0x1C,  0x01,
  0xC0,  0x1C,  0x01,  0xC0,  0x1C,  0x00,  0xE0,  0x0E,
  0x00,  0xE0,  0x07,  0x00,  0x70,  0x07,  0x00,  0x38,
  0x03,  0x80,  0x1C
};

const UCHAR abc_fontArialNarrow50h_0029[  75] = { /* code 0029 */
  0x00,  0x00,  0x00,  0x00,  0x00,  0x00,  0x00,  0x00,
  0x00,  0x00,  0x00,  0x00,  0x00,  0x00,  0x00,  0x70,
  0x03,  0x80,  0x38,  0x01,  0xC0,  0x1C,  0x01,  0xC0,
  0x0E,  0x00,  0xE0,  0x0E,  0x00,  0x70,  0x07,  0x00,
  0x70,  0x07,  0x00,  0x70,  0x03,  0x80,  0x38,  0x03,
  0x80,  0x38,  0x03,  0x80,  0x38,  0x03,  0x80,  0x38,
  0x03,  0x80,  0x38,  0x03,  0x80,  0x38,  0x07,  0x80,
  0x70,  0x07,  0x00,  0x70,  0x07,  0x00,  0xE0,  0x0E,
  0x00,  0xE0,  0x1C,  0x01,  0xC0,  0x1C,  0x03,  0x80,
  0x38,  0x07,  0x00
};

const UCHAR abc_fontArialNarrow50h_002A[  88] = { /* code 002A */
  0x00,  0x00,  0x00,  0x00,  0x00,  0x00,  0x00,  0x00,
  0x00,  0x00,  0x00,  0x00,  0x00,  0x00,  0x00,  0x00,
  0x00,  0x00,  0x38,  0x00,  0xE0,  0x03,  0x80,  0x8E,
  0x27,  0xBB,  0xDF,  0xFF,  0x1F,  0xF0,  0x1F,  0x00,
  0x6C,  0x03,  0xB8,  0x1C,  0x70,  0x71,  0xC0,  0x82,
  0x00,  0x00,  0x00,  0x00,  0x00,  0x00,  0x00,  0x00,
  0x00,  0x00,  0x00,  0x00,  0x00,  0x00,  0x00,  0x00,
  0x00,  0x00,  0x00,  0x00,  0x00,  0x00,  0x00,  0x00,
  0x00,  0x00,  0x00,  0x00,  0x00,  0x00,  0x00,  0x00,
  0x00,  0x00,  0x00,  0x00,  0x00,  0x00,  0x00,  0x00,
  0x00,  0x00,  0x00,  0x00,  0x00,  0x00,  0x00,  0x00
};

const UCHAR abc_fontArialNarrow50h_002B[ 132] = { /* code 002B */
  0x00,  0x00,  0x00,  0x00,  0x00,  0x00,  0x00,  0x00,
  0x00,  0x00,  0x00,  0x00,  0x00,  0x00,  0x00,  0x00,
  0x00,  0x00,  0x00,  0x00,  0x00,  0x00,  0x00,  0x00,
  0x00,  0x00,  0x00,  0x00,  0x00,  0x00,  0x00,  0x00,
  0x00,  0x00,  0x00,  0x00,  0x00,  0x00,  0x00,  0x00,
  0x00,  0x00,  0x00,  0x00,  0x00,  0x00,  0x00,  0x00,
  0x00,  0x00,  0x00,  0x70,  0x00,  0x03,  0x80,  0x00,
  0x1C,  0x00,  0x00,  0xE0,  0x00,  0x07,  0x00,  0x00,
  0x38,  0x00,  0x01,  0xC0,  0x0F,  0xFF,  0xFE,  0x7F,
  0xFF,  0xF3,  0xFF,  0xFF,  0x80,  0x1C,  0x00,  0x00,
  0xE0,  0x00,  0x07,  0x00,  0x00,  0x38,  0x00,  0x01,
  0xC0,  0x00,  0x0E,  0x00,  0x00,  0x70,  0x00,  0x00,
  0x00,  0x00,  0x00,  0x00,  0x00,  0x00,  0x00,  0x00,
  0x00,  0x00,  0x00,  0x00,  0x00,  0x00,  0x00,  0x00,
  0x00,  0x00,  0x00,  0x00,  0x00,  0x00,  0x00,  0x00,
  0x00,  0x00,  0x00,  0x00,  0x00,  0x00,  0x00,  0x00,
  0x00,  0x00,  0x00,  0x00
};

const UCHAR abc_fontArialNarrow50h_002C[  63] = { /* code 002C */
  0x00,  0x00,  0x00,  0x00,  0x00,  0x00,  0x00,  0x00,
  0x00,  0x00,  0x00,  0x00,  0x00,  0x00,  0x00,  0x00,
  0x00,  0x00,  0x00,  0x00,  0x00,  0x00,  0x00,  0x00,
  0x00,  0x00,  0x00,  0x00,  0x00,  0x00,  0x00,  0x00,
  0x00,  0x00,  0x00,  0x00,  0x00,  0x00,  0x00,  0x00,
  0x00,  0x00,  0x00,  0x00,  0x00,  0x00,  0x07,  0x01,
  0xC0,  0x70,  0x1C,  0x03,  0x00,  0xC0,  0x30,  0x18,
  0x0E,  0x01,  0x00,  0x00,  0x00,  0x00,  0x00
};

const UCHAR abc_fontArialNarrow50h_002D[  75] = { /* code 002D */
  0x00,  0x00,  0x00,  0x00,  0x00,  0x00,  0x00,  0x00,
  0x00,  0x00,  0x00,  0x00,  0x00,  0x00,  0x00,  0x00,
  0x00,  0x00,  0x00,  0x00,  0x00,  0x00,  0x00,  0x00,
  0x00,  0x00,  0x00,  0x00,  0x00,  0x00,  0x00,  0x00,
  0x00,  0x00,  0x00,  0x00,  0x00,  0x00,  0x00,  0x00,
  0x00,  0x00,  0x00,  0x07,  0xFE,  0x7F,  0xE7,  0xFE,
  0x00,  0x00,  0x00,  0x00,  0x00,  0x00,  0x00,  0x00,
  0x00,  0x00,  0x00,  0x00,  0x00,  0x00,  0x00,  0x00,
  0x00,  0x00,  0x00,  0x00,  0x00,  0x00,  0x00,  0x00,
  0x00,  0x00,  0x00
};

const UCHAR abc_fontArialNarrow50h_002E[  63] = { /* code 002E */
  0x00,  0x00,  0x00,  0x00,  0x00,  0x00,  0x00,  0x00,
  0x00,  0x00,  0x00,  0x00,  0x00,  0x00,  0x00,  0x00,
  0x00,  0x00,  0x00,  0x00,  0x00,  0x00,  0x00,  0x00,
  0x00,  0x00,  0x00,  0x00,  0x00,  0x00,  0x00,  0x00,
  0x00,  0x00,  0x00,  0x00,  0x00,  0x00,  0x00,  0x00,
  0x00,  0x00,  0x00,  0x00,  0x00,  0x00,  0x07,  0x01,
  0xC0,  0x70,  0x1C,  0x00,  0x00,  0x00,  0x00,  0x00,
  0x00,  0x00,  0x00,  0x00,  0x00,  0x00,  0x00
};

const UCHAR abc_fontArialNarrow50h_002F[  75] = { /* code 002F */
  0x00,  0x00,  0x00,  0x00,  0x00,  0x00,  0x00,  0x00,
  0x00,  0x00,  0x00,  0x00,  0x00,  0x00,  0x00,  0x00,
  0xE0,  0x0E,  0x00,  0xE0,  0x0E,  0x01,  0xC0,  0x1C,
  0x01,  0xC0,  0x3C,  0x03,  0x80,  0x38,  0x03,  0x80,
  0x78,  0x07,  0x00,  0x70,  0x07,  0x00,  0xF0,  0x0E,
  0x00,  0xE0,  0x0E,  0x01,  0xC0,  0x1C,  0x01,  0xC0,
  0x1C,  0x03,  0x80,  0x38,  0x03,  0x80,  0x38,  0x07,
  0x00,  0x70,  0x07,  0x00,  0x70,  0x00,  0x00,  0x00,
  0x00,  0x00,  0x00,  0x00,  0x00,  0x00,  0x00,  0x00,
  0x00,  0x00,  0x00
};

const UCHAR abc_fontArialNarrow50h_0030[ 125] = { /* code 0030 */
  0x00,  0x00,  0x00,  0x00,  0x00,  0x00,  0x00,  0x00,
  0x00,  0x00,  0x00,  0x00,  0x00,  0x00,  0x00,  0x00,
  0x00,  0x00,  0x00,  0x00,  0x00,  0x00,  0x00,  0x00,
  0x00,  0x01,  0xF0,  0x00,  0x7F,  0xC0,  0x0F,  0xFE,
  0x01,  0xF1,  0xF0,  0x1C,  0x07,  0x03,  0xC0,  0x78,
  0x38,  0x03,  0x83,  0x80,  0x38,  0x38,  0x03,  0x87,
  0x00,  0x1C,  0x70,  0x01,  0xC7,  0x00,  0x1C,  0x70,
  0x01,  0xC7,  0x00,  0x1C,  0x70,  0x01,  0xC7,  0x00,
  0x1C,  0x70,  0x01,  0xC7,  0x00,  0x1C,  0x70,  0x01,
  0xC7,  0x00,  0x1C,  0x70,  0x01,  0xC7,  0x00,  0x1C,
  0x38,  0x03,  0x83,  0x80,  0x38,  0x38,  0x03,  0x83,
  0xC0,  0x78,  0x1C,  0x07,  0x01,  0xF1,  0xF0,  0x0F,
  0xFE,  0x00,  0x7F,  0xC0,  0x01,  0xF0,  0x00,  0x00,
  0x00,  0x00,  0x00,  0x00,  0x00,  0x00,  0x00,  0x00,
  0x00,  0x00,  0x00,  0x00,  0x00,  0x00,  0x00,  0x00,
  0x00,  0x00,  0x00,  0x00,  0x00
};

const UCHAR abc_fontArialNarrow50h_0031[ 125] = { /* code 0031 */
  0x00,  0x00,  0x00,  0x00,  0x00,  0x00,  0x00,  0x00,
  0x00,  0x00,  0x00,  0x00,  0x00,  0x00,  0x00,  0x00,
  0x00,  0x00,  0x00,  0x00,  0x00,  0x00,  0x00,  0x00,
  0x00,  0x00,  0x18,  0x00,  0x03,  0x80,  0x00,  0x38,
  0x00,  0x07,  0x80,  0x00,  0xF8,  0x00,  0x1F,  0x80,
  0x03,  0xF8,  0x00,  0x7F,  0x80,  0x0F,  0x38,  0x00,
  0xE3,  0x80,  0x08,  0x38,  0x00,  0x03,  0x80,  0x00,
  0x38,  0x00,  0x03,  0x80,  0x00,  0x38,  0x00,  0x03,
  0x80,  0x00,  0x38,  0x00,  0x03,  0x80,  0x00,  0x38,
  0x00,  0x03,  0x80,  0x00,  0x38,  0x00,  0x03,  0x80,
  0x00,  0x38,  0x00,  0x03,  0x80,  0x00,  0x38,  0x00,
  0x03,  0x80,  0x00,  0x38,  0x00,  0x03,  0x80,  0x00,
  0x38,  0x00,  0x03,  0x80,  0x00,  0x38,  0x00,  0x00,
  0x00,  0x00,  0x00,  0x00,  0x00,  0x00,  0x00,  0x00,
  0x00,  0x00,  0x00,  0x00,  0x00,  0x00,  0x00,  0x00,
  0x00,  0x00,  0x00,  0x00,  0x00
};

const UCHAR abc_fontArialNarrow50h_0032[ 125] = { /* code 0032 */
  0x00,  0x00,  0x00,  0x00,  0x00,  0x00,  0x00,  0x00,
  0x00,  0x00,  0x00,  0x00,  0x00,  0x00,  0x00,  0x00,
  0x00,  0x00,  0x00,  0x00,  0x00,  0x00,  0x00,  0x00,
  0x00,  0x03,  0xF8,  0x00,  0x7F,  0xE0,  0x1F,  0xFF,
  0x01,  0xE0,  0xF8,  0x3C,  0x07,  0x83,  0x80,  0x38,
  0x70,  0x01,  0xC7,  0x00,  0x1C,  0x70,  0x01,  0xC0,
  0x00,  0x1C,  0x00,  0x01,  0xC0,  0x00,  0x3C,  0x00,
  0x03,  0x80,  0x00,  0x78,  0x00,  0x07,  0x00,  0x00,
  0xF0,  0x00,  0x1E,  0x00,  0x03,  0xC0,  0x00,  0x78,
  0x00,  0x0F,  0x00,  0x01,  0xE0,  0x00,  0x3E,  0x00,
  0x07,  0xC0,  0x00,  0xF8,  0x00,  0x0F,  0x00,  0x01,
  0xE0,  0x00,  0x3C,  0x00,  0x03,  0x80,  0x00,  0x7F,
  0xFF,  0xC7,  0xFF,  0xFC,  0x7F,  0xFF,  0xC0,  0x00,
  0x00,  0x00,  0x00,  0x00,  0x00,  0x00,  0x00,  0x00,
  0x00,  0x00,  0x00,  0x00,  0x00,  0x00,  0x00,  0x00,
  0x00,  0x00,  0x00,  0x00,  0x00
};

const UCHAR abc_fontArialNarrow50h_0033[ 125] = { /* code 0033 */
  0x00,  0x00,  0x00,  0x00,  0x00,  0x00,  0x00,  0x00,
  0x00,  0x00,  0x00,  0x00,  0x00,  0x00,  0x00,  0x00,
  0x00,  0x00,  0x00,  0x00,  0x00,  0x00,  0x00,  0x00,
  0x00,  0x03,  0xF0,  0x00,  0xFF,  0xC0,  0x1F,  0xFE,
  0x01,  0xE1,  0xF0,  0x3C,  0x07,  0x03,  0x80,  0x78,
  0x70,  0x03,  0x87,  0x00,  0x38,  0x00,  0x03,  0x80,
  0x00,  0x38,  0x00,  0x07,  0x80,  0x00,  0xF0,  0x00,
  0x1E,  0x00,  0x1F,  0xC0,  0x01,  0xFE,  0x00,  0x1F,
  0xF0,  0x00,  0x0F,  0x80,  0x00,  0x78,  0x00,  0x03,
  0xC0,  0x00,  0x1C,  0x00,  0x01,  0xC0,  0x00,  0x1C,
  0x70,  0x01,  0xC7,  0x00,  0x1C,  0x78,  0x03,  0xC3,
  0x80,  0x38,  0x3C,  0x07,  0x81,  0xE0,  0xF0,  0x0F,
  0xFE,  0x00,  0x7F,  0xC0,  0x03,  0xF0,  0x00,  0x00,
  0x00,  0x00,  0x00,  0x00,  0x00,  0x00,  0x00,  0x00,
  0x00,  0x00,  0x00,  0x00,  0x00,  0x00,  0x00,  0x00,
  0x00,  0x00,  0x00,  0x00,  0x00
};

const UCHAR abc_fontArialNarrow50h_0034[ 125] = { /* code 0034 */
  0x00,  0x00,  0x00,  0x00,  0x00,  0x00,  0x00,  0x00,
  0x00,  0x00,  0x00,  0x00,  0x00,  0x00,  0x00,  0x00,
  0x00,  0x00,  0x00,  0x00,  0x00,  0x00,  0x00,  0x00,
  0x00,  0x00,  0x0E,  0x00,  0x01,  0xE0,  0x00,  0x1E,
  0x00,  0x03,  0xE0,  0x00,  0x3E,  0x00,  0x07,  0xE0,
  0x00,  0x7E,  0x00,  0x0E,  0xE0,  0x00,  0xEE,  0x00,
  0x1C,  0xE0,  0x01,  0xCE,  0x00,  0x38,  0xE0,  0x07,
  0x8E,  0x00,  0x70,  0xE0,  0x0F,  0x0E,  0x00,  0xE0,
  0xE0,  0x1E,  0x0E,  0x01,  0xC0,  0xE0,  0x3C,  0x0E,
  0x03,  0x80,  0xE0,  0x78,  0x0E,  0x07,  0xFF,  0xFC,
  0x7F,  0xFF,  0xC7,  0xFF,  0xFC,  0x00,  0x0E,  0x00,
  0x00,  0xE0,  0x00,  0x0E,  0x00,  0x00,  0xE0,  0x00,
  0x0E,  0x00,  0x00,  0xE0,  0x00,  0x0E,  0x00,  0x00,
  0x00,  0x00,  0x00,  0x00,  0x00,  0x00,  0x00,  0x00,
  0x00,  0x00,  0x00,  0x00,  0x00,  0x00,  0x00,  0x00,
  0x00,  0x00,  0x00,  0x00,  0x00
};

const UCHAR abc_fontArialNarrow50h_0035[ 125] = { /* code 0035 */
  0x00,  0x00,  0x00,  0x00,  0x00,  0x00,  0x00,  0x00,
  0x00,  0x00,  0x00,  0x00,  0x00,  0x00,  0x00,  0x00,
  0x00,  0x00,  0x00,  0x00,  0x00,  0x00,  0x00,  0x00,
  0x00,  0x1F,  0xFF,  0x81,  0xFF,  0xF8,  0x1F,  0xFF,
  0x81,  0xC0,  0x00,  0x38,  0x00,  0x03,  0x80,  0x00,
  0x38,  0x00,  0x03,  0x80,  0x00,  0x38,  0x00,  0x03,
  0x80,  0x00,  0x39,  0xF0,  0x03,  0xFF,  0xC0,  0x7F,
  0xFE,  0x07,  0xE1,  0xF0,  0x78,  0x07,  0x87,  0x80,
  0x38,  0x00,  0x03,  0xC0,  0x00,  0x1C,  0x00,  0x01,
  0xC0,  0x00,  0x1C,  0x00,  0x01,  0xC0,  0x00,  0x1C,
  0x70,  0x01,  0xC7,  0x00,  0x1C,  0x78,  0x03,  0x83,
  0x80,  0x38,  0x3C,  0x07,  0x01,  0xE1,  0xF0,  0x0F,
  0xFE,  0x00,  0x7F,  0xC0,  0x03,  0xF0,  0x00,  0x00,
  0x00,  0x00,  0x00,  0x00,  0x00,  0x00,  0x00,  0x00,
  0x00,  0x00,  0x00,  0x00,  0x00,  0x00,  0x00,  0x00,
  0x00,  0x00,  0x00,  0x00,  0x00
};

const UCHAR abc_fontArialNarrow50h_0036[ 125] = { /* code 0036 */
  0x00,  0x00,  0x00,  0x00,  0x00,  0x00,  0x00,  0x00,
  0x00,  0x00,  0x00,  0x00,  0x00,  0x00,  0x00,  0x00,
  0x00,  0x00,  0x00,  0x00,  0x00,  0x00,  0x00,  0x00,
  0x00,  0x00,  0xF8,  0x00,  0x3F,  0xE0,  0x07,  0xFF,
  0x00,  0xF0,  0xF8,  0x1E,  0x03,  0x81,  0xC0,  0x3C,
  0x38,  0x01,  0xC3,  0x80,  0x1C,  0x30,  0x00,  0x03,
  0x00,  0x00,  0x70,  0x00,  0x07,  0x1F,  0x80,  0x73,
  0xFC,  0x07,  0x7F,  0xE0,  0x7E,  0x0F,  0x07,  0xC0,
  0x78,  0x78,  0x03,  0x87,  0x80,  0x3C,  0x70,  0x01,
  0xC7,  0x00,  0x1C,  0x70,  0x01,  0xC7,  0x00,  0x1C,
  0x30,  0x01,  0xC3,  0x00,  0x1C,  0x38,  0x03,  0x83,
  0x80,  0x38,  0x1C,  0x07,  0x81,  0xF0,  0xF0,  0x0F,
  0xFE,  0x00,  0x7F,  0xC0,  0x01,  0xF8,  0x00,  0x00,
  0x00,  0x00,  0x00,  0x00,  0x00,  0x00,  0x00,  0x00,
  0x00,  0x00,  0x00,  0x00,  0x00,  0x00,  0x00,  0x00,
  0x00,  0x00,  0x00,  0x00,  0x00
};

const UCHAR abc_fontArialNarrow50h_0037[ 125] = { /* code 0037 */
  0x00,  0x00,  0x00,  0x00,  0x00,  0x00,  0x00,  0x00,
  0x00,  0x00,  0x00,  0x00,  0x00,  0x00,  0x00,  0x00,
  0x00,  0x00,  0x00,  0x00,  0x00,  0x00,  0x00,  0x00,
  0x00,  0x7F,  0xFF,  0xC7,  0xFF,  0xFC,  0x7F,  0xFF,
  0xC0,  0x00,  0x1C,  0x00,  0x03,  0x80,  0x00,  0x70,
  0x00,  0x0E,  0x00,  0x00,  0xE0,  0x00,  0x1C,  0x00,
  0x01,  0xC0,  0x00,  0x38,  0x00,  0x07,  0x80,  0x00,
  0x70,  0x00,  0x0F,  0x00,  0x00,  0xE0,  0x00,  0x0E,
  0x00,  0x01,  0xC0,  0x00,  0x1C,  0x00,  0x03,  0xC0,
  0x00,  0x38,  0x00,  0x03,  0x80,  0x00,  0x38,  0x00,
  0x07,  0x00,  0x00,  0x70,  0x00,  0x07,  0x00,  0x00,
  0x70,  0x00,  0x0F,  0x00,  0x00,  0xE0,  0x00,  0x0E,
  0x00,  0x00,  0xE0,  0x00,  0x0E,  0x00,  0x00,  0x00,
  0x00,  0x00,  0x00,  0x00,  0x00,  0x00,  0x00,  0x00,
  0x00,  0x00,  0x00,  0x00,  0x00,  0x00,  0x00,  0x00,
  0x00,  0x00,  0x00,  0x00,  0x00
};

const UCHAR abc_fontArialNarrow50h_0038[ 125] = { /* code 0038 */
  0x00,  0x00,  0x00,  0x00,  0x00,  0x00,  0x00,  0x00,
  0x00,  0x00,  0x00,  0x00,  0x00,  0x00,  0x00,  0x00,
  0x00,  0x00,  0x00,  0x00,  0x00,  0x00,  0x00,  0x00,
  0x00,  0x01,  0xF0,  0x00,  0x7F,  0xC0,  0x0F,  0xFE,
  0x01,  0xE1,  0xF0,  0x1C,  0x07,  0x03,  0xC0,  0x78,
  0x38,  0x03,  0x83,  0x80,  0x38,  0x38,  0x03,  0x83,
  0x80,  0x38,  0x3C,  0x07,  0x81,  0xC0,  0x70,  0x1E,
  0x0F,  0x00,  0xFF,  0xE0,  0x07,  0xFC,  0x00,  0xFF,
  0xE0,  0x1E,  0x0F,  0x03,  0xC0,  0x78,  0x38,  0x03,
  0x87,  0x00,  0x1C,  0x70,  0x01,  0xC7,  0x00,  0x1C,
  0x70,  0x01,  0xC7,  0x00,  0x1C,  0x70,  0x01,  0xC3,
  0x80,  0x38,  0x3C,  0x07,  0x81,  0xE0,  0xF0,  0x1F,
  0xFF,  0x00,  0x7F,  0xC0,  0x03,  0xF8,  0x00,  0x00,
  0x00,  0x00,  0x00,  0x00,  0x00,  0x00,  0x00,  0x00,
  0x00,  0x00,  0x00,  0x00,  0x00,  0x00,  0x00,  0x00,
  0x00,  0x00,  0x00,  0x00,  0x00
};

const UCHAR abc_fontArialNarrow50h_0039[ 125] = { /* code 0039 */
  0x00,  0x00,  0x00,  0x00,  0x00,  0x00,  0x00,  0x00,
  0x00,  0x00,  0x00,  0x00,  0x00,  0x00,  0x00,  0x00,
  0x00,  0x00,  0x00,  0x00,  0x00,  0x00,  0x00,  0x00,
  0x00,  0x03,  0xF0,  0x00,  0x7F,  0xC0,  0x0F,  0xFE,
  0x01,  0xF0,  0xF0,  0x3C,  0x07,  0x03,  0x80,  0x38,
  0x78,  0x03,  0x87,  0x00,  0x18,  0x70,  0x01,  0xC7,
  0x00,  0x1C,  0x70,  0x01,  0xC7,  0x00,  0x1C,  0x70,
  0x01,  0xC7,  0x80,  0x3C,  0x38,  0x03,  0xC3,  0xC0,
  0x7C,  0x1E,  0x0F,  0xC0,  0xFF,  0xDC,  0x07,  0xF9,
  0xC0,  0x3F,  0x1C,  0x00,  0x01,  0xC0,  0x00,  0x18,
  0x00,  0x01,  0x87,  0x00,  0x38,  0x70,  0x03,  0x87,
  0x80,  0x70,  0x38,  0x0F,  0x03,  0xE1,  0xE0,  0x1F,
  0xFC,  0x00,  0xFF,  0x80,  0x03,  0xE0,  0x00,  0x00,
  0x00,  0x00,  0x00,  0x00,  0x00,  0x00,  0x00,  0x00,
  0x00,  0x00,  0x00,  0x00,  0x00,  0x00,  0x00,  0x00,
  0x00,  0x00,  0x00,  0x00,  0x00
};

const UCHAR abc_fontArialNarrow50h_003A[  63] = { /* code 003A */
  0x00,  0x00,  0x00,  0x00,  0x00,  0x00,  0x00,  0x00,
  0x00,  0x00,  0x00,  0x00,  0x00,  0x00,  0x00,  0x00,
  0x00,  0x00,  0x00,  0x00,  0x00,  0x00,  0x00,  0x00,
  0x70,  0x1C,  0x07,  0x01,  0xC0,  0x00,  0x00,  0x00,
  0x00,  0x00,  0x00,  0x00,  0x00,  0x00,  0x00,  0x00,
  0x00,  0x00,  0x00,  0x00,  0x00,  0x00,  0x07,  0x01,
  0xC0,  0x70,  0x1C,  0x00,  0x00,  0x00,  0x00,  0x00,
  0x00,  0x00,  0x00,  0x00,  0x00,  0x00,  0x00
};

const UCHAR abc_fontArialNarrow50h_003B[  63] = { /* code 003B */
  0x00,  0x00,  0x00,  0x00,  0x00,  0x00,  0x00,  0x00,
  0x00,  0x00,  0x00,  0x00,  0x00,  0x00,  0x00,  0x00,
  0x00,  0x00,  0x00,  0x00,  0x00,  0x00,  0x00,  0x00,
  0x70,  0x1C,  0x07,  0x01,  0xC0,  0x00,  0x00,  0x00,
  0x00,  0x00,  0x00,  0x00,  0x00,  0x00,  0x00,  0x00,
  0x00,  0x00,  0x00,  0x00,  0x00,  0x00,  0x07,  0x01,
  0xC0,  0x70,  0x1C,  0x03,  0x00,  0xC0,  0x30,  0x18,
  0x0E,  0x01,  0x00,  0x00,  0x00,  0x00,  0x00
};

const UCHAR abc_fontArialNarrow50h_003C[ 132] = { /* code 003C */
  0x00,  0x00,  0x00,  0x00,  0x00,  0x00,  0x00,  0x00,
  0x00,  0x00,  0x00,  0x00,  0x00,  0x00,  0x00,  0x00,
  0x00,  0x00,  0x00,  0x00,  0x00,  0x00,  0x00,  0x00,
  0x00,  0x00,  0x00,  0x00,  0x00,  0x00,  0x00,  0x00,
  0x00,  0x00,  0x00,  0x00,  0x00,  0x00,  0x00,  0x00,
  0x00,  0x04,  0x00,  0x00,  0xE0,  0x00,  0x1F,  0x00,
  0x03,  0xF8,  0x00,  0x7F,  0x00,  0x0F,  0xE0,  0x01,
  0xFC,  0x00,  0x3F,  0x80,  0x03,  0xF0,  0x00,  0x3E,
  0x00,  0x01,  0xC0,  0x00,  0x0F,  0x80,  0x00,  0x3F,
  0x00,  0x00,  0xFE,  0x00,  0x01,  0xFC,  0x00,  0x03,
  0xF8,  0x00,  0x07,  0xF0,  0x00,  0x0F,  0xE0,  0x00,
  0x1F,  0x00,  0x00,  0x38,  0x00,  0x00,  0x40,  0x00,
  0x00,  0x00,  0x00,  0x00,  0x00,  0x00,  0x00,  0x00,
  0x00,  0x00,  0x00,  0x00,  0x00,  0x00,  0x00,  0x00,
  0x00,  0x00,  0x00,  0x00,  0x00,  0x00,  0x00,  0x00,
  0x00,  0x00,  0x00,  0x00,  0x00,  0x00,  0x00,  0x00,
  0x00,  0x00,  0x00,  0x00
};

const UCHAR abc_fontArialNarrow50h_003D[ 132] = { /* code 003D */
  0x00,  0x00,  0x00,  0x00,  0x00,  0x00,  0x00,  0x00,
  0x00,  0x00,  0x00,  0x00,  0x00,  0x00,  0x00,  0x00,
  0x00,  0x00,  0x00,  0x00,  0x00,  0x00,  0x00,  0x00,
  0x00,  0x00,  0x00,  0x00,  0x00,  0x00,  0x00,  0x00,
  0x00,  0x00,  0x00,  0x00,  0x00,  0x00,  0x00,  0x00,
  0x00,  0x00,  0x00,  0x00,  0x00,  0x00,  0x00,  0x00,
  0x00,  0x00,  0x00,  0x00,  0x03,  0xFF,  0xFE,  0x1F,
  0xFF,  0xF0,  0xFF,  0xFF,  0x80,  0x00,  0x00,  0x00,
  0x00,  0x00,  0x00,  0x00,  0x00,  0x00,  0x00,  0x00,
  0x00,  0x00,  0x00,  0x00,  0x1F,  0xFF,  0xF0,  0xFF,
  0xFF,  0x87,  0xFF,  0xFC,  0x00,  0x00,  0x00,  0x00,
  0x00,  0x00,  0x00,  0x00,  0x00,  0x00,  0x00,  0x00,
  0x00,  0x00,  0x00,  0x00,  0x00,  0x00,  0x00,  0x00,
  0x00,  0x00,  0x00,  0x00,  0x00,  0x00,  0x00,  0x00,
  0x00,  0x00,  0x00,  0x00,  0x00,  0x00,  0x00,  0x00,
  0x00,  0x00,  0x00,  0x00,  0x00,  0x00,  0x00,  0x00,
  0x00,  0x00,  0x00,  0x00
};

const UCHAR abc_fontArialNarrow50h_003E[ 132] = { /* code 003E */
  0x00,  0x00,  0x00,  0x00,  0x00,  0x00,  0x00,  0x00,
  0x00,  0x00,  0x00,  0x00,  0x00,  0x00,  0x00,  0x00,
  0x00,  0x00,  0x00,  0x00,  0x00,  0x00,  0x00,  0x00,
  0x00,  0x00,  0x00,  0x00,  0x00,  0x00,  0x00,  0x00,
  0x00,  0x00,  0x00,  0x00,  0x00,  0x00,  0x00,  0x04,
  0x00,  0x00,  0x38,  0x00,  0x01,  0xF0,  0x00,  0x0F,
  0xE0,  0x00,  0x1F,  0xC0,  0x00,  0x3F,  0x80,  0x00,
  0x7F,  0x00,  0x00,  0xFE,  0x00,  0x01,  0xF8,  0x00,
  0x03,  0xE0,  0x00,  0x07,  0x00,  0x00,  0xF8,  0x00,
  0x1F,  0x80,  0x03,  0xF8,  0x00,  0x7F,  0x00,  0x0F,
  0xE0,  0x01,  0xFC,  0x00,  0x3F,  0x80,  0x01,  0xF0,
  0x00,  0x0E,  0x00,  0x00,  0x40,  0x00,  0x00,  0x00,
  0x00,  0x00,  0x00,  0x00,  0x00,  0x00,  0x00,  0x00,
  0x00,  0x00,  0x00,  0x00,  0x00,  0x00,  0x00,  0x00,
  0x00,  0x00,  0x00,  0x00,  0x00,  0x00,  0x00,  0x00,
  0x00,  0x00,  0x00,  0x00,  0x00,  0x00,  0x00,  0x00,
  0x00,  0x00,  0x00,  0x00
};

const UCHAR abc_fontArialNarrow50h_003F[ 125] = { /* code 003F */
  0x00,  0x00,  0x00,  0x00,  0x00,  0x00,  0x00,  0x00,
  0x00,  0x00,  0x00,  0x00,  0x00,  0x00,  0x00,  0x00,
  0x00,  0x00,  0x00,  0x00,  0x00,  0x00,  0x00,  0x00,
  0x00,  0x01,  0xF8,  0x00,  0x7F,  0xE0,  0x1F,  0xFF,
  0x01,  0xE0,  0xF8,  0x3C,  0x07,  0x83,  0x80,  0x3C,
  0x78,  0x01,  0xC7,  0x00,  0x1C,  0x70,  0x01,  0xC0,
  0x00,  0x1C,  0x00,  0x01,  0xC0,  0x00,  0x3C,  0x00,
  0x07,  0x80,  0x00,  0xF0,  0x00,  0x0F,  0x00,  0x01,
  0xE0,  0x00,  0x3C,  0x00,  0x07,  0x80,  0x00,  0x70,
  0x00,  0x0F,  0x00,  0x00,  0xE0,  0x00,  0x0E,  0x00,
  0x00,  0xE0,  0x00,  0x0E,  0x00,  0x00,  0x00,  0x00,
  0x00,  0x00,  0x00,  0x00,  0x00,  0x0E,  0x00,  0x00,
  0xE0,  0x00,  0x0E,  0x00,  0x00,  0xE0,  0x00,  0x00,
  0x00,  0x00,  0x00,  0x00,  0x00,  0x00,  0x00,  0x00,
  0x00,  0x00,  0x00,  0x00,  0x00,  0x00,  0x00,  0x00,
  0x00,  0x00,  0x00,  0x00,  0x00
};

const UCHAR abc_fontArialNarrow50h_0040[ 225] = { /* code 0040 */
  0x00,  0x00,  0x00,  0x00,  0x00,  0x00,  0x00,  0x00,
  0x00,  0x00,  0x00,  0x00,  0x00,  0x00,  0x00,  0x00,
  0x00,  0x00,  0x00,  0x00,  0x00,  0x00,  0x00,  0x00,
  0x00,  0x00,  0x00,  0x00,  0x00,  0x00,  0x00,  0x00,
  0x00,  0x00,  0x00,  0x00,  0x00,  0x00,  0x00,  0x00,
  0x00,  0x00,  0x00,  0x00,  0x00,  0x00,  0x01,  0xFE,
  0x00,  0x00,  0x00,  0xFF,  0xFC,  0x00,  0x00,  0x3F,
  0xFF,  0xE0,  0x00,  0x07,  0xE0,  0x3F,  0x80,  0x00,
  0xF8,  0x00,  0x7C,  0x00,  0x1F,  0x00,  0x03,  0xE0,
  0x03,  0xC0,  0x00,  0x1E,  0x00,  0x38,  0x00,  0x00,
  0xF0,  0x07,  0x80,  0x00,  0x07,  0x00,  0x70,  0x1F,
  0x1C,  0x78,  0x0E,  0x03,  0xF9,  0xC3,  0x80,  0xE0,
  0x7F,  0xDC,  0x38,  0x1E,  0x0F,  0x1D,  0xC1,  0xC1,
  0xC1,  0xE0,  0xF8,  0x1C,  0x1C,  0x1C,  0x07,  0x81,
  0xC1,  0xC3,  0xC0,  0x78,  0x1C,  0x38,  0x38,  0x03,
  0x81,  0xC3,  0x83,  0x80,  0x38,  0x1C,  0x38,  0x70,
  0x03,  0x81,  0xC3,  0x87,  0x00,  0x30,  0x1C,  0x38,
  0x70,  0x07,  0x03,  0x83,  0x87,  0x00,  0x70,  0x38,
  0x38,  0x70,  0x07,  0x03,  0x83,  0x87,  0x00,  0x70,
  0x70,  0x38,  0x70,  0x0F,  0x07,  0x03,  0x87,  0x81,
  0xE0,  0xE0,  0x3C,  0x38,  0x1E,  0x1E,  0x01,  0xC3,
  0xC7,  0xF3,  0xC0,  0x1C,  0x1F,  0xFF,  0xF8,  0x01,
  0xE0,  0xFE,  0xFF,  0x00,  0x0E,  0x07,  0x87,  0xC0,
  0x00,  0xF0,  0x00,  0x00,  0x0E,  0x07,  0x80,  0x00,
  0x01,  0xC0,  0x7C,  0x00,  0x00,  0x3C,  0x03,  0xE0,
  0x00,  0x07,  0x80,  0x1F,  0x80,  0x01,  0xF0,  0x00,
  0xFE,  0x00,  0xFE,  0x00,  0x03,  0xFF,  0xFF,  0x80,
  0x00,  0x0F,  0xFF,  0xE0,  0x00,  0x00,  0x1F,  0xF0,
  0x00
};

const UCHAR abc_fontArialNarrow50h_0041[ 150] = { /* code 0041 */
  0x00,  0x00,  0x00,  0x00,  0x00,  0x00,  0x00,  0x00,
  0x00,  0x00,  0x00,  0x00,  0x00,  0x00,  0x00,  0x00,
  0x00,  0x00,  0x00,  0x00,  0x00,  0x00,  0x00,  0x00,
  0x00,  0x00,  0x00,  0x00,  0x00,  0x00,  0x00,  0x7C,
  0x00,  0x00,  0x7C,  0x00,  0x00,  0x7C,  0x00,  0x00,
  0xEE,  0x00,  0x00,  0xEE,  0x00,  0x00,  0xEE,  0x00,
  0x01,  0xEF,  0x00,  0x01,  0xE7,  0x00,  0x01,  0xC7,
  0x00,  0x03,  0xC7,  0x80,  0x03,  0xC3,  0x80,  0x03,
  0x83,  0x80,  0x03,  0x83,  0x80,  0x07,  0x81,  0xC0,
  0x07,  0x01,  0xC0,  0x07,  0x01,  0xC0,  0x0F,  0x01,
  0xE0,  0x0E,  0x00,  0xE0,  0x0F,  0xFF,  0xE0,  0x1F,
  0xFF,  0xF0,  0x1F,  0xFF,  0xF0,  0x1C,  0x00,  0x70,
  0x1C,  0x00,  0x70,  0x38,  0x00,  0x38,  0x38,  0x00,
  0x38,  0x38,  0x00,  0x38,  0x78,  0x00,  0x1C,  0x70,
  0x00,  0x1C,  0x70,  0x00,  0x1C,  0xF0,  0x00,  0x1E,
  0xE0,  0x00,  0x0E,  0x00,  0x00,  0x00,  0x00,  0x00,
  0x00,  0x00,  0x00,  0x00,  0x00,  0x00,  0x00,  0x00,
  0x00,  0x00,  0x00,  0x00,  0x00,  0x00,  0x00,  0x00,
  0x00,  0x00,  0x00,  0x00,  0x00,  0x00
};

const UCHAR abc_fontArialNarrow50h_0042[ 150] = { /* code 0042 */
  0x00,  0x00,  0x00,  0x00,  0x00,  0x00,  0x00,  0x00,
  0x00,  0x00,  0x00,  0x00,  0x00,  0x00,  0x00,  0x00,
  0x00,  0x00,  0x00,  0x00,  0x00,  0x00,  0x00,  0x00,
  0x00,  0x00,  0x00,  0x00,  0x00,  0x00,  0x1F,  0xFF,
  0x00,  0x1F,  0xFF,  0xC0,  0x1F,  0xFF,  0xE0,  0x1C,
  0x01,  0xF0,  0x1C,  0x00,  0x70,  0x1C,  0x00,  0x78,
  0x1C,  0x00,  0x38,  0x1C,  0x00,  0x38,  0x1C,  0x00,
  0x38,  0x1C,  0x00,  0x38,  0x1C,  0x00,  0x38,  0x1C,
  0x00,  0x78,  0x1C,  0x00,  0x70,  0x1C,  0x01,  0xF0,
  0x1F,  0xFF,  0xE0,  0x1F,  0xFF,  0xC0,  0x1F,  0xFF,
  0xE0,  0x1C,  0x00,  0xF0,  0x1C,  0x00,  0x38,  0x1C,
  0x00,  0x3C,  0x1C,  0x00,  0x1C,  0x1C,  0x00,  0x1C,
  0x1C,  0x00,  0x1C,  0x1C,  0x00,  0x1C,  0x1C,  0x00,
  0x1C,  0x1C,  0x00,  0x3C,  0x1C,  0x00,  0x38,  0x1C,
  0x00,  0xF8,  0x1F,  0xFF,  0xF0,  0x1F,  0xFF,  0xE0,
  0x1F,  0xFF,  0x80,  0x00,  0x00,  0x00,  0x00,  0x00,
  0x00,  0x00,  0x00,  0x00,  0x00,  0x00,  0x00,  0x00,
  0x00,  0x00,  0x00,  0x00,  0x00,  0x00,  0x00,  0x00,
  0x00,  0x00,  0x00,  0x00,  0x00,  0x00
};

const UCHAR abc_fontArialNarrow50h_0043[ 157] = { /* code 0043 */
  0x00,  0x00,  0x00,  0x00,  0x00,  0x00,  0x00,  0x00,
  0x00,  0x00,  0x00,  0x00,  0x00,  0x00,  0x00,  0x00,
  0x00,  0x00,  0x00,  0x00,  0x00,  0x00,  0x00,  0x00,
  0x00,  0x00,  0x00,  0x00,  0x00,  0x00,  0x00,  0x00,
  0x0F,  0xC0,  0x00,  0x3F,  0xF8,  0x00,  0x3F,  0xFF,
  0x00,  0x3E,  0x0F,  0x80,  0x3C,  0x01,  0xE0,  0x3C,
  0x00,  0x78,  0x1C,  0x00,  0x1C,  0x1E,  0x00,  0x0F,
  0x0E,  0x00,  0x03,  0x87,  0x00,  0x01,  0x87,  0x00,
  0x00,  0x03,  0x80,  0x00,  0x01,  0xC0,  0x00,  0x00,
  0xE0,  0x00,  0x00,  0x70,  0x00,  0x00,  0x38,  0x00,
  0x00,  0x1C,  0x00,  0x00,  0x0E,  0x00,  0x00,  0x07,
  0x00,  0x00,  0x03,  0x80,  0x00,  0x01,  0xC0,  0x00,
  0x30,  0x70,  0x00,  0x1C,  0x38,  0x00,  0x1E,  0x1E,
  0x00,  0x0E,  0x07,  0x00,  0x0F,  0x03,  0xC0,  0x07,
  0x00,  0xF0,  0x07,  0x80,  0x3E,  0x0F,  0x80,  0x0F,
  0xFF,  0x80,  0x03,  0xFF,  0x80,  0x00,  0x7F,  0x00,
  0x00,  0x00,  0x00,  0x00,  0x00,  0x00,  0x00,  0x00,
  0x00,  0x00,  0x00,  0x00,  0x00,  0x00,  0x00,  0x00,
  0x00,  0x00,  0x00,  0x00,  0x00,  0x00,  0x00,  0x00,
  0x00,  0x00,  0x00,  0x00,  0x00
};

const UCHAR abc_fontArialNarrow50h_0044[ 157] = { /* code 0044 */
  0x00,  0x00,  0x00,  0x00,  0x00,  0x00,  0x00,  0x00,
  0x00,  0x00,  0x00,  0x00,  0x00,  0x00,  0x00,  0x00,
  0x00,  0x00,  0x00,  0x00,  0x00,  0x00,  0x00,  0x00,
  0x00,  0x00,  0x00,  0x00,  0x00,  0x00,  0x00,  0x0F,
  0xFF,  0x80,  0x07,  0xFF,  0xF8,  0x03,  0xFF,  0xFE,
  0x01,  0xC0,  0x0F,  0x80,  0xE0,  0x01,  0xC0,  0x70,
  0x00,  0xF0,  0x38,  0x00,  0x38,  0x1C,  0x00,  0x0E,
  0x0E,  0x00,  0x07,  0x07,  0x00,  0x03,  0x83,  0x80,
  0x00,  0xE1,  0xC0,  0x00,  0x70,  0xE0,  0x00,  0x38,
  0x70,  0x00,  0x1C,  0x38,  0x00,  0x0E,  0x1C,  0x00,
  0x07,  0x0E,  0x00,  0x03,  0x87,  0x00,  0x01,  0xC3,
  0x80,  0x00,  0xE1,  0xC0,  0x00,  0x70,  0xE0,  0x00,
  0x38,  0x70,  0x00,  0x38,  0x38,  0x00,  0x1C,  0x1C,
  0x00,  0x0E,  0x0E,  0x00,  0x0E,  0x07,  0x00,  0x0F,
  0x03,  0x80,  0x07,  0x01,  0xC0,  0x0F,  0x80,  0xFF,
  0xFF,  0x80,  0x7F,  0xFF,  0x00,  0x3F,  0xFE,  0x00,
  0x00,  0x00,  0x00,  0x00,  0x00,  0x00,  0x00,  0x00,
  0x00,  0x00,  0x00,  0x00,  0x00,  0x00,  0x00,  0x00,
  0x00,  0x00,  0x00,  0x00,  0x00,  0x00,  0x00,  0x00,
  0x00,  0x00,  0x00,  0x00,  0x00
};

const UCHAR abc_fontArialNarrow50h_0045[ 150] = { /* code 0045 */
  0x00,  0x00,  0x00,  0x00,  0x00,  0x00,  0x00,  0x00,
  0x00,  0x00,  0x00,  0x00,  0x00,  0x00,  0x00,  0x00,
  0x00,  0x00,  0x00,  0x00,  0x00,  0x00,  0x00,  0x00,
  0x00,  0x00,  0x00,  0x00,  0x00,  0x00,  0x1F,  0xFF,
  0xFC,  0x1F,  0xFF,  0xFC,  0x1F,  0xFF,  0xFC,  0x1C,
  0x00,  0x00,  0x1C,  0x00,  0x00,  0x1C,  0x00,  0x00,
  0x1C,  0x00,  0x00,  0x1C,  0x00,  0x00,  0x1C,  0x00,
  0x00,  0x1C,  0x00,  0x00,  0x1C,  0x00,  0x00,  0x1C,
  0x00,  0x00,  0x1C,  0x00,  0x00,  0x1C,  0x00,  0x00,
  0x1F,  0xFF,  0xF8,  0x1F,  0xFF,  0xF8,  0x1F,  0xFF,
  0xF8,  0x1C,  0x00,  0x00,  0x1C,  0x00,  0x00,  0x1C,
  0x00,  0x00,  0x1C,  0x00,  0x00,  0x1C,  0x00,  0x00,
  0x1C,  0x00,  0x00,  0x1C,  0x00,  0x00,  0x1C,  0x00,
  0x00,  0x1C,  0x00,  0x00,  0x1C,  0x00,  0x00,  0x1C,
  0x00,  0x00,  0x1F,  0xFF,  0xFC,  0x1F,  0xFF,  0xFC,
  0x1F,  0xFF,  0xFC,  0x00,  0x00,  0x00,  0x00,  0x00,
  0x00,  0x00,  0x00,  0x00,  0x00,  0x00,  0x00,  0x00,
  0x00,  0x00,  0x00,  0x00,  0x00,  0x00,  0x00,  0x00,
  0x00,  0x00,  0x00,  0x00,  0x00,  0x00
};

const UCHAR abc_fontArialNarrow50h_0046[ 138] = { /* code 0046 */
  0x00,  0x00,  0x00,  0x00,  0x00,  0x00,  0x00,  0x00,
  0x00,  0x00,  0x00,  0x00,  0x00,  0x00,  0x00,  0x00,
  0x00,  0x00,  0x00,  0x00,  0x00,  0x00,  0x00,  0x00,
  0x00,  0x00,  0x00,  0x01,  0xFF,  0xFF,  0x07,  0xFF,
  0xFC,  0x1F,  0xFF,  0xF0,  0x70,  0x00,  0x01,  0xC0,
  0x00,  0x07,  0x00,  0x00,  0x1C,  0x00,  0x00,  0x70,
  0x00,  0x01,  0xC0,  0x00,  0x07,  0x00,  0x00,  0x1C,
  0x00,  0x00,  0x70,  0x00,  0x01,  0xC0,  0x00,  0x07,
  0x00,  0x00,  0x1F,  0xFF,  0xC0,  0x7F,  0xFF,  0x01,
  0xFF,  0xFC,  0x07,  0x00,  0x00,  0x1C,  0x00,  0x00,
  0x70,  0x00,  0x01,  0xC0,  0x00,  0x07,  0x00,  0x00,
  0x1C,  0x00,  0x00,  0x70,  0x00,  0x01,  0xC0,  0x00,
  0x07,  0x00,  0x00,  0x1C,  0x00,  0x00,  0x70,  0x00,
  0x01,  0xC0,  0x00,  0x07,  0x00,  0x00,  0x1C,  0x00,
  0x00,  0x00,  0x00,  0x00,  0x00,  0x00,  0x00,  0x00,
  0x00,  0x00,  0x00,  0x00,  0x00,  0x00,  0x00,  0x00,
  0x00,  0x00,  0x00,  0x00,  0x00,  0x00,  0x00,  0x00,
  0x00,  0x00
};

const UCHAR abc_fontArialNarrow50h_0047[ 169] = { /* code 0047 */
  0x00,  0x00,  0x00,  0x00,  0x00,  0x00,  0x00,  0x00,
  0x00,  0x00,  0x00,  0x00,  0x00,  0x00,  0x00,  0x00,
  0x00,  0x00,  0x00,  0x00,  0x00,  0x00,  0x00,  0x00,
  0x00,  0x00,  0x00,  0x00,  0x00,  0x00,  0x00,  0x00,
  0x00,  0x00,  0x00,  0xFF,  0x00,  0x00,  0x7F,  0xF8,
  0x00,  0x3F,  0xFF,  0xC0,  0x0F,  0xC0,  0xFC,  0x03,
  0xE0,  0x07,  0x80,  0x70,  0x00,  0x78,  0x1E,  0x00,
  0x07,  0x03,  0x80,  0x00,  0xF0,  0xE0,  0x00,  0x0E,
  0x1C,  0x00,  0x01,  0x83,  0x80,  0x00,  0x00,  0xE0,
  0x00,  0x00,  0x1C,  0x00,  0x00,  0x03,  0x80,  0x00,
  0x00,  0x70,  0x00,  0x00,  0x0E,  0x00,  0x00,  0x01,
  0xC0,  0x0F,  0xFE,  0x38,  0x01,  0xFF,  0xC7,  0x00,
  0x3F,  0xF8,  0xE0,  0x00,  0x07,  0x0E,  0x00,  0x00,
  0xE1,  0xC0,  0x00,  0x1C,  0x38,  0x00,  0x03,  0x83,
  0x80,  0x00,  0x70,  0x70,  0x00,  0x0E,  0x07,  0x00,
  0x03,  0xC0,  0xF8,  0x00,  0xF8,  0x0F,  0xC0,  0xFE,
  0x00,  0xFF,  0xFF,  0x80,  0x07,  0xFF,  0xC0,  0x00,
  0x3F,  0xC0,  0x00,  0x00,  0x00,  0x00,  0x00,  0x00,
  0x00,  0x00,  0x00,  0x00,  0x00,  0x00,  0x00,  0x00,
  0x00,  0x00,  0x00,  0x00,  0x00,  0x00,  0x00,  0x00,
  0x00,  0x00,  0x00,  0x00,  0x00,  0x00,  0x00,  0x00,
  0x00
};

const UCHAR abc_fontArialNarrow50h_0048[ 157] = { /* code 0048 */
  0x00,  0x00,  0x00,  0x00,  0x00,  0x00,  0x00,  0x00,
  0x00,  0x00,  0x00,  0x00,  0x00,  0x00,  0x00,  0x00,
  0x00,  0x00,  0x00,  0x00,  0x00,  0x00,  0x00,  0x00,
  0x00,  0x00,  0x00,  0x00,  0x00,  0x00,  0x00,  0x07,
  0x00,  0x07,  0x03,  0x80,  0x03,  0x81,  0xC0,  0x01,
  0xC0,  0xE0,  0x00,  0xE0,  0x70,  0x00,  0x70,  0x38,
  0x00,  0x38,  0x1C,  0x00,  0x1C,  0x0E,  0x00,  0x0E,
  0x07,  0x00,  0x07,  0x03,  0x80,  0x03,  0x81,  0xC0,
  0x01,  0xC0,  0xE0,  0x00,  0xE0,  0x70,  0x00,  0x70,
  0x3F,  0xFF,  0xF8,  0x1F,  0xFF,  0xFC,  0x0F,  0xFF,
  0xFE,  0x07,  0x00,  0x07,  0x03,  0x80,  0x03,  0x81,
  0xC0,  0x01,  0xC0,  0xE0,  0x00,  0xE0,  0x70,  0x00,
  0x70,  0x38,  0x00,  0x38,  0x1C,  0x00,  0x1C,  0x0E,
  0x00,  0x0E,  0x07,  0x00,  0x07,  0x03,  0x80,  0x03,
  0x81,  0xC0,  0x01,  0xC0,  0xE0,  0x00,  0xE0,  0x70,
  0x00,  0x70,  0x38,  0x00,  0x38,  0x1C,  0x00,  0x1C,
  0x00,  0x00,  0x00,  0x00,  0x00,  0x00,  0x00,  0x00,
  0x00,  0x00,  0x00,  0x00,  0x00,  0x00,  0x00,  0x00,
  0x00,  0x00,  0x00,  0x00,  0x00,  0x00,  0x00,  0x00,
  0x00,  0x00,  0x00,  0x00,  0x00
};

const UCHAR abc_fontArialNarrow50h_0049[  63] = { /* code 0049 */
  0x00,  0x00,  0x00,  0x00,  0x00,  0x00,  0x00,  0x00,
  0x00,  0x00,  0x00,  0x00,  0x01,  0xC0,  0x70,  0x1C,
  0x07,  0x01,  0xC0,  0x70,  0x1C,  0x07,  0x01,  0xC0,
  0x70,  0x1C,  0x07,  0x01,  0xC0,  0x70,  0x1C,  0x07,
  0x01,  0xC0,  0x70,  0x1C,  0x07,  0x01,  0xC0,  0x70,
  0x1C,  0x07,  0x01,  0xC0,  0x70,  0x1C,  0x07,  0x01,
  0xC0,  0x70,  0x1C,  0x00,  0x00,  0x00,  0x00,  0x00,
  0x00,  0x00,  0x00,  0x00,  0x00,  0x00,  0x00
};

const UCHAR abc_fontArialNarrow50h_004A[ 113] = { /* code 004A */
  0x00,  0x00,  0x00,  0x00,  0x00,  0x00,  0x00,  0x00,
  0x00,  0x00,  0x00,  0x00,  0x00,  0x00,  0x00,  0x00,
  0x00,  0x00,  0x00,  0x00,  0x00,  0x00,  0x00,  0x00,
  0xE0,  0x00,  0x38,  0x00,  0x0E,  0x00,  0x03,  0x80,
  0x00,  0xE0,  0x00,  0x38,  0x00,  0x0E,  0x00,  0x03,
  0x80,  0x00,  0xE0,  0x00,  0x38,  0x00,  0x0E,  0x00,
  0x03,  0x80,  0x00,  0xE0,  0x00,  0x38,  0x00,  0x0E,
  0x00,  0x03,  0x80,  0x00,  0xE0,  0x00,  0x38,  0x00,
  0x0E,  0x00,  0x03,  0x80,  0x00,  0xE1,  0xC0,  0x38,
  0x70,  0x0E,  0x1C,  0x03,  0x87,  0x00,  0xE1,  0xE0,
  0x38,  0x38,  0x1C,  0x0F,  0x0F,  0x01,  0xFF,  0x80,
  0x3F,  0xC0,  0x07,  0xE0,  0x00,  0x00,  0x00,  0x00,
  0x00,  0x00,  0x00,  0x00,  0x00,  0x00,  0x00,  0x00,
  0x00,  0x00,  0x00,  0x00,  0x00,  0x00,  0x00,  0x00,
  0x00
};

const UCHAR abc_fontArialNarrow50h_004B[ 150] = { /* code 004B */
  0x00,  0x00,  0x00,  0x00,  0x00,  0x00,  0x00,  0x00,
  0x00,  0x00,  0x00,  0x00,  0x00,  0x00,  0x00,  0x00,
  0x00,  0x00,  0x00,  0x00,  0x00,  0x00,  0x00,  0x00,
  0x00,  0x00,  0x00,  0x00,  0x00,  0x00,  0x1C,  0x00,
  0x70,  0x1C,  0x00,  0xF0,  0x1C,  0x01,  0xE0,  0x1C,
  0x01,  0xC0,  0x1C,  0x03,  0x80,  0x1C,  0x07,  0x80,
  0x1C,  0x0F,  0x00,  0x1C,  0x0E,  0x00,  0x1C,  0x1C,
  0x00,  0x1C,  0x3C,  0x00,  0x1C,  0x38,  0x00,  0x1C,
  0x70,  0x00,  0x1C,  0xF0,  0x00,  0x1D,  0xF0,  0x00,
  0x1D,  0xF8,  0x00,  0x1F,  0xB8,  0x00,  0x1F,  0xBC,
  0x00,  0x1F,  0x1C,  0x00,  0x1E,  0x1E,  0x00,  0x1E,
  0x0E,  0x00,  0x1C,  0x0F,  0x00,  0x1C,  0x07,  0x00,
  0x1C,  0x07,  0x80,  0x1C,  0x03,  0x80,  0x1C,  0x03,
  0xC0,  0x1C,  0x01,  0xC0,  0x1C,  0x01,  0xE0,  0x1C,
  0x00,  0xE0,  0x1C,  0x00,  0xF0,  0x1C,  0x00,  0x70,
  0x1C,  0x00,  0x78,  0x00,  0x00,  0x00,  0x00,  0x00,
  0x00,  0x00,  0x00,  0x00,  0x00,  0x00,  0x00,  0x00,
  0x00,  0x00,  0x00,  0x00,  0x00,  0x00,  0x00,  0x00,
  0x00,  0x00,  0x00,  0x00,  0x00,  0x00
};

const UCHAR abc_fontArialNarrow50h_004C[ 125] = { /* code 004C */
  0x00,  0x00,  0x00,  0x00,  0x00,  0x00,  0x00,  0x00,
  0x00,  0x00,  0x00,  0x00,  0x00,  0x00,  0x00,  0x00,
  0x00,  0x00,  0x00,  0x00,  0x00,  0x00,  0x00,  0x00,
  0x00,  0x1C,  0x00,  0x01,  0xC0,  0x00,  0x1C,  0x00,
  0x01,  0xC0,  0x00,  0x1C,  0x00,  0x01,  0xC0,  0x00,
  0x1C,  0x00,  0x01,  0xC0,  0x00,  0x1C,  0x00,  0x01,
  0xC0,  0x00,  0x1C,  0x00,  0x01,  0xC0,  0x00,  0x1C,
  0x00,  0x01,  0xC0,  0x00,  0x1C,  0x00,  0x01,  0xC0,
  0x00,  0x1C,  0x00,  0x01,  0xC0,  0x00,  0x1C,  0x00,
  0x01,  0xC0,  0x00,  0x1C,  0x00,  0x01,  0xC0,  0x00,
  0x1C,  0x00,  0x01,  0xC0,  0x00,  0x1C,  0x00,  0x01,
  0xC0,  0x00,  0x1C,  0x00,  0x01,  0xC0,  0x00,  0x1F,
  0xFF,  0xE1,  0xFF,  0xFE,  0x1F,  0xFF,  0xE0,  0x00,
  0x00,  0x00,  0x00,  0x00,  0x00,  0x00,  0x00,  0x00,
  0x00,  0x00,  0x00,  0x00,  0x00,  0x00,  0x00,  0x00,
  0x00,  0x00,  0x00,  0x00,  0x00
};

const UCHAR abc_fontArialNarrow50h_004D[ 182] = { /* code 004D */
  0x00,  0x00,  0x00,  0x00,  0x00,  0x00,  0x00,  0x00,
  0x00,  0x00,  0x00,  0x00,  0x00,  0x00,  0x00,  0x00,
  0x00,  0x00,  0x00,  0x00,  0x00,  0x00,  0x00,  0x00,
  0x00,  0x00,  0x00,  0x00,  0x00,  0x00,  0x00,  0x00,
  0x00,  0x00,  0x00,  0x00,  0x07,  0xC0,  0x00,  0xF0,
  0x3E,  0x00,  0x0F,  0x81,  0xF0,  0x00,  0x7C,  0x0F,
  0xC0,  0x03,  0xE0,  0x7E,  0x00,  0x1F,  0x03,  0xF0,
  0x01,  0xF8,  0x1F,  0x80,  0x0F,  0xC0,  0xEE,  0x00,
  0x7E,  0x07,  0x70,  0x07,  0xF0,  0x3B,  0x80,  0x3B,
  0x81,  0xDC,  0x01,  0xDC,  0x0E,  0x70,  0x0E,  0xE0,
  0x73,  0x80,  0xE7,  0x03,  0x9C,  0x07,  0x38,  0x1C,
  0xE0,  0x39,  0xC0,  0xE3,  0x83,  0xCE,  0x07,  0x1C,
  0x1C,  0x70,  0x38,  0xE0,  0xE3,  0x81,  0xC7,  0x07,
  0x1C,  0x0E,  0x1C,  0x78,  0xE0,  0x70,  0xE3,  0x87,
  0x03,  0x87,  0x1C,  0x38,  0x1C,  0x3C,  0xE1,  0xC0,
  0xE0,  0xEE,  0x0E,  0x07,  0x07,  0x70,  0x70,  0x38,
  0x3B,  0x83,  0x81,  0xC1,  0xDC,  0x1C,  0x0E,  0x07,
  0xC0,  0xE0,  0x70,  0x3E,  0x07,  0x03,  0x81,  0xF0,
  0x38,  0x1C,  0x0F,  0x81,  0xC0,  0x00,  0x00,  0x00,
  0x00,  0x00,  0x00,  0x00,  0x00,  0x00,  0x00,  0x00,
  0x00,  0x00,  0x00,  0x00,  0x00,  0x00,  0x00,  0x00,
  0x00,  0x00,  0x00,  0x00,  0x00,  0x00,  0x00,  0x00,
  0x00,  0x00,  0x00,  0x00,  0x00,  0x00
};

const UCHAR abc_fontArialNarrow50h_004E[ 157] = { /* code 004E */
  0x00,  0x00,  0x00,  0x00,  0x00,  0x00,  0x00,  0x00,
  0x00,  0x00,  0x00,  0x00,  0x00,  0x00,  0x00,  0x00,
  0x00,  0x00,  0x00,  0x00,  0x00,  0x00,  0x00,  0x00,
  0x00,  0x00,  0x00,  0x00,  0x00,  0x00,  0x00,  0x07,
  0x00,  0x07,  0x03,  0xC0,  0x03,  0x81,  0xE0,  0x01,
  0xC0,  0xF8,  0x00,  0xE0,  0x7C,  0x00,  0x70,  0x3F,
  0x00,  0x38,  0x1F,  0xC0,  0x1C,  0x0E,  0xE0,  0x0E,
  0x07,  0x78,  0x07,  0x03,  0x9C,  0x03,  0x81,  0xCF,
  0x01,  0xC0,  0xE3,  0x80,  0xE0,  0x71,  0xE0,  0x70,
  0x38,  0x70,  0x38,  0x1C,  0x3C,  0x1C,  0x0E,  0x0E,
  0x0E,  0x07,  0x07,  0x87,  0x03,  0x81,  0xC3,  0x81,
  0xC0,  0xF1,  0xC0,  0xE0,  0x38,  0xE0,  0x70,  0x1E,
  0x70,  0x38,  0x07,  0x38,  0x1C,  0x03,  0xDC,  0x0E,
  0x00,  0xEE,  0x07,  0x00,  0x7F,  0x03,  0x80,  0x1F,
  0x81,  0xC0,  0x0F,  0xC0,  0xE0,  0x03,  0xE0,  0x70,
  0x00,  0xF0,  0x38,  0x00,  0x78,  0x1C,  0x00,  0x1C,
  0x00,  0x00,  0x00,  0x00,  0x00,  0x00,  0x00,  0x00,
  0x00,  0x00,  0x00,  0x00,  0x00,  0x00,  0x00,  0x00,
  0x00,  0x00,  0x00,  0x00,  0x00,  0x00,  0x00,  0x00,
  0x00,  0x00,  0x00,  0x00,  0x00
};

const UCHAR abc_fontArialNarrow50h_004F[ 169] = { /* code 004F */
  0x00,  0x00,  0x00,  0x00,  0x00,  0x00,  0x00,  0x00,
  0x00,  0x00,  0x00,  0x00,  0x00,  0x00,  0x00,  0x00,
  0x00,  0x00,  0x00,  0x00,  0x00,  0x00,  0x00,  0x00,
  0x00,  0x00,  0x00,  0x00,  0x00,  0x00,  0x00,  0x00,
  0x00,  0x00,  0x00,  0xFC,  0x00,  0x00,  0xFF,  0xF0,
  0x00,  0x3F,  0xFF,  0x00,  0x0F,  0x81,  0xF0,  0x03,
  0xC0,  0x0F,  0x00,  0xF0,  0x00,  0xF0,  0x1C,  0x00,
  0x0E,  0x07,  0x80,  0x01,  0xE0,  0xE0,  0x00,  0x1C,
  0x1C,  0x00,  0x03,  0x83,  0x80,  0x00,  0x70,  0xE0,
  0x00,  0x07,  0x1C,  0x00,  0x00,  0xE3,  0x80,  0x00,
  0x1C,  0x70,  0x00,  0x03,  0x8E,  0x00,  0x00,  0x71,
  0xC0,  0x00,  0x0E,  0x38,  0x00,  0x01,  0xC7,  0x00,
  0x00,  0x38,  0xE0,  0x00,  0x07,  0x1E,  0x00,  0x01,
  0xC1,  0xC0,  0x00,  0x38,  0x38,  0x00,  0x07,  0x07,
  0x80,  0x01,  0xE0,  0x70,  0x00,  0x38,  0x07,  0x00,
  0x0F,  0x00,  0xF0,  0x03,  0xC0,  0x0F,  0x81,  0xF0,
  0x00,  0xFF,  0xFC,  0x00,  0x0F,  0xFF,  0x00,  0x00,
  0x3F,  0x00,  0x00,  0x00,  0x00,  0x00,  0x00,  0x00,
  0x00,  0x00,  0x00,  0x00,  0x00,  0x00,  0x00,  0x00,
  0x00,  0x00,  0x00,  0x00,  0x00,  0x00,  0x00,  0x00,
  0x00,  0x00,  0x00,  0x00,  0x00,  0x00,  0x00,  0x00,
  0x00
};

const UCHAR abc_fontArialNarrow50h_0050[ 150] = { /* code 0050 */
  0x00,  0x00,  0x00,  0x00,  0x00,  0x00,  0x00,  0x00,
  0x00,  0x00,  0x00,  0x00,  0x00,  0x00,  0x00,  0x00,
  0x00,  0x00,  0x00,  0x00,  0x00,  0x00,  0x00,  0x00,
  0x00,  0x00,  0x00,  0x00,  0x00,  0x00,  0x1F,  0xFF,
  0x80,  0x1F,  0xFF,  0xE0,  0x1F,  0xFF,  0xF0,  0x1C,
  0x00,  0xF8,  0x1C,  0x00,  0x38,  0x1C,  0x00,  0x3C,
  0x1C,  0x00,  0x1C,  0x1C,  0x00,  0x1C,  0x1C,  0x00,
  0x1C,  0x1C,  0x00,  0x1C,  0x1C,  0x00,  0x1C,  0x1C,
  0x00,  0x1C,  0x1C,  0x00,  0x38,  0x1C,  0x00,  0x78,
  0x1C,  0x00,  0xF8,  0x1F,  0xFF,  0xF0,  0x1F,  0xFF,
  0xE0,  0x1F,  0xFF,  0x00,  0x1C,  0x00,  0x00,  0x1C,
  0x00,  0x00,  0x1C,  0x00,  0x00,  0x1C,  0x00,  0x00,
  0x1C,  0x00,  0x00,  0x1C,  0x00,  0x00,  0x1C,  0x00,
  0x00,  0x1C,  0x00,  0x00,  0x1C,  0x00,  0x00,  0x1C,
  0x00,  0x00,  0x1C,  0x00,  0x00,  0x1C,  0x00,  0x00,
  0x1C,  0x00,  0x00,  0x00,  0x00,  0x00,  0x00,  0x00,
  0x00,  0x00,  0x00,  0x00,  0x00,  0x00,  0x00,  0x00,
  0x00,  0x00,  0x00,  0x00,  0x00,  0x00,  0x00,  0x00,
  0x00,  0x00,  0x00,  0x00,  0x00,  0x00
};

const UCHAR abc_fontArialNarrow50h_0051[ 169] = { /* code 0051 */
  0x00,  0x00,  0x00,  0x00,  0x00,  0x00,  0x00,  0x00,
  0x00,  0x00,  0x00,  0x00,  0x00,  0x00,  0x00,  0x00,
  0x00,  0x00,  0x00,  0x00,  0x00,  0x00,  0x00,  0x00,
  0x00,  0x00,  0x00,  0x00,  0x00,  0x00,  0x00,  0x00,
  0x00,  0x00,  0x00,  0xFC,  0x00,  0x00,  0xFF,  0xF0,
  0x00,  0x3F,  0xFF,  0x00,  0x0F,  0x81,  0xF0,  0x03,
  0xC0,  0x0F,  0x00,  0xF0,  0x00,  0xE0,  0x1C,  0x00,
  0x0E,  0x07,  0x80,  0x01,  0xE0,  0xE0,  0x00,  0x1C,
  0x1C,  0x00,  0x03,  0x83,  0x80,  0x00,  0x70,  0xE0,
  0x00,  0x07,  0x1C,  0x00,  0x00,  0xE3,  0x80,  0x00,
  0x1C,  0x70,  0x00,  0x03,  0x8E,  0x00,  0x00,  0x71,
  0xC0,  0x00,  0x0E,  0x38,  0x00,  0x01,  0xC7,  0x00,
  0x00,  0x38,  0xE0,  0x00,  0x07,  0x0E,  0x00,  0x01,
  0xE1,  0xC0,  0x00,  0x38,  0x38,  0x00,  0x07,  0x03,
  0x80,  0x61,  0xE0,  0x70,  0x1F,  0x38,  0x07,  0x03,
  0xFF,  0x00,  0xF0,  0x0F,  0xC0,  0x0F,  0x81,  0xF8,
  0x00,  0xFF,  0xFF,  0x80,  0x07,  0xFF,  0x78,  0x00,
  0x3F,  0x87,  0x80,  0x00,  0x00,  0x70,  0x00,  0x00,
  0x02,  0x00,  0x00,  0x00,  0x00,  0x00,  0x00,  0x00,
  0x00,  0x00,  0x00,  0x00,  0x00,  0x00,  0x00,  0x00,
  0x00,  0x00,  0x00,  0x00,  0x00,  0x00,  0x00,  0x00,
  0x00
};

const UCHAR abc_fontArialNarrow50h_0052[ 157] = { /* code 0052 */
  0x00,  0x00,  0x00,  0x00,  0x00,  0x00,  0x00,  0x00,
  0x00,  0x00,  0x00,  0x00,  0x00,  0x00,  0x00,  0x00,
  0x00,  0x00,  0x00,  0x00,  0x00,  0x00,  0x00,  0x00,
  0x00,  0x00,  0x00,  0x00,  0x00,  0x00,  0x00,  0x07,
  0xFF,  0xF0,  0x03,  0xFF,  0xFE,  0x01,  0xFF,  0xFF,
  0x80,  0xE0,  0x03,  0xE0,  0x70,  0x00,  0x70,  0x38,
  0x00,  0x3C,  0x1C,  0x00,  0x0E,  0x0E,  0x00,  0x07,
  0x07,  0x00,  0x03,  0x83,  0x80,  0x01,  0xC1,  0xC0,
  0x00,  0xE0,  0xE0,  0x00,  0xF0,  0x70,  0x00,  0xF0,
  0x38,  0x00,  0xF0,  0x1F,  0xFF,  0xF8,  0x0F,  0xFF,
  0xF0,  0x07,  0xFF,  0xC0,  0x03,  0x80,  0xF0,  0x01,
  0xC0,  0x3C,  0x00,  0xE0,  0x0F,  0x00,  0x70,  0x03,
  0x80,  0x38,  0x01,  0xE0,  0x1C,  0x00,  0x78,  0x0E,
  0x00,  0x3C,  0x07,  0x00,  0x0F,  0x03,  0x80,  0x07,
  0x81,  0xC0,  0x01,  0xE0,  0xE0,  0x00,  0x70,  0x70,
  0x00,  0x3C,  0x38,  0x00,  0x0E,  0x1C,  0x00,  0x07,
  0x80,  0x00,  0x00,  0x00,  0x00,  0x00,  0x00,  0x00,
  0x00,  0x00,  0x00,  0x00,  0x00,  0x00,  0x00,  0x00,
  0x00,  0x00,  0x00,  0x00,  0x00,  0x00,  0x00,  0x00,
  0x00,  0x00,  0x00,  0x00,  0x00
};

const UCHAR abc_fontArialNarrow50h_0053[ 150] = { /* code 0053 */
  0x00,  0x00,  0x00,  0x00,  0x00,  0x00,  0x00,  0x00,
  0x00,  0x00,  0x00,  0x00,  0x00,  0x00,  0x00,  0x00,
  0x00,  0x00,  0x00,  0x00,  0x00,  0x00,  0x00,  0x00,
  0x00,  0x00,  0x00,  0x00,  0x00,  0x00,  0x01,  0xFC,
  0x00,  0x07,  0xFF,  0x00,  0x0F,  0xFF,  0xC0,  0x1F,
  0x03,  0xC0,  0x1C,  0x01,  0xE0,  0x3C,  0x00,  0xE0,
  0x38,  0x00,  0xF0,  0x38,  0x00,  0x70,  0x38,  0x00,
  0x70,  0x38,  0x00,  0x00,  0x38,  0x00,  0x00,  0x1C,
  0x00,  0x00,  0x1F,  0x00,  0x00,  0x0F,  0xE0,  0x00,
  0x07,  0xFC,  0x00,  0x01,  0xFF,  0x80,  0x00,  0x7F,
  0xE0,  0x00,  0x07,  0xE0,  0x00,  0x01,  0xF0,  0x00,
  0x00,  0x78,  0x70,  0x00,  0x78,  0x70,  0x00,  0x38,
  0x70,  0x00,  0x38,  0x78,  0x00,  0x38,  0x38,  0x00,
  0x38,  0x3C,  0x00,  0x70,  0x1E,  0x00,  0xF0,  0x1F,
  0x81,  0xE0,  0x0F,  0xFF,  0xC0,  0x03,  0xFF,  0x80,
  0x00,  0xFE,  0x00,  0x00,  0x00,  0x00,  0x00,  0x00,
  0x00,  0x00,  0x00,  0x00,  0x00,  0x00,  0x00,  0x00,
  0x00,  0x00,  0x00,  0x00,  0x00,  0x00,  0x00,  0x00,
  0x00,  0x00,  0x00,  0x00,  0x00,  0x00
};

const UCHAR abc_fontArialNarrow50h_0054[ 138] = { /* code 0054 */
  0x00,  0x00,  0x00,  0x00,  0x00,  0x00,  0x00,  0x00,
  0x00,  0x00,  0x00,  0x00,  0x00,  0x00,  0x00,  0x00,
  0x00,  0x00,  0x00,  0x00,  0x00,  0x00,  0x00,  0x00,
  0x00,  0x00,  0x00,  0x07,  0xFF,  0xFF,  0x1F,  0xFF,
  0xFC,  0x7F,  0xFF,  0xF0,  0x01,  0xC0,  0x00,  0x07,
  0x00,  0x00,  0x1C,  0x00,  0x00,  0x70,  0x00,  0x01,
  0xC0,  0x00,  0x07,  0x00,  0x00,  0x1C,  0x00,  0x00,
  0x70,  0x00,  0x01,  0xC0,  0x00,  0x07,  0x00,  0x00,
  0x1C,  0x00,  0x00,  0x70,  0x00,  0x01,  0xC0,  0x00,
  0x07,  0x00,  0x00,  0x1C,  0x00,  0x00,  0x70,  0x00,
  0x01,  0xC0,  0x00,  0x07,  0x00,  0x00,  0x1C,  0x00,
  0x00,  0x70,  0x00,  0x01,  0xC0,  0x00,  0x07,  0x00,
  0x00,  0x1C,  0x00,  0x00,  0x70,  0x00,  0x01,  0xC0,
  0x00,  0x07,  0x00,  0x00,  0x1C,  0x00,  0x00,  0x70,
  0x00,  0x00,  0x00,  0x00,  0x00,  0x00,  0x00,  0x00,
  0x00,  0x00,  0x00,  0x00,  0x00,  0x00,  0x00,  0x00,
  0x00,  0x00,  0x00,  0x00,  0x00,  0x00,  0x00,  0x00,
  0x00,  0x00
};

const UCHAR abc_fontArialNarrow50h_0055[ 157] = { /* code 0055 */
  0x00,  0x00,  0x00,  0x00,  0x00,  0x00,  0x00,  0x00,
  0x00,  0x00,  0x00,  0x00,  0x00,  0x00,  0x00,  0x00,
  0x00,  0x00,  0x00,  0x00,  0x00,  0x00,  0x00,  0x00,
  0x00,  0x00,  0x00,  0x00,  0x00,  0x00,  0x00,  0x07,
  0x00,  0x07,  0x03,  0x80,  0x03,  0x81,  0xC0,  0x01,
  0xC0,  0xE0,  0x00,  0xE0,  0x70,  0x00,  0x70,  0x38,
  0x00,  0x38,  0x1C,  0x00,  0x1C,  0x0E,  0x00,  0x0E,
  0x07,  0x00,  0x07,  0x03,  0x80,  0x03,  0x81,  0xC0,
  0x01,  0xC0,  0xE0,  0x00,  0xE0,  0x70,  0x00,  0x70,
  0x38,  0x00,  0x38,  0x1C,  0x00,  0x1C,  0x0E,  0x00,
  0x0E,  0x07,  0x00,  0x07,  0x03,  0x80,  0x03,  0x81,
  0xC0,  0x01,  0xC0,  0xE0,  0x00,  0xE0,  0x70,  0x00,
  0x70,  0x38,  0x00,  0x38,  0x1C,  0x00,  0x1C,  0x0E,
  0x00,  0x1E,  0x03,  0x80,  0x0E,  0x01,  0xC0,  0x07,
  0x00,  0xF0,  0x07,  0x80,  0x3E,  0x0F,  0x80,  0x0F,
  0xFF,  0x80,  0x03,  0xFF,  0x80,  0x00,  0x7F,  0x00,
  0x00,  0x00,  0x00,  0x00,  0x00,  0x00,  0x00,  0x00,
  0x00,  0x00,  0x00,  0x00,  0x00,  0x00,  0x00,  0x00,
  0x00,  0x00,  0x00,  0x00,  0x00,  0x00,  0x00,  0x00,
  0x00,  0x00,  0x00,  0x00,  0x00
};

const UCHAR abc_fontArialNarrow50h_0056[ 150] = { /* code 0056 */
  0x00,  0x00,  0x00,  0x00,  0x00,  0x00,  0x00,  0x00,
  0x00,  0x00,  0x00,  0x00,  0x00,  0x00,  0x00,  0x00,
  0x00,  0x00,  0x00,  0x00,  0x00,  0x00,  0x00,  0x00,
  0x00,  0x00,  0x00,  0x00,  0x00,  0x00,  0xE0,  0x00,
  0x0E,  0xE0,  0x00,  0x0E,  0x70,  0x00,  0x1C,  0x70,
  0x00,  0x1C,  0x70,  0x00,  0x1C,  0x38,  0x00,  0x38,
  0x38,  0x00,  0x38,  0x38,  0x00,  0x38,  0x3C,  0x00,
  0x78,  0x1C,  0x00,  0x70,  0x1C,  0x00,  0x70,  0x1E,
  0x00,  0xF0,  0x0E,  0x00,  0xE0,  0x0E,  0x00,  0xE0,
  0x0F,  0x01,  0xE0,  0x07,  0x01,  0xC0,  0x07,  0x01,
  0xC0,  0x07,  0x01,  0xC0,  0x03,  0x83,  0x80,  0x03,
  0x83,  0x80,  0x03,  0x83,  0x80,  0x03,  0xC7,  0x80,
  0x01,  0xC7,  0x00,  0x01,  0xC7,  0x00,  0x01,  0xEF,
  0x00,  0x00,  0xEE,  0x00,  0x00,  0xEE,  0x00,  0x00,
  0xEE,  0x00,  0x00,  0x7C,  0x00,  0x00,  0x7C,  0x00,
  0x00,  0x7C,  0x00,  0x00,  0x00,  0x00,  0x00,  0x00,
  0x00,  0x00,  0x00,  0x00,  0x00,  0x00,  0x00,  0x00,
  0x00,  0x00,  0x00,  0x00,  0x00,  0x00,  0x00,  0x00,
  0x00,  0x00,  0x00,  0x00,  0x00,  0x00
};

const UCHAR abc_fontArialNarrow50h_0057[ 207] = { /* code 0057 */
  0x00,  0x00,  0x00,  0x00,  0x00,  0x00,  0x00,  0x00,
  0x00,  0x00,  0x00,  0x00,  0x00,  0x00,  0x00,  0x00,
  0x00,  0x00,  0x00,  0x00,  0x00,  0x00,  0x00,  0x00,
  0x00,  0x00,  0x00,  0x00,  0x00,  0x00,  0x00,  0x00,
  0x00,  0x00,  0x00,  0x00,  0x00,  0x00,  0x00,  0x00,
  0x00,  0x1C,  0x00,  0xF8,  0x00,  0xEE,  0x00,  0x7C,
  0x00,  0xE7,  0x00,  0x3E,  0x00,  0x73,  0x80,  0x1F,
  0x80,  0x39,  0xC0,  0x1D,  0xC0,  0x1C,  0xF0,  0x0E,
  0xE0,  0x0E,  0x38,  0x07,  0x70,  0x0E,  0x1C,  0x03,
  0xBC,  0x07,  0x0E,  0x03,  0xCE,  0x03,  0x87,  0x01,
  0xC7,  0x01,  0xC3,  0xC0,  0xE3,  0x80,  0xE0,  0xE0,
  0x71,  0xC0,  0xF0,  0x70,  0x78,  0xF0,  0x70,  0x38,
  0x38,  0x38,  0x38,  0x1C,  0x1C,  0x1C,  0x1C,  0x0E,
  0x0E,  0x0E,  0x0E,  0x03,  0x87,  0x07,  0x8F,  0x01,
  0xC7,  0x83,  0xC7,  0x00,  0xE3,  0x80,  0xE3,  0x80,
  0x71,  0xC0,  0x71,  0xC0,  0x38,  0xE0,  0x3C,  0xE0,
  0x1E,  0x70,  0x1E,  0xF0,  0x07,  0x70,  0x07,  0x70,
  0x03,  0xB8,  0x03,  0xB8,  0x01,  0xDC,  0x01,  0xDC,
  0x00,  0xEE,  0x00,  0xEE,  0x00,  0x77,  0x00,  0x77,
  0x00,  0x1F,  0x00,  0x1F,  0x00,  0x0F,  0x80,  0x0F,
  0x80,  0x07,  0xC0,  0x07,  0xC0,  0x03,  0xE0,  0x03,
  0xE0,  0x00,  0x00,  0x00,  0x00,  0x00,  0x00,  0x00,
  0x00,  0x00,  0x00,  0x00,  0x00,  0x00,  0x00,  0x00,
  0x00,  0x00,  0x00,  0x00,  0x00,  0x00,  0x00,  0x00,
  0x00,  0x00,  0x00,  0x00,  0x00,  0x00,  0x00,  0x00,
  0x00,  0x00,  0x00,  0x00,  0x00,  0x00,  0x00
};

const UCHAR abc_fontArialNarrow50h_0058[ 150] = { /* code 0058 */
  0x00,  0x00,  0x00,  0x00,  0x00,  0x00,  0x00,  0x00,
  0x00,  0x00,  0x00,  0x00,  0x00,  0x00,  0x00,  0x00,
  0x00,  0x00,  0x00,  0x00,  0x00,  0x00,  0x00,  0x00,
  0x00,  0x00,  0x00,  0x00,  0x00,  0x00,  0x78,  0x00,
  0x3C,  0x38,  0x00,  0x38,  0x1C,  0x00,  0x70,  0x1C,
  0x00,  0x70,  0x0E,  0x00,  0xE0,  0x0F,  0x01,  0xE0,
  0x07,  0x01,  0xC0,  0x03,  0x83,  0x80,  0x03,  0x83,
  0x80,  0x01,  0xC7,  0x00,  0x01,  0xEF,  0x00,  0x00,
  0xEE,  0x00,  0x00,  0x7C,  0x00,  0x00,  0x7C,  0x00,
  0x00,  0x38,  0x00,  0x00,  0x7C,  0x00,  0x00,  0x7C,
  0x00,  0x00,  0xEE,  0x00,  0x00,  0xEE,  0x00,  0x01,
  0xC7,  0x00,  0x03,  0xC7,  0x80,  0x03,  0x83,  0x80,
  0x07,  0x01,  0xC0,  0x07,  0x01,  0xC0,  0x0E,  0x00,
  0xE0,  0x1E,  0x00,  0xF0,  0x1C,  0x00,  0x70,  0x38,
  0x00,  0x38,  0x38,  0x00,  0x38,  0x70,  0x00,  0x1C,
  0xF0,  0x00,  0x1E,  0x00,  0x00,  0x00,  0x00,  0x00,
  0x00,  0x00,  0x00,  0x00,  0x00,  0x00,  0x00,  0x00,
  0x00,  0x00,  0x00,  0x00,  0x00,  0x00,  0x00,  0x00,
  0x00,  0x00,  0x00,  0x00,  0x00,  0x00
};

const UCHAR abc_fontArialNarrow50h_0059[ 150] = { /* code 0059 */
  0x00,  0x00,  0x00,  0x00,  0x00,  0x00,  0x00,  0x00,
  0x00,  0x00,  0x00,  0x00,  0x00,  0x00,  0x00,  0x00,
  0x00,  0x00,  0x00,  0x00,  0x00,  0x00,  0x00,  0x00,
  0x00,  0x00,  0x00,  0x00,  0x00,  0x00,  0xF0,  0x00,
  0x1E,  0x70,  0x00,  0x1C,  0x78,  0x00,  0x3C,  0x38,
  0x00,  0x38,  0x1C,  0x00,  0x70,  0x1C,  0x00,  0x70,
  0x0E,  0x00,  0xE0,  0x0F,  0x01,  0xE0,  0x07,  0x01,
  0xC0,  0x07,  0x83,  0xC0,  0x03,  0x83,  0x80,  0x03,
  0xC7,  0x80,  0x01,  0xC7,  0x00,  0x00,  0xEE,  0x00,
  0x00,  0xEE,  0x00,  0x00,  0x7C,  0x00,  0x00,  0x7C,
  0x00,  0x00,  0x38,  0x00,  0x00,  0x38,  0x00,  0x00,
  0x38,  0x00,  0x00,  0x38,  0x00,  0x00,  0x38,  0x00,
  0x00,  0x38,  0x00,  0x00,  0x38,  0x00,  0x00,  0x38,
  0x00,  0x00,  0x38,  0x00,  0x00,  0x38,  0x00,  0x00,
  0x38,  0x00,  0x00,  0x38,  0x00,  0x00,  0x38,  0x00,
  0x00,  0x38,  0x00,  0x00,  0x00,  0x00,  0x00,  0x00,
  0x00,  0x00,  0x00,  0x00,  0x00,  0x00,  0x00,  0x00,
  0x00,  0x00,  0x00,  0x00,  0x00,  0x00,  0x00,  0x00,
  0x00,  0x00,  0x00,  0x00,  0x00,  0x00
};

const UCHAR abc_fontArialNarrow50h_005A[ 138] = { /* code 005A */
  0x00,  0x00,  0x00,  0x00,  0x00,  0x00,  0x00,  0x00,
  0x00,  0x00,  0x00,  0x00,  0x00,  0x00,  0x00,  0x00,
  0x00,  0x00,  0x00,  0x00,  0x00,  0x00,  0x00,  0x00,
  0x00,  0x00,  0x00,  0x03,  0xFF,  0xFF,  0x8F,  0xFF,
  0xFE,  0x3F,  0xFF,  0xF8,  0x00,  0x01,  0xE0,  0x00,
  0x0F,  0x00,  0x00,  0x38,  0x00,  0x01,  0xE0,  0x00,
  0x0F,  0x00,  0x00,  0x38,  0x00,  0x01,  0xE0,  0x00,
  0x0F,  0x00,  0x00,  0x38,  0x00,  0x01,  0xE0,  0x00,
  0x0F,  0x00,  0x00,  0x38,  0x00,  0x01,  0xE0,  0x00,
  0x0F,  0x00,  0x00,  0x38,  0x00,  0x01,  0xE0,  0x00,
  0x0F,  0x00,  0x00,  0x38,  0x00,  0x01,  0xE0,  0x00,
  0x07,  0x00,  0x00,  0x38,  0x00,  0x01,  0xE0,  0x00,
  0x07,  0x00,  0x00,  0x38,  0x00,  0x01,  0xE0,  0x00,
  0x07,  0xFF,  0xFF,  0x9F,  0xFF,  0xFE,  0x7F,  0xFF,
  0xF8,  0x00,  0x00,  0x00,  0x00,  0x00,  0x00,  0x00,
  0x00,  0x00,  0x00,  0x00,  0x00,  0x00,  0x00,  0x00,
  0x00,  0x00,  0x00,  0x00,  0x00,  0x00,  0x00,  0x00,
  0x00,  0x00
};

const UCHAR abc_fontArialNarrow50h_005B[  63] = { /* code 005B */
  0x00,  0x00,  0x00,  0x00,  0x00,  0x00,  0x00,  0x00,
  0x00,  0x00,  0x00,  0x00,  0x03,  0xF8,  0xFE,  0x3F,
  0x8E,  0x03,  0x80,  0xE0,  0x38,  0x0E,  0x03,  0x80,
  0xE0,  0x38,  0x0E,  0x03,  0x80,  0xE0,  0x38,  0x0E,
  0x03,  0x80,  0xE0,  0x38,  0x0E,  0x03,  0x80,  0xE0,
  0x38,  0x0E,  0x03,  0x80,  0xE0,  0x38,  0x0E,  0x03,
  0x80,  0xE0,  0x38,  0x0E,  0x03,  0x80,  0xE0,  0x38,
  0x0E,  0x03,  0x80,  0xFE,  0x3F,  0x8F,  0xE0
};

const UCHAR abc_fontArialNarrow50h_005C[  63] = { /* code 005C */
  0x00,  0x00,  0x00,  0x00,  0x00,  0x00,  0x00,  0x00,
  0x00,  0x00,  0x00,  0x00,  0x0E,  0x03,  0x80,  0x70,
  0x1C,  0x07,  0x01,  0xC0,  0x78,  0x0E,  0x03,  0x80,
  0xE0,  0x38,  0x07,  0x01,  0xC0,  0x70,  0x1C,  0x07,
  0x80,  0xE0,  0x38,  0x0E,  0x03,  0x80,  0x70,  0x1C,
  0x07,  0x01,  0xC0,  0x78,  0x0E,  0x03,  0x80,  0xE0,
  0x38,  0x07,  0x01,  0xC0,  0x00,  0x00,  0x00,  0x00,
  0x00,  0x00,  0x00,  0x00,  0x00,  0x00,  0x00
};

const UCHAR abc_fontArialNarrow50h_005D[  63] = { /* code 005D */
  0x00,  0x00,  0x00,  0x00,  0x00,  0x00,  0x00,  0x00,
  0x00,  0x00,  0x00,  0x00,  0x07,  0xF1,  0xFC,  0x7F,
  0x01,  0xC0,  0x70,  0x1C,  0x07,  0x01,  0xC0,  0x70,
  0x1C,  0x07,  0x01,  0xC0,  0x70,  0x1C,  0x07,  0x01,
  0xC0,  0x70,  0x1C,  0x07,  0x01,  0xC0,  0x70,  0x1C,
  0x07,  0x01,  0xC0,  0x70,  0x1C,  0x07,  0x01,  0xC0,
  0x70,  0x1C,  0x07,  0x01,  0xC0,  0x70,  0x1C,  0x07,
  0x01,  0xC0,  0x71,  0xFC,  0x7F,  0x1F,  0xC0
};

const UCHAR abc_fontArialNarrow50h_005E[ 107] = { /* code 005E */
  0x00,  0x00,  0x00,  0x00,  0x00,  0x00,  0x00,  0x00,
  0x00,  0x00,  0x00,  0x00,  0x00,  0x00,  0x00,  0x00,
  0x00,  0x00,  0x00,  0x00,  0x00,  0x00,  0x70,  0x00,
  0x7C,  0x00,  0x3E,  0x00,  0x1F,  0x00,  0x1D,  0xC0,
  0x0E,  0xE0,  0x07,  0x70,  0x07,  0x1C,  0x03,  0x8E,
  0x01,  0xC7,  0x01,  0xC1,  0xC0,  0xE0,  0xE0,  0x70,
  0x70,  0x70,  0x1C,  0x38,  0x0E,  0x1C,  0x07,  0x1C,
  0x01,  0xC0,  0x00,  0x00,  0x00,  0x00,  0x00,  0x00,
  0x00,  0x00,  0x00,  0x00,  0x00,  0x00,  0x00,  0x00,
  0x00,  0x00,  0x00,  0x00,  0x00,  0x00,  0x00,  0x00,
  0x00,  0x00,  0x00,  0x00,  0x00,  0x00,  0x00,  0x00,
  0x00,  0x00,  0x00,  0x00,  0x00,  0x00,  0x00,  0x00,
  0x00,  0x00,  0x00,  0x00,  0x00,  0x00,  0x00,  0x00,
  0x00,  0x00,  0x00
};

const UCHAR abc_fontArialNarrow50h_005F[ 125] = { /* code 005F */
  0x00,  0x00,  0x00,  0x00,  0x00,  0x00,  0x00,  0x00,
  0x00,  0x00,  0x00,  0x00,  0x00,  0x00,  0x00,  0x00,
  0x00,  0x00,  0x00,  0x00,  0x00,  0x00,  0x00,  0x00,
  0x00,  0x00,  0x00,  0x00,  0x00,  0x00,  0x00,  0x00,
  0x00,  0x00,  0x00,  0x00,  0x00,  0x00,  0x00,  0x00,
  0x00,  0x00,  0x00,  0x00,  0x00,  0x00,  0x00,  0x00,
  0x00,  0x00,  0x00,  0x00,  0x00,  0x00,  0x00,  0x00,
  0x00,  0x00,  0x00,  0x00,  0x00,  0x00,  0x00,  0x00,
  0x00,  0x00,  0x00,  0x00,  0x00,  0x00,  0x00,  0x00,
  0x00,  0x00,  0x00,  0x00,  0x00,  0x00,  0x00,  0x00,
  0x00,  0x00,  0x00,  0x00,  0x00,  0x00,  0x00,  0x00,
  0x00,  0x00,  0x00,  0x00,  0x00,  0x00,  0x00,  0x00,
  0x00,  0x00,  0x00,  0x00,  0x00,  0x00,  0x00,  0x00,
  0x00,  0x00,  0x00,  0x00,  0x00,  0x00,  0xFF,  0xFF,
  0xFF,  0xFF,  0xFF,  0x00,  0x00,  0x00,  0x00,  0x00,
  0x00,  0x00,  0x00,  0x00,  0x00
};

const UCHAR abc_fontArialNarrow50h_0060[  75] = { /* code 0060 */
  0x00,  0x00,  0x00,  0x00,  0x00,  0x00,  0x00,  0x00,
  0x00,  0x00,  0x00,  0x00,  0x00,  0x00,  0x00,  0x38,
  0x01,  0xC0,  0x1C,  0x00,  0xC0,  0x0E,  0x00,  0x60,
  0x00,  0x00,  0x00,  0x00,  0x00,  0x00,  0x00,  0x00,
  0x00,  0x00,  0x00,  0x00,  0x00,  0x00,  0x00,  0x00,
  0x00,  0x00,  0x00,  0x00,  0x00,  0x00,  0x00,  0x00,
  0x00,  0x00,  0x00,  0x00,  0x00,  0x00,  0x00,  0x00,
  0x00,  0x00,  0x00,  0x00,  0x00,  0x00,  0x00,  0x00,
  0x00,  0x00,  0x00,  0x00,  0x00,  0x00,  0x00,  0x00,
  0x00,  0x00,  0x00
};

const UCHAR abc_fontArialNarrow50h_0061[ 125] = { /* code 0061 */
  0x00,  0x00,  0x00,  0x00,  0x00,  0x00,  0x00,  0x00,
  0x00,  0x00,  0x00,  0x00,  0x00,  0x00,  0x00,  0x00,
  0x00,  0x00,  0x00,  0x00,  0x00,  0x00,  0x00,  0x00,
  0x00,  0x00,  0x00,  0x00,  0x00,  0x00,  0x00,  0x00,
  0x00,  0x00,  0x00,  0x00,  0x00,  0x00,  0x00,  0x00,
  0x00,  0x00,  0x00,  0x00,  0x00,  0x00,  0x00,  0x00,
  0x1F,  0xC0,  0x07,  0xFF,  0x00,  0xFF,  0xF8,  0x0F,
  0x07,  0xC1,  0xE0,  0x3C,  0x1C,  0x01,  0xC0,  0xC0,
  0x1C,  0x00,  0x01,  0xC0,  0x00,  0x7C,  0x01,  0xFF,
  0xC0,  0x7F,  0xFC,  0x1F,  0xF9,  0xC1,  0xE0,  0x1C,
  0x3C,  0x01,  0xC3,  0x80,  0x1C,  0x38,  0x01,  0xC3,
  0x80,  0x3C,  0x3C,  0x07,  0xC3,  0xE0,  0xFC,  0x1F,
  0xFD,  0xC0,  0xFF,  0x9C,  0x07,  0xE0,  0xE0,  0x00,
  0x00,  0x00,  0x00,  0x00,  0x00,  0x00,  0x00,  0x00,
  0x00,  0x00,  0x00,  0x00,  0x00,  0x00,  0x00,  0x00,
  0x00,  0x00,  0x00,  0x00,  0x00
};

const UCHAR abc_fontArialNarrow50h_0062[ 125] = { /* code 0062 */
  0x00,  0x00,  0x00,  0x00,  0x00,  0x00,  0x00,  0x00,
  0x00,  0x00,  0x00,  0x00,  0x00,  0x00,  0x00,  0x00,
  0x00,  0x00,  0x00,  0x00,  0x00,  0x00,  0x00,  0x00,
  0x00,  0x38,  0x00,  0x03,  0x80,  0x00,  0x38,  0x00,
  0x03,  0x80,  0x00,  0x38,  0x00,  0x03,  0x80,  0x00,
  0x38,  0x00,  0x03,  0x80,  0x00,  0x38,  0x00,  0x03,
  0x8F,  0x80,  0x3B,  0xFC,  0x03,  0xFF,  0xE0,  0x3F,
  0x0F,  0x03,  0xE0,  0x78,  0x3C,  0x03,  0x83,  0xC0,
  0x38,  0x38,  0x01,  0xC3,  0x80,  0x1C,  0x38,  0x01,
  0xC3,  0x80,  0x1C,  0x38,  0x01,  0xC3,  0x80,  0x1C,
  0x38,  0x01,  0xC3,  0x80,  0x1C,  0x3C,  0x03,  0x83,
  0xC0,  0x38,  0x3E,  0x07,  0x83,  0xF0,  0xF0,  0x3F,
  0xFE,  0x03,  0xBF,  0xC0,  0x38,  0xF8,  0x00,  0x00,
  0x00,  0x00,  0x00,  0x00,  0x00,  0x00,  0x00,  0x00,
  0x00,  0x00,  0x00,  0x00,  0x00,  0x00,  0x00,  0x00,
  0x00,  0x00,  0x00,  0x00,  0x00
};

const UCHAR abc_fontArialNarrow50h_0063[ 113] = { /* code 0063 */
  0x00,  0x00,  0x00,  0x00,  0x00,  0x00,  0x00,  0x00,
  0x00,  0x00,  0x00,  0x00,  0x00,  0x00,  0x00,  0x00,
  0x00,  0x00,  0x00,  0x00,  0x00,  0x00,  0x00,  0x00,
  0x00,  0x00,  0x00,  0x00,  0x00,  0x00,  0x00,  0x00,
  0x00,  0x00,  0x00,  0x00,  0x00,  0x00,  0x00,  0x00,
  0x00,  0x00,  0x00,  0x07,  0xC0,  0x07,  0xFC,  0x03,
  0xFF,  0x81,  0xE1,  0xF0,  0xF0,  0x1C,  0x38,  0x07,
  0x8E,  0x00,  0xE7,  0x00,  0x31,  0xC0,  0x00,  0x70,
  0x00,  0x1C,  0x00,  0x07,  0x00,  0x01,  0xC0,  0x00,
  0x70,  0x03,  0x1C,  0x00,  0xE3,  0x80,  0x78,  0xE0,
  0x1C,  0x3C,  0x0F,  0x07,  0x87,  0xC0,  0xFF,  0xE0,
  0x1F,  0xF0,  0x03,  0xF0,  0x00,  0x00,  0x00,  0x00,
  0x00,  0x00,  0x00,  0x00,  0x00,  0x00,  0x00,  0x00,
  0x00,  0x00,  0x00,  0x00,  0x00,  0x00,  0x00,  0x00,
  0x00
};

const UCHAR abc_fontArialNarrow50h_0064[ 125] = { /* code 0064 */
  0x00,  0x00,  0x00,  0x00,  0x00,  0x00,  0x00,  0x00,
  0x00,  0x00,  0x00,  0x00,  0x00,  0x00,  0x00,  0x00,
  0x00,  0x00,  0x00,  0x00,  0x00,  0x00,  0x00,  0x00,
  0x00,  0x00,  0x03,  0x80,  0x00,  0x38,  0x00,  0x03,
  0x80,  0x00,  0x38,  0x00,  0x03,  0x80,  0x00,  0x38,
  0x00,  0x03,  0x80,  0x00,  0x38,  0x00,  0x03,  0x80,
  0x3E,  0x38,  0x07,  0xFB,  0x80,  0xFF,  0xF8,  0x1E,
  0x1F,  0x83,  0xC0,  0xF8,  0x38,  0x07,  0x83,  0x80,
  0x78,  0x70,  0x03,  0x87,  0x00,  0x38,  0x70,  0x03,
  0x87,  0x00,  0x38,  0x70,  0x03,  0x87,  0x00,  0x38,
  0x70,  0x03,  0x87,  0x00,  0x38,  0x38,  0x07,  0x83,
  0x80,  0x78,  0x3C,  0x0F,  0x81,  0xE1,  0xF8,  0x0F,
  0xFF,  0x80,  0x7F,  0xB8,  0x03,  0xE3,  0x80,  0x00,
  0x00,  0x00,  0x00,  0x00,  0x00,  0x00,  0x00,  0x00,
  0x00,  0x00,  0x00,  0x00,  0x00,  0x00,  0x00,  0x00,
  0x00,  0x00,  0x00,  0x00,  0x00
};

const UCHAR abc_fontArialNarrow50h_0065[ 125] = { /* code 0065 */
  0x00,  0x00,  0x00,  0x00,  0x00,  0x00,  0x00,  0x00,
  0x00,  0x00,  0x00,  0x00,  0x00,  0x00,  0x00,  0x00,
  0x00,  0x00,  0x00,  0x00,  0x00,  0x00,  0x00,  0x00,
  0x00,  0x00,  0x00,  0x00,  0x00,  0x00,  0x00,  0x00,
  0x00,  0x00,  0x00,  0x00,  0x00,  0x00,  0x00,  0x00,
  0x00,  0x00,  0x00,  0x00,  0x00,  0x00,  0x00,  0x00,
  0x1F,  0x00,  0x07,  0xFC,  0x00,  0xFF,  0xE0,  0x1E,
  0x0F,  0x03,  0xC0,  0x78,  0x38,  0x03,  0x83,  0x80,
  0x18,  0x70,  0x01,  0xC7,  0x00,  0x1C,  0x7F,  0xFF,
  0xC7,  0xFF,  0xFC,  0x7F,  0xFF,  0xC7,  0x00,  0x00,
  0x70,  0x00,  0x07,  0x00,  0x18,  0x38,  0x03,  0xC3,
  0x80,  0x3C,  0x3C,  0x07,  0x81,  0xF0,  0xF8,  0x0F,
  0xFF,  0x00,  0x7F,  0xE0,  0x01,  0xF8,  0x00,  0x00,
  0x00,  0x00,  0x00,  0x00,  0x00,  0x00,  0x00,  0x00,
  0x00,  0x00,  0x00,  0x00,  0x00,  0x00,  0x00,  0x00,
  0x00,  0x00,  0x00,  0x00,  0x00
};

const UCHAR abc_fontArialNarrow50h_0066[  63] = { /* code 0066 */
  0x00,  0x00,  0x00,  0x00,  0x00,  0x00,  0x00,  0x00,
  0x00,  0x00,  0x00,  0x00,  0x00,  0x7C,  0x3F,  0x0F,
  0xC7,  0x81,  0xC0,  0x70,  0x1C,  0x07,  0x01,  0xC3,
  0xFE,  0xFF,  0xBF,  0xE1,  0xC0,  0x70,  0x1C,  0x07,
  0x01,  0xC0,  0x70,  0x1C,  0x07,  0x01,  0xC0,  0x70,
  0x1C,  0x07,  0x01,  0xC0,  0x70,  0x1C,  0x07,  0x01,
  0xC0,  0x70,  0x1C,  0x00,  0x00,  0x00,  0x00,  0x00,
  0x00,  0x00,  0x00,  0x00,  0x00,  0x00,  0x00
};

const UCHAR abc_fontArialNarrow50h_0067[ 125] = { /* code 0067 */
  0x00,  0x00,  0x00,  0x00,  0x00,  0x00,  0x00,  0x00,
  0x00,  0x00,  0x00,  0x00,  0x00,  0x00,  0x00,  0x00,
  0x00,  0x00,  0x00,  0x00,  0x00,  0x00,  0x00,  0x00,
  0x00,  0x00,  0x00,  0x00,  0x00,  0x00,  0x00,  0x00,
  0x00,  0x00,  0x00,  0x00,  0x00,  0x00,  0x00,  0x00,
  0x00,  0x00,  0x00,  0x00,  0x00,  0x00,  0x00,  0x00,
  0x1F,  0x1C,  0x03,  0xFD,  0xC0,  0x7F,  0xFC,  0x0F,
  0x0F,  0xC1,  0xE0,  0x7C,  0x1C,  0x03,  0xC1,  0xC0,
  0x3C,  0x38,  0x01,  0xC3,  0x80,  0x1C,  0x38,  0x01,
  0xC3,  0x80,  0x1C,  0x38,  0x01,  0xC3,  0x80,  0x1C,
  0x38,  0x01,  0xC3,  0x80,  0x1C,  0x1C,  0x03,  0xC1,
  0xC0,  0x3C,  0x1E,  0x07,  0xC0,  0xF0,  0xFC,  0x07,
  0xFF,  0xC0,  0x3F,  0xDC,  0x01,  0xF1,  0xC0,  0x00,
  0x1C,  0x00,  0x01,  0xC1,  0x80,  0x1C,  0x1C,  0x03,
  0x81,  0xE0,  0x38,  0x0F,  0x0F,  0x80,  0xFF,  0xF0,
  0x07,  0xFE,  0x00,  0x1F,  0x80
};

const UCHAR abc_fontArialNarrow50h_0068[ 125] = { /* code 0068 */
  0x00,  0x00,  0x00,  0x00,  0x00,  0x00,  0x00,  0x00,
  0x00,  0x00,  0x00,  0x00,  0x00,  0x00,  0x00,  0x00,
  0x00,  0x00,  0x00,  0x00,  0x00,  0x00,  0x00,  0x00,
  0x00,  0x38,  0x00,  0x03,  0x80,  0x00,  0x38,  0x00,
  0x03,  0x80,  0x00,  0x38,  0x00,  0x03,  0x80,  0x00,
  0x38,  0x00,  0x03,  0x80,  0x00,  0x38,  0x00,  0x03,
  0x8F,  0x80,  0x3B,  0xFE,  0x03,  0xFF,  0xF0,  0x3F,
  0x0F,  0x03,  0xE0,  0x78,  0x3C,  0x03,  0x83,  0x80,
  0x38,  0x38,  0x03,  0x83,  0x80,  0x38,  0x38,  0x03,
  0x83,  0x80,  0x38,  0x38,  0x03,  0x83,  0x80,  0x38,
  0x38,  0x03,  0x83,  0x80,  0x38,  0x38,  0x03,  0x83,
  0x80,  0x38,  0x38,  0x03,  0x83,  0x80,  0x38,  0x38,
  0x03,  0x83,  0x80,  0x38,  0x38,  0x03,  0x80,  0x00,
  0x00,  0x00,  0x00,  0x00,  0x00,  0x00,  0x00,  0x00,
  0x00,  0x00,  0x00,  0x00,  0x00,  0x00,  0x00,  0x00,
  0x00,  0x00,  0x00,  0x00,  0x00
};

const UCHAR abc_fontArialNarrow50h_0069[  50] = { /* code 0069 */
  0x00,  0x00,  0x00,  0x00,  0x00,  0x00,  0x00,  0x00,
  0x00,  0x00,  0x38,  0x38,  0x38,  0x38,  0x00,  0x00,
  0x00,  0x00,  0x00,  0x38,  0x38,  0x38,  0x38,  0x38,
  0x38,  0x38,  0x38,  0x38,  0x38,  0x38,  0x38,  0x38,
  0x38,  0x38,  0x38,  0x38,  0x38,  0x38,  0x38,  0x38,
  0x38,  0x00,  0x00,  0x00,  0x00,  0x00,  0x00,  0x00,
  0x00,  0x00
};

const UCHAR abc_fontArialNarrow50h_006A[  50] = { /* code 006A */
  0x00,  0x00,  0x00,  0x00,  0x00,  0x00,  0x00,  0x00,
  0x00,  0x00,  0x0E,  0x0E,  0x0E,  0x0E,  0x00,  0x00,
  0x00,  0x00,  0x00,  0x0E,  0x0E,  0x0E,  0x0E,  0x0E,
  0x0E,  0x0E,  0x0E,  0x0E,  0x0E,  0x0E,  0x0E,  0x0E,
  0x0E,  0x0E,  0x0E,  0x0E,  0x0E,  0x0E,  0x0E,  0x0E,
  0x0E,  0x0E,  0x0E,  0x0E,  0x0E,  0x0E,  0x1E,  0x7C,
  0xFC,  0xF8
};

const UCHAR abc_fontArialNarrow50h_006B[ 113] = { /* code 006B */
  0x00,  0x00,  0x00,  0x00,  0x00,  0x00,  0x00,  0x00,
  0x00,  0x00,  0x00,  0x00,  0x00,  0x00,  0x00,  0x00,
  0x00,  0x00,  0x00,  0x00,  0x00,  0x00,  0x03,  0x80,
  0x00,  0xE0,  0x00,  0x38,  0x00,  0x0E,  0x00,  0x03,
  0x80,  0x00,  0xE0,  0x00,  0x38,  0x00,  0x0E,  0x00,
  0x03,  0x80,  0x00,  0xE0,  0x38,  0x38,  0x1E,  0x0E,
  0x0F,  0x03,  0x87,  0x80,  0xE1,  0xC0,  0x38,  0xE0,
  0x0E,  0x78,  0x03,  0xBC,  0x00,  0xFE,  0x00,  0x3F,
  0xC0,  0x0F,  0xF0,  0x03,  0xCE,  0x00,  0xF3,  0x80,
  0x38,  0x70,  0x0E,  0x1E,  0x03,  0x83,  0x80,  0xE0,
  0xF0,  0x38,  0x1C,  0x0E,  0x07,  0x83,  0x80,  0xE0,
  0xE0,  0x3C,  0x38,  0x07,  0x00,  0x00,  0x00,  0x00,
  0x00,  0x00,  0x00,  0x00,  0x00,  0x00,  0x00,  0x00,
  0x00,  0x00,  0x00,  0x00,  0x00,  0x00,  0x00,  0x00,
  0x00
};

const UCHAR abc_fontArialNarrow50h_006C[  50] = { /* code 006C */
  0x00,  0x00,  0x00,  0x00,  0x00,  0x00,  0x00,  0x00,
  0x00,  0x00,  0x38,  0x38,  0x38,  0x38,  0x38,  0x38,
  0x38,  0x38,  0x38,  0x38,  0x38,  0x38,  0x38,  0x38,
  0x38,  0x38,  0x38,  0x38,  0x38,  0x38,  0x38,  0x38,
  0x38,  0x38,  0x38,  0x38,  0x38,  0x38,  0x38,  0x38,
  0x38,  0x00,  0x00,  0x00,  0x00,  0x00,  0x00,  0x00,
  0x00,  0x00
};

const UCHAR abc_fontArialNarrow50h_006D[ 182] = { /* code 006D */
  0x00,  0x00,  0x00,  0x00,  0x00,  0x00,  0x00,  0x00,
  0x00,  0x00,  0x00,  0x00,  0x00,  0x00,  0x00,  0x00,
  0x00,  0x00,  0x00,  0x00,  0x00,  0x00,  0x00,  0x00,
  0x00,  0x00,  0x00,  0x00,  0x00,  0x00,  0x00,  0x00,
  0x00,  0x00,  0x00,  0x00,  0x00,  0x00,  0x00,  0x00,
  0x00,  0x00,  0x00,  0x00,  0x00,  0x00,  0x00,  0x00,
  0x00,  0x00,  0x00,  0x00,  0x00,  0x00,  0x00,  0x00,
  0x00,  0x00,  0x00,  0x00,  0x00,  0x00,  0x00,  0x00,
  0x00,  0x00,  0x00,  0x00,  0x00,  0x71,  0xF0,  0x3E,
  0x03,  0xBF,  0xC7,  0xF8,  0x1D,  0xFF,  0x7F,  0xE0,
  0xFC,  0x7B,  0x8F,  0x07,  0x81,  0xF0,  0x3C,  0x3C,
  0x07,  0x80,  0xE1,  0xC0,  0x38,  0x07,  0x0E,  0x01,
  0xC0,  0x38,  0x70,  0x0E,  0x01,  0xC3,  0x80,  0x70,
  0x0E,  0x1C,  0x03,  0x80,  0x70,  0xE0,  0x1C,  0x03,
  0x87,  0x00,  0xE0,  0x1C,  0x38,  0x07,  0x00,  0xE1,
  0xC0,  0x38,  0x07,  0x0E,  0x01,  0xC0,  0x38,  0x70,
  0x0E,  0x01,  0xC3,  0x80,  0x70,  0x0E,  0x1C,  0x03,
  0x80,  0x70,  0xE0,  0x1C,  0x03,  0x87,  0x00,  0xE0,
  0x1C,  0x38,  0x07,  0x00,  0xE0,  0x00,  0x00,  0x00,
  0x00,  0x00,  0x00,  0x00,  0x00,  0x00,  0x00,  0x00,
  0x00,  0x00,  0x00,  0x00,  0x00,  0x00,  0x00,  0x00,
  0x00,  0x00,  0x00,  0x00,  0x00,  0x00,  0x00,  0x00,
  0x00,  0x00,  0x00,  0x00,  0x00,  0x00
};

const UCHAR abc_fontArialNarrow50h_006E[ 125] = { /* code 006E */
  0x00,  0x00,  0x00,  0x00,  0x00,  0x00,  0x00,  0x00,
  0x00,  0x00,  0x00,  0x00,  0x00,  0x00,  0x00,  0x00,
  0x00,  0x00,  0x00,  0x00,  0x00,  0x00,  0x00,  0x00,
  0x00,  0x00,  0x00,  0x00,  0x00,  0x00,  0x00,  0x00,
  0x00,  0x00,  0x00,  0x00,  0x00,  0x00,  0x00,  0x00,
  0x00,  0x00,  0x00,  0x00,  0x00,  0x00,  0x00,  0x03,
  0x8F,  0x80,  0x39,  0xFE,  0x03,  0xBF,  0xF0,  0x3F,
  0x0F,  0x03,  0xC0,  0x78,  0x3C,  0x03,  0x83,  0x80,
  0x38,  0x38,  0x03,  0x83,  0x80,  0x38,  0x38,  0x03,
  0x83,  0x80,  0x38,  0x38,  0x03,  0x83,  0x80,  0x38,
  0x38,  0x03,  0x83,  0x80,  0x38,  0x38,  0x03,  0x83,
  0x80,  0x38,  0x38,  0x03,  0x83,  0x80,  0x38,  0x38,
  0x03,  0x83,  0x80,  0x38,  0x38,  0x03,  0x80,  0x00,
  0x00,  0x00,  0x00,  0x00,  0x00,  0x00,  0x00,  0x00,
  0x00,  0x00,  0x00,  0x00,  0x00,  0x00,  0x00,  0x00,
  0x00,  0x00,  0x00,  0x00,  0x00
};

const UCHAR abc_fontArialNarrow50h_006F[ 125] = { /* code 006F */
  0x00,  0x00,  0x00,  0x00,  0x00,  0x00,  0x00,  0x00,
  0x00,  0x00,  0x00,  0x00,  0x00,  0x00,  0x00,  0x00,
  0x00,  0x00,  0x00,  0x00,  0x00,  0x00,  0x00,  0x00,
  0x00,  0x00,  0x00,  0x00,  0x00,  0x00,  0x00,  0x00,
  0x00,  0x00,  0x00,  0x00,  0x00,  0x00,  0x00,  0x00,
  0x00,  0x00,  0x00,  0x00,  0x00,  0x00,  0x00,  0x00,
  0x1F,  0x00,  0x07,  0xFC,  0x00,  0xFF,  0xE0,  0x1E,
  0x0F,  0x03,  0xC0,  0x78,  0x38,  0x03,  0x83,  0x80,
  0x38,  0x70,  0x01,  0xC7,  0x00,  0x1C,  0x70,  0x01,
  0xC7,  0x00,  0x1C,  0x70,  0x01,  0xC7,  0x00,  0x1C,
  0x70,  0x01,  0xC7,  0x00,  0x1C,  0x38,  0x03,  0x83,
  0x80,  0x38,  0x3C,  0x07,  0x81,  0xE0,  0xF0,  0x0F,
  0xFE,  0x00,  0x7F,  0xC0,  0x01,  0xF0,  0x00,  0x00,
  0x00,  0x00,  0x00,  0x00,  0x00,  0x00,  0x00,  0x00,
  0x00,  0x00,  0x00,  0x00,  0x00,  0x00,  0x00,  0x00,
  0x00,  0x00,  0x00,  0x00,  0x00
};

const UCHAR abc_fontArialNarrow50h_0070[ 125] = { /* code 0070 */
  0x00,  0x00,  0x00,  0x00,  0x00,  0x00,  0x00,  0x00,
  0x00,  0x00,  0x00,  0x00,  0x00,  0x00,  0x00,  0x00,
  0x00,  0x00,  0x00,  0x00,  0x00,  0x00,  0x00,  0x00,
  0x00,  0x00,  0x00,  0x00,  0x00,  0x00,  0x00,  0x00,
  0x00,  0x00,  0x00,  0x00,  0x00,  0x00,  0x00,  0x00,
  0x00,  0x00,  0x00,  0x00,  0x00,  0x00,  0x00,  0x03,
  0x8F,  0x80,  0x3B,  0xFE,  0x03,  0xBF,  0xF0,  0x3F,
  0x0F,  0x03,  0xE0,  0x78,  0x3C,  0x03,  0x83,  0xC0,
  0x38,  0x38,  0x01,  0xC3,  0x80,  0x1C,  0x38,  0x01,
  0xC3,  0x80,  0x1C,  0x38,  0x01,  0xC3,  0x80,  0x1C,
  0x38,  0x01,  0xC3,  0x80,  0x1C,  0x3C,  0x03,  0x83,
  0xC0,  0x38,  0x3E,  0x07,  0x83,  0xF0,  0xF0,  0x3F,
  0xFE,  0x03,  0xBF,  0xC0,  0x38,  0xF0,  0x03,  0x80,
  0x00,  0x38,  0x00,  0x03,  0x80,  0x00,  0x38,  0x00,
  0x03,  0x80,  0x00,  0x38,  0x00,  0x03,  0x80,  0x00,
  0x38,  0x00,  0x03,  0x80,  0x00
};

const UCHAR abc_fontArialNarrow50h_0071[ 125] = { /* code 0071 */
  0x00,  0x00,  0x00,  0x00,  0x00,  0x00,  0x00,  0x00,
  0x00,  0x00,  0x00,  0x00,  0x00,  0x00,  0x00,  0x00,
  0x00,  0x00,  0x00,  0x00,  0x00,  0x00,  0x00,  0x00,
  0x00,  0x00,  0x00,  0x00,  0x00,  0x00,  0x00,  0x00,
  0x00,  0x00,  0x00,  0x00,  0x00,  0x00,  0x00,  0x00,
  0x00,  0x00,  0x00,  0x00,  0x00,  0x00,  0x00,  0x00,
  0x3E,  0x38,  0x0F,  0xFB,  0x81,  0xFF,  0xB8,  0x1E,
  0x1F,  0x83,  0xC0,  0xF8,  0x38,  0x07,  0x83,  0x80,
  0x78,  0x70,  0x03,  0x87,  0x00,  0x38,  0x70,  0x03,
  0x87,  0x00,  0x38,  0x70,  0x03,  0x87,  0x00,  0x38,
  0x70,  0x03,  0x87,  0x00,  0x38,  0x38,  0x07,  0x83,
  0x80,  0x78,  0x3C,  0x0F,  0x81,  0xE1,  0xF8,  0x0F,
  0xFF,  0x80,  0x7F,  0xB8,  0x01,  0xE3,  0x80,  0x00,
  0x38,  0x00,  0x03,  0x80,  0x00,  0x38,  0x00,  0x03,
  0x80,  0x00,  0x38,  0x00,  0x03,  0x80,  0x00,  0x38,
  0x00,  0x03,  0x80,  0x00,  0x38
};

const UCHAR abc_fontArialNarrow50h_0072[  75] = { /* code 0072 */
  0x00,  0x00,  0x00,  0x00,  0x00,  0x00,  0x00,  0x00,
  0x00,  0x00,  0x00,  0x00,  0x00,  0x00,  0x00,  0x00,
  0x00,  0x00,  0x00,  0x00,  0x00,  0x00,  0x00,  0x00,
  0x00,  0x00,  0x00,  0x00,  0x03,  0x9E,  0x3B,  0xF3,
  0xFF,  0x3E,  0x23,  0xC0,  0x3C,  0x03,  0x80,  0x38,
  0x03,  0x80,  0x38,  0x03,  0x80,  0x38,  0x03,  0x80,
  0x38,  0x03,  0x80,  0x38,  0x03,  0x80,  0x38,  0x03,
  0x80,  0x38,  0x03,  0x80,  0x38,  0x00,  0x00,  0x00,
  0x00,  0x00,  0x00,  0x00,  0x00,  0x00,  0x00,  0x00,
  0x00,  0x00,  0x00
};

const UCHAR abc_fontArialNarrow50h_0073[ 113] = { /* code 0073 */
  0x00,  0x00,  0x00,  0x00,  0x00,  0x00,  0x00,  0x00,
  0x00,  0x00,  0x00,  0x00,  0x00,  0x00,  0x00,  0x00,
  0x00,  0x00,  0x00,  0x00,  0x00,  0x00,  0x00,  0x00,
  0x00,  0x00,  0x00,  0x00,  0x00,  0x00,  0x00,  0x00,
  0x00,  0x00,  0x00,  0x00,  0x00,  0x00,  0x00,  0x00,
  0x00,  0x00,  0x00,  0x0F,  0xC0,  0x0F,  0xFC,  0x07,
  0xFF,  0x83,  0xC1,  0xE0,  0xE0,  0x3C,  0x38,  0x07,
  0x0E,  0x01,  0x83,  0xC0,  0x00,  0x78,  0x00,  0x1F,
  0xC0,  0x03,  0xFE,  0x00,  0x3F,  0xE0,  0x00,  0xFC,
  0x00,  0x07,  0x8C,  0x00,  0xE7,  0x00,  0x39,  0xE0,
  0x0E,  0x38,  0x07,  0x8F,  0x83,  0xC1,  0xFF,  0xF0,
  0x3F,  0xF0,  0x03,  0xF0,  0x00,  0x00,  0x00,  0x00,
  0x00,  0x00,  0x00,  0x00,  0x00,  0x00,  0x00,  0x00,
  0x00,  0x00,  0x00,  0x00,  0x00,  0x00,  0x00,  0x00,
  0x00
};

const UCHAR abc_fontArialNarrow50h_0074[  63] = { /* code 0074 */
  0x00,  0x00,  0x00,  0x00,  0x00,  0x00,  0x00,  0x00,
  0x00,  0x00,  0x00,  0x00,  0x00,  0x00,  0x10,  0x0C,
  0x07,  0x01,  0xC0,  0x70,  0x1C,  0x07,  0x01,  0xC1,
  0xFE,  0x7F,  0x9F,  0xE1,  0xC0,  0x70,  0x1C,  0x07,
  0x01,  0xC0,  0x70,  0x1C,  0x07,  0x01,  0xC0,  0x70,
  0x1C,  0x07,  0x01,  0xC0,  0x70,  0x1C,  0x07,  0x01,
  0xF8,  0x3F,  0x07,  0xC0,  0x00,  0x00,  0x00,  0x00,
  0x00,  0x00,  0x00,  0x00,  0x00,  0x00,  0x00
};

const UCHAR abc_fontArialNarrow50h_0075[ 125] = { /* code 0075 */
  0x00,  0x00,  0x00,  0x00,  0x00,  0x00,  0x00,  0x00,
  0x00,  0x00,  0x00,  0x00,  0x00,  0x00,  0x00,  0x00,
  0x00,  0x00,  0x00,  0x00,  0x00,  0x00,  0x00,  0x00,
  0x00,  0x00,  0x00,  0x00,  0x00,  0x00,  0x00,  0x00,
  0x00,  0x00,  0x00,  0x00,  0x00,  0x00,  0x00,  0x00,
  0x00,  0x00,  0x00,  0x00,  0x00,  0x00,  0x00,  0x03,
  0x80,  0x38,  0x38,  0x03,  0x83,  0x80,  0x38,  0x38,
  0x03,  0x83,  0x80,  0x38,  0x38,  0x03,  0x83,  0x80,
  0x38,  0x38,  0x03,  0x83,  0x80,  0x38,  0x38,  0x03,
  0x83,  0x80,  0x38,  0x38,  0x03,  0x83,  0x80,  0x38,
  0x38,  0x03,  0x83,  0x80,  0x38,  0x38,  0x03,  0x83,
  0x80,  0x78,  0x3C,  0x0F,  0x81,  0xE1,  0xF8,  0x1F,
  0xFB,  0x80,  0xFF,  0x38,  0x03,  0xE3,  0x80,  0x00,
  0x00,  0x00,  0x00,  0x00,  0x00,  0x00,  0x00,  0x00,
  0x00,  0x00,  0x00,  0x00,  0x00,  0x00,  0x00,  0x00,
  0x00,  0x00,  0x00,  0x00,  0x00
};

const UCHAR abc_fontArialNarrow50h_0076[ 113] = { /* code 0076 */
  0x00,  0x00,  0x00,  0x00,  0x00,  0x00,  0x00,  0x00,
  0x00,  0x00,  0x00,  0x00,  0x00,  0x00,  0x00,  0x00,
  0x00,  0x00,  0x00,  0x00,  0x00,  0x00,  0x00,  0x00,
  0x00,  0x00,  0x00,  0x00,  0x00,  0x00,  0x00,  0x00,
  0x00,  0x00,  0x00,  0x00,  0x00,  0x00,  0x00,  0x00,
  0x00,  0x00,  0x03,  0x80,  0x0E,  0xE0,  0x03,  0x9C,
  0x01,  0xC7,  0x00,  0x71,  0xC0,  0x1C,  0x38,  0x0E,
  0x0E,  0x03,  0x83,  0x80,  0xE0,  0xF0,  0x78,  0x1C,
  0x1C,  0x07,  0x07,  0x01,  0xE3,  0xC0,  0x38,  0xE0,
  0x0E,  0x38,  0x03,  0xDE,  0x00,  0x77,  0x00,  0x1D,
  0xC0,  0x07,  0x70,  0x00,  0xF8,  0x00,  0x3E,  0x00,
  0x0F,  0x80,  0x03,  0xE0,  0x00,  0x00,  0x00,  0x00,
  0x00,  0x00,  0x00,  0x00,  0x00,  0x00,  0x00,  0x00,
  0x00,  0x00,  0x00,  0x00,  0x00,  0x00,  0x00,  0x00,
  0x00
};

const UCHAR abc_fontArialNarrow50h_0077[ 157] = { /* code 0077 */
  0x00,  0x00,  0x00,  0x00,  0x00,  0x00,  0x00,  0x00,
  0x00,  0x00,  0x00,  0x00,  0x00,  0x00,  0x00,  0x00,
  0x00,  0x00,  0x00,  0x00,  0x00,  0x00,  0x00,  0x00,
  0x00,  0x00,  0x00,  0x00,  0x00,  0x00,  0x00,  0x00,
  0x00,  0x00,  0x00,  0x00,  0x00,  0x00,  0x00,  0x00,
  0x00,  0x00,  0x00,  0x00,  0x00,  0x00,  0x00,  0x00,
  0x00,  0x00,  0x00,  0x00,  0x00,  0x00,  0x00,  0x00,
  0x00,  0x00,  0x00,  0x1C,  0x07,  0xC0,  0x7E,  0x03,
  0xE0,  0x7B,  0x81,  0xF0,  0x39,  0xC0,  0xF8,  0x1C,
  0xE0,  0x7C,  0x0E,  0x78,  0x37,  0x0E,  0x1C,  0x3B,
  0x87,  0x0E,  0x1D,  0xC3,  0x87,  0x0E,  0xE1,  0xC3,
  0xC7,  0x71,  0xC0,  0xE3,  0xB8,  0xE0,  0x73,  0x8E,
  0x70,  0x39,  0xC7,  0x78,  0x0E,  0xE3,  0xB8,  0x07,
  0x71,  0xDC,  0x03,  0xB8,  0xEE,  0x01,  0xD8,  0x3E,
  0x00,  0x7C,  0x1F,  0x00,  0x3E,  0x0F,  0x80,  0x1F,
  0x07,  0xC0,  0x0F,  0x83,  0xC0,  0x03,  0xC0,  0xE0,
  0x00,  0x00,  0x00,  0x00,  0x00,  0x00,  0x00,  0x00,
  0x00,  0x00,  0x00,  0x00,  0x00,  0x00,  0x00,  0x00,
  0x00,  0x00,  0x00,  0x00,  0x00,  0x00,  0x00,  0x00,
  0x00,  0x00,  0x00,  0x00,  0x00
};

const UCHAR abc_fontArialNarrow50h_0078[ 113] = { /* code 0078 */
  0x00,  0x00,  0x00,  0x00,  0x00,  0x00,  0x00,  0x00,
  0x00,  0x00,  0x00,  0x00,  0x00,  0x00,  0x00,  0x00,
  0x00,  0x00,  0x00,  0x00,  0x00,  0x00,  0x00,  0x00,
  0x00,  0x00,  0x00,  0x00,  0x00,  0x00,  0x00,  0x00,
  0x00,  0x00,  0x00,  0x00,  0x00,  0x00,  0x00,  0x00,
  0x00,  0x00,  0x01,  0xE0,  0x3C,  0x38,  0x0E,  0x0F,
  0x07,  0x81,  0xC1,  0xC0,  0x38,  0xE0,  0x0F,  0x38,
  0x01,  0xDC,  0x00,  0x7F,  0x00,  0x0F,  0x80,  0x03,
  0xE0,  0x00,  0x70,  0x00,  0x3E,  0x00,  0x1F,  0xC0,
  0x07,  0x70,  0x03,  0xDE,  0x00,  0xE3,  0x80,  0x78,
  0xF0,  0x1C,  0x1C,  0x0E,  0x03,  0x87,  0x80,  0xF1,
  0xC0,  0x1C,  0xF0,  0x07,  0x80,  0x00,  0x00,  0x00,
  0x00,  0x00,  0x00,  0x00,  0x00,  0x00,  0x00,  0x00,
  0x00,  0x00,  0x00,  0x00,  0x00,  0x00,  0x00,  0x00,
  0x00
};

const UCHAR abc_fontArialNarrow50h_0079[ 113] = { /* code 0079 */
  0x00,  0x00,  0x00,  0x00,  0x00,  0x00,  0x00,  0x00,
  0x00,  0x00,  0x00,  0x00,  0x00,  0x00,  0x00,  0x00,
  0x00,  0x00,  0x00,  0x00,  0x00,  0x00,  0x00,  0x00,
  0x00,  0x00,  0x00,  0x00,  0x00,  0x00,  0x00,  0x00,
  0x00,  0x00,  0x00,  0x00,  0x00,  0x00,  0x00,  0x00,
  0x00,  0x00,  0x03,  0x80,  0x0E,  0xF0,  0x07,  0x9C,
  0x01,  0xC7,  0x00,  0x71,  0xE0,  0x3C,  0x38,  0x0E,
  0x0E,  0x03,  0x83,  0xC1,  0xE0,  0x70,  0x70,  0x1C,
  0x1C,  0x07,  0x8F,  0x00,  0xE3,  0x80,  0x38,  0xE0,
  0x0F,  0x78,  0x01,  0xDC,  0x00,  0x77,  0x00,  0x1D,
  0xC0,  0x03,  0xE0,  0x00,  0xF8,  0x00,  0x3E,  0x00,
  0x07,  0x80,  0x01,  0xC0,  0x00,  0x70,  0x00,  0x3C,
  0x00,  0x0E,  0x00,  0x03,  0x80,  0x01,  0xE0,  0x00,
  0x70,  0x00,  0xFC,  0x00,  0x3E,  0x00,  0x07,  0x00,
  0x00
};

const UCHAR abc_fontArialNarrow50h_007A[ 113] = { /* code 007A */
  0x00,  0x00,  0x00,  0x00,  0x00,  0x00,  0x00,  0x00,
  0x00,  0x00,  0x00,  0x00,  0x00,  0x00,  0x00,  0x00,
  0x00,  0x00,  0x00,  0x00,  0x00,  0x00,  0x00,  0x00,
  0x00,  0x00,  0x00,  0x00,  0x00,  0x00,  0x00,  0x00,
  0x00,  0x00,  0x00,  0x00,  0x00,  0x00,  0x00,  0x00,
  0x00,  0x00,  0x00,  0xFF,  0xFC,  0x3F,  0xFF,  0x0F,
  0xFF,  0xC0,  0x00,  0xE0,  0x00,  0x78,  0x00,  0x3C,
  0x00,  0x0E,  0x00,  0x07,  0x80,  0x03,  0xC0,  0x00,
  0xE0,  0x00,  0x70,  0x00,  0x3C,  0x00,  0x0E,  0x00,
  0x07,  0x00,  0x03,  0xC0,  0x01,  0xE0,  0x00,  0x70,
  0x00,  0x3C,  0x00,  0x1E,  0x00,  0x07,  0xFF,  0xF9,
  0xFF,  0xFE,  0x7F,  0xFF,  0x80,  0x00,  0x00,  0x00,
  0x00,  0x00,  0x00,  0x00,  0x00,  0x00,  0x00,  0x00,
  0x00,  0x00,  0x00,  0x00,  0x00,  0x00,  0x00,  0x00,
  0x00
};

const UCHAR abc_fontArialNarrow50h_007B[  75] = { /* code 007B */
  0x00,  0x00,  0x00,  0x00,  0x00,  0x00,  0x00,  0x00,
  0x00,  0x00,  0x00,  0x00,  0x00,  0x00,  0x00,  0x00,
  0xF0,  0x3F,  0x03,  0xF0,  0x78,  0x07,  0x00,  0x70,
  0x07,  0x00,  0x70,  0x07,  0x00,  0x70,  0x07,  0x00,
  0x70,  0x07,  0x00,  0x70,  0x07,  0x00,  0x70,  0x0F,
  0x00,  0xE0,  0x1E,  0x07,  0xC0,  0x70,  0x07,  0xC0,
  0x1E,  0x00,  0xE0,  0x06,  0x00,  0x70,  0x07,  0x00,
  0x70,  0x07,  0x00,  0x70,  0x07,  0x00,  0x70,  0x07,
  0x00,  0x70,  0x07,  0x00,  0x70,  0x07,  0x80,  0x3F,
  0x01,  0xF0,  0x0F
};

const UCHAR abc_fontArialNarrow50h_007C[  57] = { /* code 007C */
  0x00,  0x00,  0x00,  0x00,  0x00,  0x00,  0x00,  0x00,
  0x00,  0x00,  0x00,  0x07,  0x03,  0x81,  0xC0,  0xE0,
  0x70,  0x38,  0x1C,  0x0E,  0x07,  0x03,  0x81,  0xC0,
  0xE0,  0x70,  0x38,  0x1C,  0x0E,  0x07,  0x03,  0x81,
  0xC0,  0xE0,  0x70,  0x38,  0x1C,  0x0E,  0x07,  0x03,
  0x81,  0xC0,  0xE0,  0x70,  0x38,  0x1C,  0x0E,  0x07,
  0x03,  0x81,  0xC0,  0xE0,  0x70,  0x38,  0x1C,  0x0E,
  0x00
};

const UCHAR abc_fontArialNarrow50h_007D[  75] = { /* code 007D */
  0x00,  0x00,  0x00,  0x00,  0x00,  0x00,  0x00,  0x00,
  0x00,  0x00,  0x00,  0x00,  0x00,  0x00,  0x00,  0x78,
  0x07,  0xC0,  0x7E,  0x00,  0xE0,  0x07,  0x00,  0x70,
  0x07,  0x00,  0x70,  0x07,  0x00,  0x70,  0x07,  0x00,
  0x70,  0x07,  0x00,  0x70,  0x07,  0x00,  0x70,  0x03,
  0x80,  0x38,  0x01,  0xC0,  0x0F,  0x00,  0x70,  0x1F,
  0x03,  0xC0,  0x38,  0x03,  0x00,  0x70,  0x07,  0x00,
  0x70,  0x07,  0x00,  0x70,  0x07,  0x00,  0x70,  0x07,
  0x00,  0x70,  0x07,  0x00,  0x70,  0x0F,  0x07,  0xE0,
  0x7C,  0x07,  0x80
};

const UCHAR abc_fontArialNarrow50h_007E[ 132] = { /* code 007E */
  0x00,  0x00,  0x00,  0x00,  0x00,  0x00,  0x00,  0x00,
  0x00,  0x00,  0x00,  0x00,  0x00,  0x00,  0x00,  0x00,
  0x00,  0x00,  0x00,  0x00,  0x00,  0x00,  0x00,  0x00,
  0x00,  0x00,  0x00,  0x00,  0x00,  0x00,  0x00,  0x00,
  0x00,  0x00,  0x00,  0x00,  0x00,  0x00,  0x00,  0x00,
  0x00,  0x00,  0x00,  0x00,  0x00,  0x00,  0x00,  0x00,
  0x00,  0x00,  0x00,  0x00,  0x00,  0x00,  0x00,  0x00,
  0x00,  0x00,  0x00,  0x00,  0x03,  0xE0,  0x04,  0x3F,
  0xE0,  0x63,  0xFF,  0xC7,  0x1C,  0x3F,  0xF8,  0xC0,
  0x7F,  0x84,  0x00,  0xF8,  0x00,  0x00,  0x00,  0x00,
  0x00,  0x00,  0x00,  0x00,  0x00,  0x00,  0x00,  0x00,
  0x00,  0x00,  0x00,  0x00,  0x00,  0x00,  0x00,  0x00,
  0x00,  0x00,  0x00,  0x00,  0x00,  0x00,  0x00,  0x00,
  0x00,  0x00,  0x00,  0x00,  0x00,  0x00,  0x00,  0x00,
  0x00,  0x00,  0x00,  0x00,  0x00,  0x00,  0x00,  0x00,
  0x00,  0x00,  0x00,  0x00,  0x00,  0x00,  0x00,  0x00,
  0x00,  0x00,  0x00,  0x00
};

const UCHAR abc_fontArialNarrow50h_00B2[  75] = { /* code 00B2 */
  0x00,  0x00,  0x00,  0x00,  0x00,  0x00,  0x00,  0x00,
  0x00,  0x00,  0x00,  0x00,  0x00,  0x00,  0x00,  0x00,
  0x00,  0x00,  0x00,  0x00,  0x00,  0x00,  0x00,  0x00,
  0x00,  0x00,  0x00,  0x00,  0x00,  0x00,  0x00,  0x00,
  0x00,  0x00,  0x00,  0x00,  0x00,  0x00,  0x00,  0x00,
  0x00,  0x00,  0x00,  0x00,  0x00,  0x1F,  0x83,  0xFC,
  0x7F,  0xE7,  0x1E,  0xE0,  0xEE,  0x0E,  0x00,  0xC0,
  0x1C,  0x03,  0x80,  0x70,  0x0C,  0x01,  0x80,  0x30,
  0x07,  0xFE,  0xFF,  0xEF,  0xFE,  0x00,  0x00,  0x00,
  0x00,  0x00,  0x00
};

const UCHAR abc_fontArialNarrow50h_00BF[ 138] = { /* code 00BF */
  0x00,  0x00,  0x00,  0x00,  0x00,  0x00,  0x00,  0x00,
  0x00,  0x00,  0x00,  0x00,  0x00,  0x00,  0x00,  0x00,
  0x00,  0x00,  0x00,  0x00,  0x00,  0x00,  0x00,  0x00,
  0x00,  0x00,  0x00,  0x00,  0x00,  0x00,  0x00,  0x00,
  0x00,  0x00,  0x00,  0x00,  0x00,  0x00,  0x00,  0x00,
  0x00,  0x00,  0x00,  0x00,  0x00,  0x00,  0x00,  0x00,
  0x00,  0x00,  0x00,  0x00,  0x00,  0x0E,  0x00,  0x00,
  0x38,  0x00,  0x00,  0xE0,  0x00,  0x03,  0x80,  0x00,
  0x00,  0x00,  0x00,  0x00,  0x00,  0x00,  0x00,  0x00,
  0x03,  0x80,  0x00,  0x0E,  0x00,  0x00,  0x38,  0x00,
  0x00,  0xE0,  0x00,  0x07,  0x80,  0x00,  0x1C,  0x00,
  0x00,  0xF0,  0x00,  0x07,  0x80,  0x00,  0x3C,  0x00,
  0x01,  0xE0,  0x00,  0x07,  0x80,  0x00,  0x3C,  0x00,
  0x01,  0xE0,  0x00,  0x07,  0x00,  0x00,  0x1C,  0x00,
  0x00,  0x70,  0x03,  0x81,  0xC0,  0x0E,  0x07,  0x00,
  0x78,  0x1E,  0x01,  0xC0,  0x3C,  0x0F,  0x00,  0xF8,
  0x78,  0x01,  0xFF,  0xE0,  0x03,  0xFF,  0x00,  0x03,
  0xF0,  0x00
};

const UCHAR abc_fontArialNarrow50h_00C0[ 150] = { /* code 00C0 */
  0x00,  0x00,  0x00,  0x00,  0x00,  0x00,  0x00,  0x70,
  0x00,  0x00,  0x38,  0x00,  0x00,  0x38,  0x00,  0x00,
  0x18,  0x00,  0x00,  0x1C,  0x00,  0x00,  0x0C,  0x00,
  0x00,  0x00,  0x00,  0x00,  0x00,  0x00,  0x00,  0x7C,
  0x00,  0x00,  0x7C,  0x00,  0x00,  0x7C,  0x00,  0x00,
  0xEE,  0x00,  0x00,  0xEE,  0x00,  0x00,  0xEE,  0x00,
  0x01,  0xEF,  0x00,  0x01,  0xE7,  0x00,  0x01,  0xC7,
  0x00,  0x03,  0xC7,  0x80,  0x03,  0xC3,  0x80,  0x03,
  0x83,  0x80,  0x03,  0x83,  0x80,  0x07,  0x81,  0xC0,
  0x07,  0x01,  0xC0,  0x07,  0x01,  0xC0,  0x0F,  0x01,
  0xE0,  0x0E,  0x00,  0xE0,  0x0F,  0xFF,  0xE0,  0x1F,
  0xFF,  0xF0,  0x1F,  0xFF,  0xF0,  0x1C,  0x00,  0x70,
  0x1C,  0x00,  0x70,  0x38,  0x00,  0x38,  0x38,  0x00,
  0x38,  0x38,  0x00,  0x38,  0x78,  0x00,  0x1C,  0x70,
  0x00,  0x1C,  0x70,  0x00,  0x1C,  0xF0,  0x00,  0x1E,
  0xE0,  0x00,  0x0E,  0x00,  0x00,  0x00,  0x00,  0x00,
  0x00,  0x00,  0x00,  0x00,  0x00,  0x00,  0x00,  0x00,
  0x00,  0x00,  0x00,  0x00,  0x00,  0x00,  0x00,  0x00,
  0x00,  0x00,  0x00,  0x00,  0x00,  0x00
};

const UCHAR abc_fontArialNarrow50h_00C1[ 150] = { /* code 00C1 */
  0x00,  0x00,  0x00,  0x00,  0x00,  0x00,  0x00,  0x38,
  0x00,  0x00,  0x70,  0x00,  0x00,  0x70,  0x00,  0x00,
  0x60,  0x00,  0x00,  0xE0,  0x00,  0x00,  0xC0,  0x00,
  0x00,  0x00,  0x00,  0x00,  0x00,  0x00,  0x00,  0x7C,
  0x00,  0x00,  0x7C,  0x00,  0x00,  0x7C,  0x00,  0x00,
  0xEE,  0x00,  0x00,  0xEE,  0x00,  0x00,  0xEE,  0x00,
  0x01,  0xEF,  0x00,  0x01,  0xE7,  0x00,  0x01,  0xC7,
  0x00,  0x03,  0xC7,  0x80,  0x03,  0xC3,  0x80,  0x03,
  0x83,  0x80,  0x03,  0x83,  0x80,  0x07,  0x81,  0xC0,
  0x07,  0x01,  0xC0,  0x07,  0x01,  0xC0,  0x0F,  0x01,
  0xE0,  0x0E,  0x00,  0xE0,  0x0F,  0xFF,  0xE0,  0x1F,
  0xFF,  0xF0,  0x1F,  0xFF,  0xF0,  0x1C,  0x00,  0x70,
  0x1C,  0x00,  0x70,  0x38,  0x00,  0x38,  0x38,  0x00,
  0x38,  0x38,  0x00,  0x38,  0x78,  0x00,  0x1C,  0x70,
  0x00,  0x1C,  0x70,  0x00,  0x1C,  0xF0,  0x00,  0x1E,
  0xE0,  0x00,  0x0E,  0x00,  0x00,  0x00,  0x00,  0x00,
  0x00,  0x00,  0x00,  0x00,  0x00,  0x00,  0x00,  0x00,
  0x00,  0x00,  0x00,  0x00,  0x00,  0x00,  0x00,  0x00,
  0x00,  0x00,  0x00,  0x00,  0x00,  0x00
};

const UCHAR abc_fontArialNarrow50h_00C2[ 150] = { /* code 00C2 */
  0x00,  0x00,  0x00,  0x00,  0x00,  0x00,  0x00,  0x38,
  0x00,  0x00,  0x7C,  0x00,  0x00,  0xEE,  0x00,  0x00,
  0xEE,  0x00,  0x01,  0xC7,  0x00,  0x03,  0x83,  0x80,
  0x00,  0x00,  0x00,  0x00,  0x00,  0x00,  0x00,  0x7C,
  0x00,  0x00,  0x7C,  0x00,  0x00,  0x7C,  0x00,  0x00,
  0xEE,  0x00,  0x00,  0xEE,  0x00,  0x00,  0xEE,  0x00,
  0x01,  0xEF,  0x00,  0x01,  0xE7,  0x00,  0x01,  0xC7,
  0x00,  0x03,  0xC7,  0x80,  0x03,  0xC3,  0x80,  0x03,
  0x83,  0x80,  0x03,  0x83,  0x80,  0x07,  0x81,  0xC0,
  0x07,  0x01,  0xC0,  0x07,  0x01,  0xC0,  0x0F,  0x01,
  0xE0,  0x0E,  0x00,  0xE0,  0x0F,  0xFF,  0xE0,  0x1F,
  0xFF,  0xF0,  0x1F,  0xFF,  0xF0,  0x1C,  0x00,  0x70,
  0x1C,  0x00,  0x70,  0x38,  0x00,  0x38,  0x38,  0x00,
  0x38,  0x38,  0x00,  0x38,  0x78,  0x00,  0x1C,  0x70,
  0x00,  0x1C,  0x70,  0x00,  0x1C,  0xF0,  0x00,  0x1E,
  0xE0,  0x00,  0x0E,  0x00,  0x00,  0x00,  0x00,  0x00,
  0x00,  0x00,  0x00,  0x00,  0x00,  0x00,  0x00,  0x00,
  0x00,  0x00,  0x00,  0x00,  0x00,  0x00,  0x00,  0x00,
  0x00,  0x00,  0x00,  0x00,  0x00,  0x00
};

const UCHAR abc_fontArialNarrow50h_00C3[ 150] = { /* code 00C3 */
  0x00,  0x00,  0x00,  0x00,  0x00,  0x00,  0x00,  0x00,
  0x00,  0x00,  0xE1,  0x80,  0x01,  0xF9,  0x80,  0x03,
  0xFF,  0x80,  0x03,  0x3F,  0x00,  0x03,  0x0E,  0x00,
  0x00,  0x00,  0x00,  0x00,  0x00,  0x00,  0x00,  0x7C,
  0x00,  0x00,  0x7C,  0x00,  0x00,  0x7C,  0x00,  0x00,
  0xEE,  0x00,  0x00,  0xEE,  0x00,  0x00,  0xEE,  0x00,
  0x01,  0xEF,  0x00,  0x01,  0xE7,  0x00,  0x01,  0xC7,
  0x00,  0x03,  0xC7,  0x80,  0x03,  0xC3,  0x80,  0x03,
  0x83,  0x80,  0x03,  0x83,  0x80,  0x07,  0x81,  0xC0,
  0x07,  0x01,  0xC0,  0x07,  0x01,  0xC0,  0x0F,  0x01,
  0xE0,  0x0E,  0x00,  0xE0,  0x0F,  0xFF,  0xE0,  0x1F,
  0xFF,  0xF0,  0x1F,  0xFF,  0xF0,  0x1C,  0x00,  0x70,
  0x1C,  0x00,  0x70,  0x38,  0x00,  0x38,  0x38,  0x00,
  0x38,  0x38,  0x00,  0x38,  0x78,  0x00,  0x1C,  0x70,
  0x00,  0x1C,  0x70,  0x00,  0x1C,  0xF0,  0x00,  0x1E,
  0xE0,  0x00,  0x0E,  0x00,  0x00,  0x00,  0x00,  0x00,
  0x00,  0x00,  0x00,  0x00,  0x00,  0x00,  0x00,  0x00,
  0x00,  0x00,  0x00,  0x00,  0x00,  0x00,  0x00,  0x00,
  0x00,  0x00,  0x00,  0x00,  0x00,  0x00
};

const UCHAR abc_fontArialNarrow50h_00C4[ 150] = { /* code 00C4 */
  0x00,  0x00,  0x00,  0x00,  0x00,  0x00,  0x00,  0x00,
  0x00,  0x00,  0x00,  0x00,  0x01,  0xC7,  0x00,  0x01,
  0xC7,  0x00,  0x01,  0xC7,  0x00,  0x01,  0xC7,  0x00,
  0x00,  0x00,  0x00,  0x00,  0x00,  0x00,  0x00,  0x7C,
  0x00,  0x00,  0x7C,  0x00,  0x00,  0x7C,  0x00,  0x00,
  0xEE,  0x00,  0x00,  0xEE,  0x00,  0x00,  0xEE,  0x00,
  0x01,  0xEF,  0x00,  0x01,  0xE7,  0x00,  0x01,  0xC7,
  0x00,  0x03,  0xC7,  0x80,  0x03,  0xC3,  0x80,  0x03,
  0x83,  0x80,  0x03,  0x83,  0x80,  0x07,  0x81,  0xC0,
  0x07,  0x01,  0xC0,  0x07,  0x01,  0xC0,  0x0F,  0x01,
  0xE0,  0x0E,  0x00,  0xE0,  0x0F,  0xFF,  0xE0,  0x1F,
  0xFF,  0xF0,  0x1F,  0xFF,  0xF0,  0x1C,  0x00,  0x70,
  0x1C,  0x00,  0x70,  0x38,  0x00,  0x38,  0x38,  0x00,
  0x38,  0x38,  0x00,  0x38,  0x78,  0x00,  0x1C,  0x70,
  0x00,  0x1C,  0x70,  0x00,  0x1C,  0xF0,  0x00,  0x1E,
  0xE0,  0x00,  0x0E,  0x00,  0x00,  0x00,  0x00,  0x00,
  0x00,  0x00,  0x00,  0x00,  0x00,  0x00,  0x00,  0x00,
  0x00,  0x00,  0x00,  0x00,  0x00,  0x00,  0x00,  0x00,
  0x00,  0x00,  0x00,  0x00,  0x00,  0x00
};

const UCHAR abc_fontArialNarrow50h_00C5[ 150] = { /* code 00C5 */
  0x00,  0x78,  0x00,  0x00,  0xFC,  0x00,  0x01,  0xCE,
  0x00,  0x01,  0x86,  0x00,  0x01,  0x86,  0x00,  0x01,
  0x86,  0x00,  0x01,  0xCE,  0x00,  0x00,  0xFC,  0x00,
  0x00,  0x78,  0x00,  0x00,  0x00,  0x00,  0x00,  0x7C,
  0x00,  0x00,  0x7C,  0x00,  0x00,  0x7C,  0x00,  0x00,
  0xEE,  0x00,  0x00,  0xEE,  0x00,  0x00,  0xEE,  0x00,
  0x01,  0xEF,  0x00,  0x01,  0xE7,  0x00,  0x01,  0xC7,
  0x00,  0x03,  0xC7,  0x80,  0x03,  0xC3,  0x80,  0x03,
  0x83,  0x80,  0x03,  0x83,  0x80,  0x07,  0x81,  0xC0,
  0x07,  0x01,  0xC0,  0x07,  0x01,  0xC0,  0x0F,  0x01,
  0xE0,  0x0E,  0x00,  0xE0,  0x0F,  0xFF,  0xE0,  0x1F,
  0xFF,  0xF0,  0x1F,  0xFF,  0xF0,  0x1C,  0x00,  0x70,
  0x1C,  0x00,  0x70,  0x38,  0x00,  0x38,  0x38,  0x00,
  0x38,  0x38,  0x00,  0x38,  0x78,  0x00,  0x1C,  0x70,
  0x00,  0x1C,  0x70,  0x00,  0x1C,  0xF0,  0x00,  0x1E,
  0xE0,  0x00,  0x0E,  0x00,  0x00,  0x00,  0x00,  0x00,
  0x00,  0x00,  0x00,  0x00,  0x00,  0x00,  0x00,  0x00,
  0x00,  0x00,  0x00,  0x00,  0x00,  0x00,  0x00,  0x00,
  0x00,  0x00,  0x00,  0x00,  0x00,  0x00
};

const UCHAR abc_fontArialNarrow50h_00C6[ 219] = { /* code 00C6 */
  0x00,  0x00,  0x00,  0x00,  0x00,  0x00,  0x00,  0x00,
  0x00,  0x00,  0x00,  0x00,  0x00,  0x00,  0x00,  0x00,
  0x00,  0x00,  0x00,  0x00,  0x00,  0x00,  0x00,  0x00,
  0x00,  0x00,  0x00,  0x00,  0x00,  0x00,  0x00,  0x00,
  0x00,  0x00,  0x00,  0x00,  0x00,  0x00,  0x00,  0x00,
  0x00,  0x00,  0x00,  0x00,  0x00,  0x3F,  0xFF,  0xFE,
  0x00,  0x07,  0xFF,  0xFF,  0xC0,  0x01,  0xFF,  0xFF,
  0xF8,  0x00,  0x38,  0xE0,  0x00,  0x00,  0x07,  0x1C,
  0x00,  0x00,  0x01,  0xC3,  0x80,  0x00,  0x00,  0x38,
  0x70,  0x00,  0x00,  0x07,  0x0E,  0x00,  0x00,  0x01,
  0xC1,  0xC0,  0x00,  0x00,  0x38,  0x38,  0x00,  0x00,
  0x0F,  0x07,  0x00,  0x00,  0x01,  0xC0,  0xE0,  0x00,
  0x00,  0x38,  0x1C,  0x00,  0x00,  0x0E,  0x03,  0x80,
  0x00,  0x01,  0xC0,  0x7F,  0xFF,  0x00,  0x78,  0x0F,
  0xFF,  0xE0,  0x0E,  0x01,  0xFF,  0xFC,  0x01,  0xC0,
  0x38,  0x00,  0x00,  0x70,  0x07,  0x00,  0x00,  0x0F,
  0xFF,  0xE0,  0x00,  0x01,  0xFF,  0xFC,  0x00,  0x00,
  0x7F,  0xFF,  0x80,  0x00,  0x0E,  0x00,  0x70,  0x00,
  0x03,  0xC0,  0x0E,  0x00,  0x00,  0x70,  0x01,  0xC0,
  0x00,  0x0E,  0x00,  0x38,  0x00,  0x03,  0x80,  0x07,
  0x00,  0x00,  0x70,  0x00,  0xE0,  0x00,  0x1E,  0x00,
  0x1F,  0xFF,  0xE3,  0x80,  0x03,  0xFF,  0xFC,  0x70,
  0x00,  0x7F,  0xFF,  0x80,  0x00,  0x00,  0x00,  0x00,
  0x00,  0x00,  0x00,  0x00,  0x00,  0x00,  0x00,  0x00,
  0x00,  0x00,  0x00,  0x00,  0x00,  0x00,  0x00,  0x00,
  0x00,  0x00,  0x00,  0x00,  0x00,  0x00,  0x00,  0x00,
  0x00,  0x00,  0x00,  0x00,  0x00,  0x00,  0x00,  0x00,
  0x00,  0x00,  0x00
};

const UCHAR abc_fontArialNarrow50h_00C7[ 157] = { /* code 00C7 */
  0x00,  0x00,  0x00,  0x00,  0x00,  0x00,  0x00,  0x00,
  0x00,  0x00,  0x00,  0x00,  0x00,  0x00,  0x00,  0x00,
  0x00,  0x00,  0x00,  0x00,  0x00,  0x00,  0x00,  0x00,
  0x00,  0x00,  0x00,  0x00,  0x00,  0x00,  0x00,  0x00,
  0x0F,  0xC0,  0x00,  0x3F,  0xF8,  0x00,  0x3F,  0xFF,
  0x00,  0x3E,  0x0F,  0x80,  0x3C,  0x01,  0xE0,  0x3C,
  0x00,  0x78,  0x1C,  0x00,  0x1C,  0x1E,  0x00,  0x0F,
  0x0E,  0x00,  0x03,  0x87,  0x00,  0x01,  0x87,  0x00,
  0x00,  0x03,  0x80,  0x00,  0x01,  0xC0,  0x00,  0x00,
  0xE0,  0x00,  0x00,  0x70,  0x00,  0x00,  0x38,  0x00,
  0x00,  0x1C,  0x00,  0x00,  0x0E,  0x00,  0x00,  0x07,
  0x00,  0x00,  0x03,  0x80,  0x00,  0x01,  0xC0,  0x00,
  0x30,  0x70,  0x00,  0x1C,  0x38,  0x00,  0x1E,  0x1E,
  0x00,  0x0E,  0x07,  0x00,  0x0F,  0x03,  0xC0,  0x07,
  0x00,  0xF0,  0x07,  0x80,  0x3E,  0x0F,  0x80,  0x0F,
  0xFF,  0x80,  0x03,  0xFF,  0x80,  0x00,  0x7F,  0x00,
  0x00,  0x0E,  0x00,  0x00,  0x0E,  0x00,  0x00,  0x07,
  0xC0,  0x00,  0x00,  0x70,  0x00,  0x00,  0x38,  0x00,
  0x00,  0x3C,  0x00,  0x01,  0xFE,  0x00,  0x00,  0xFE,
  0x00,  0x00,  0x7C,  0x00,  0x00
};

const UCHAR abc_fontArialNarrow50h_00C8[ 150] = { /* code 00C8 */
  0x00,  0x00,  0x00,  0x00,  0x00,  0x00,  0x00,  0x70,
  0x00,  0x00,  0x38,  0x00,  0x00,  0x38,  0x00,  0x00,
  0x18,  0x00,  0x00,  0x1C,  0x00,  0x00,  0x0C,  0x00,
  0x00,  0x00,  0x00,  0x00,  0x00,  0x00,  0x1F,  0xFF,
  0xFC,  0x1F,  0xFF,  0xFC,  0x1F,  0xFF,  0xFC,  0x1C,
  0x00,  0x00,  0x1C,  0x00,  0x00,  0x1C,  0x00,  0x00,
  0x1C,  0x00,  0x00,  0x1C,  0x00,  0x00,  0x1C,  0x00,
  0x00,  0x1C,  0x00,  0x00,  0x1C,  0x00,  0x00,  0x1C,
  0x00,  0x00,  0x1C,  0x00,  0x00,  0x1C,  0x00,  0x00,
  0x1F,  0xFF,  0xF8,  0x1F,  0xFF,  0xF8,  0x1F,  0xFF,
  0xF8,  0x1C,  0x00,  0x00,  0x1C,  0x00,  0x00,  0x1C,
  0x00,  0x00,  0x1C,  0x00,  0x00,  0x1C,  0x00,  0x00,
  0x1C,  0x00,  0x00,  0x1C,  0x00,  0x00,  0x1C,  0x00,
  0x00,  0x1C,  0x00,  0x00,  0x1C,  0x00,  0x00,  0x1C,
  0x00,  0x00,  0x1F,  0xFF,  0xFC,  0x1F,  0xFF,  0xFC,
  0x1F,  0xFF,  0xFC,  0x00,  0x00,  0x00,  0x00,  0x00,
  0x00,  0x00,  0x00,  0x00,  0x00,  0x00,  0x00,  0x00,
  0x00,  0x00,  0x00,  0x00,  0x00,  0x00,  0x00,  0x00,
  0x00,  0x00,  0x00,  0x00,  0x00,  0x00
};

const UCHAR abc_fontArialNarrow50h_00C9[ 150] = { /* code 00C9 */
  0x00,  0x00,  0x00,  0x00,  0x00,  0x00,  0x00,  0x0E,
  0x00,  0x00,  0x1C,  0x00,  0x00,  0x1C,  0x00,  0x00,
  0x18,  0x00,  0x00,  0x38,  0x00,  0x00,  0x30,  0x00,
  0x00,  0x00,  0x00,  0x00,  0x00,  0x00,  0x1F,  0xFF,
  0xFC,  0x1F,  0xFF,  0xFC,  0x1F,  0xFF,  0xFC,  0x1C,
  0x00,  0x00,  0x1C,  0x00,  0x00,  0x1C,  0x00,  0x00,
  0x1C,  0x00,  0x00,  0x1C,  0x00,  0x00,  0x1C,  0x00,
  0x00,  0x1C,  0x00,  0x00,  0x1C,  0x00,  0x00,  0x1C,
  0x00,  0x00,  0x1C,  0x00,  0x00,  0x1C,  0x00,  0x00,
  0x1F,  0xFF,  0xF8,  0x1F,  0xFF,  0xF8,  0x1F,  0xFF,
  0xF8,  0x1C,  0x00,  0x00,  0x1C,  0x00,  0x00,  0x1C,
  0x00,  0x00,  0x1C,  0x00,  0x00,  0x1C,  0x00,  0x00,
  0x1C,  0x00,  0x00,  0x1C,  0x00,  0x00,  0x1C,  0x00,
  0x00,  0x1C,  0x00,  0x00,  0x1C,  0x00,  0x00,  0x1C,
  0x00,  0x00,  0x1F,  0xFF,  0xFC,  0x1F,  0xFF,  0xFC,
  0x1F,  0xFF,  0xFC,  0x00,  0x00,  0x00,  0x00,  0x00,
  0x00,  0x00,  0x00,  0x00,  0x00,  0x00,  0x00,  0x00,
  0x00,  0x00,  0x00,  0x00,  0x00,  0x00,  0x00,  0x00,
  0x00,  0x00,  0x00,  0x00,  0x00,  0x00
};

const UCHAR abc_fontArialNarrow50h_00CA[ 150] = { /* code 00CA */
  0x00,  0x00,  0x00,  0x00,  0x00,  0x00,  0x00,  0x1C,
  0x00,  0x00,  0x3E,  0x00,  0x00,  0x77,  0x00,  0x00,
  0x77,  0x00,  0x00,  0xE3,  0x80,  0x01,  0xC1,  0xC0,
  0x00,  0x00,  0x00,  0x00,  0x00,  0x00,  0x1F,  0xFF,
  0xFC,  0x1F,  0xFF,  0xFC,  0x1F,  0xFF,  0xFC,  0x1C,
  0x00,  0x00,  0x1C,  0x00,  0x00,  0x1C,  0x00,  0x00,
  0x1C,  0x00,  0x00,  0x1C,  0x00,  0x00,  0x1C,  0x00,
  0x00,  0x1C,  0x00,  0x00,  0x1C,  0x00,  0x00,  0x1C,
  0x00,  0x00,  0x1C,  0x00,  0x00,  0x1C,  0x00,  0x00,
  0x1F,  0xFF,  0xF8,  0x1F,  0xFF,  0xF8,  0x1F,  0xFF,
  0xF8,  0x1C,  0x00,  0x00,  0x1C,  0x00,  0x00,  0x1C,
  0x00,  0x00,  0x1C,  0x00,  0x00,  0x1C,  0x00,  0x00,
  0x1C,  0x00,  0x00,  0x1C,  0x00,  0x00,  0x1C,  0x00,
  0x00,  0x1C,  0x00,  0x00,  0x1C,  0x00,  0x00,  0x1C,
  0x00,  0x00,  0x1F,  0xFF,  0xFC,  0x1F,  0xFF,  0xFC,
  0x1F,  0xFF,  0xFC,  0x00,  0x00,  0x00,  0x00,  0x00,
  0x00,  0x00,  0x00,  0x00,  0x00,  0x00,  0x00,  0x00,
  0x00,  0x00,  0x00,  0x00,  0x00,  0x00,  0x00,  0x00,
  0x00,  0x00,  0x00,  0x00,  0x00,  0x00
};

const UCHAR abc_fontArialNarrow50h_00CB[ 150] = { /* code 00CB */
  0x00,  0x00,  0x00,  0x00,  0x00,  0x00,  0x00,  0x00,
  0x00,  0x00,  0x00,  0x00,  0x00,  0xE3,  0x80,  0x00,
  0xE3,  0x80,  0x00,  0xE3,  0x80,  0x00,  0xE3,  0x80,
  0x00,  0x00,  0x00,  0x00,  0x00,  0x00,  0x1F,  0xFF,
  0xFC,  0x1F,  0xFF,  0xFC,  0x1F,  0xFF,  0xFC,  0x1C,
  0x00,  0x00,  0x1C,  0x00,  0x00,  0x1C,  0x00,  0x00,
  0x1C,  0x00,  0x00,  0x1C,  0x00,  0x00,  0x1C,  0x00,
  0x00,  0x1C,  0x00,  0x00,  0x1C,  0x00,  0x00,  0x1C,
  0x00,  0x00,  0x1C,  0x00,  0x00,  0x1C,  0x00,  0x00,
  0x1F,  0xFF,  0xF8,  0x1F,  0xFF,  0xF8,  0x1F,  0xFF,
  0xF8,  0x1C,  0x00,  0x00,  0x1C,  0x00,  0x00,  0x1C,
  0x00,  0x00,  0x1C,  0x00,  0x00,  0x1C,  0x00,  0x00,
  0x1C,  0x00,  0x00,  0x1C,  0x00,  0x00,  0x1C,  0x00,
  0x00,  0x1C,  0x00,  0x00,  0x1C,  0x00,  0x00,  0x1C,
  0x00,  0x00,  0x1F,  0xFF,  0xFC,  0x1F,  0xFF,  0xFC,
  0x1F,  0xFF,  0xFC,  0x00,  0x00,  0x00,  0x00,  0x00,
  0x00,  0x00,  0x00,  0x00,  0x00,  0x00,  0x00,  0x00,
  0x00,  0x00,  0x00,  0x00,  0x00,  0x00,  0x00,  0x00,
  0x00,  0x00,  0x00,  0x00,  0x00,  0x00
};

const UCHAR abc_fontArialNarrow50h_00CC[  63] = { /* code 00CC */
  0x00,  0x00,  0x03,  0x80,  0x70,  0x1C,  0x03,  0x00,
  0xE0,  0x18,  0x00,  0x00,  0x01,  0xC0,  0x70,  0x1C,
  0x07,  0x01,  0xC0,  0x70,  0x1C,  0x07,  0x01,  0xC0,
  0x70,  0x1C,  0x07,  0x01,  0xC0,  0x70,  0x1C,  0x07,
  0x01,  0xC0,  0x70,  0x1C,  0x07,  0x01,  0xC0,  0x70,
  0x1C,  0x07,  0x01,  0xC0,  0x70,  0x1C,  0x07,  0x01,
  0xC0,  0x70,  0x1C,  0x00,  0x00,  0x00,  0x00,  0x00,
  0x00,  0x00,  0x00,  0x00,  0x00,  0x00,  0x00
};

const UCHAR abc_fontArialNarrow50h_00CD[  63] = { /* code 00CD */
  0x00,  0x00,  0x00,  0xE0,  0x70,  0x1C,  0x06,  0x03,
  0x80,  0xC0,  0x00,  0x00,  0x01,  0xC0,  0x70,  0x1C,
  0x07,  0x01,  0xC0,  0x70,  0x1C,  0x07,  0x01,  0xC0,
  0x70,  0x1C,  0x07,  0x01,  0xC0,  0x70,  0x1C,  0x07,
  0x01,  0xC0,  0x70,  0x1C,  0x07,  0x01,  0xC0,  0x70,
  0x1C,  0x07,  0x01,  0xC0,  0x70,  0x1C,  0x07,  0x01,
  0xC0,  0x70,  0x1C,  0x00,  0x00,  0x00,  0x00,  0x00,
  0x00,  0x00,  0x00,  0x00,  0x00,  0x00,  0x00
};

const UCHAR abc_fontArialNarrow50h_00CE[  69] = { /* code 00CE */
  0x00,  0x00,  0x00,  0x38,  0x0F,  0x83,  0xB8,  0x77,
  0x1C,  0x77,  0x07,  0x00,  0x00,  0x00,  0x38,  0x07,
  0x00,  0xE0,  0x1C,  0x03,  0x80,  0x70,  0x0E,  0x01,
  0xC0,  0x38,  0x07,  0x00,  0xE0,  0x1C,  0x03,  0x80,
  0x70,  0x0E,  0x01,  0xC0,  0x38,  0x07,  0x00,  0xE0,
  0x1C,  0x03,  0x80,  0x70,  0x0E,  0x01,  0xC0,  0x38,
  0x07,  0x00,  0xE0,  0x1C,  0x03,  0x80,  0x70,  0x0E,
  0x00,  0x00,  0x00,  0x00,  0x00,  0x00,  0x00,  0x00,
  0x00,  0x00,  0x00,  0x00,  0x00
};

const UCHAR abc_fontArialNarrow50h_00CF[  63] = { /* code 00CF */
  0x00,  0x00,  0x00,  0x00,  0x00,  0xE3,  0xB8,  0xEE,
  0x3B,  0x8E,  0x00,  0x00,  0x01,  0xC0,  0x70,  0x1C,
  0x07,  0x01,  0xC0,  0x70,  0x1C,  0x07,  0x01,  0xC0,
  0x70,  0x1C,  0x07,  0x01,  0xC0,  0x70,  0x1C,  0x07,
  0x01,  0xC0,  0x70,  0x1C,  0x07,  0x01,  0xC0,  0x70,
  0x1C,  0x07,  0x01,  0xC0,  0x70,  0x1C,  0x07,  0x01,
  0xC0,  0x70,  0x1C,  0x00,  0x00,  0x00,  0x00,  0x00,
  0x00,  0x00,  0x00,  0x00,  0x00,  0x00,  0x00
};

const UCHAR abc_fontArialNarrow50h_00D1[ 157] = { /* code 00D1 */
  0x00,  0x00,  0x00,  0x00,  0x00,  0x00,  0x00,  0x00,
  0x00,  0x00,  0x0E,  0x18,  0x00,  0x0F,  0xCC,  0x00,
  0x0F,  0xFE,  0x00,  0x06,  0x7E,  0x00,  0x03,  0x0E,
  0x00,  0x00,  0x00,  0x00,  0x00,  0x00,  0x00,  0x07,
  0x00,  0x07,  0x03,  0xC0,  0x03,  0x81,  0xE0,  0x01,
  0xC0,  0xF8,  0x00,  0xE0,  0x7C,  0x00,  0x70,  0x3F,
  0x00,  0x38,  0x1F,  0xC0,  0x1C,  0x0E,  0xE0,  0x0E,
  0x07,  0x78,  0x07,  0x03,  0x9C,  0x03,  0x81,  0xCF,
  0x01,  0xC0,  0xE3,  0x80,  0xE0,  0x71,  0xE0,  0x70,
  0x38,  0x70,  0x38,  0x1C,  0x3C,  0x1C,  0x0E,  0x0E,
  0x0E,  0x07,  0x07,  0x87,  0x03,  0x81,  0xC3,  0x81,
  0xC0,  0xF1,  0xC0,  0xE0,  0x38,  0xE0,  0x70,  0x1E,
  0x70,  0x38,  0x07,  0x38,  0x1C,  0x03,  0xDC,  0x0E,
  0x00,  0xEE,  0x07,  0x00,  0x7F,  0x03,  0x80,  0x1F,
  0x81,  0xC0,  0x0F,  0xC0,  0xE0,  0x03,  0xE0,  0x70,
  0x00,  0xF0,  0x38,  0x00,  0x78,  0x1C,  0x00,  0x1C,
  0x00,  0x00,  0x00,  0x00,  0x00,  0x00,  0x00,  0x00,
  0x00,  0x00,  0x00,  0x00,  0x00,  0x00,  0x00,  0x00,
  0x00,  0x00,  0x00,  0x00,  0x00,  0x00,  0x00,  0x00,
  0x00,  0x00,  0x00,  0x00,  0x00
};

const UCHAR abc_fontArialNarrow50h_00D2[ 169] = { /* code 00D2 */
  0x00,  0x00,  0x00,  0x00,  0x00,  0x00,  0x00,  0x00,
  0x70,  0x00,  0x00,  0x07,  0x00,  0x00,  0x00,  0xE0,
  0x00,  0x00,  0x0C,  0x00,  0x00,  0x01,  0xC0,  0x00,
  0x00,  0x18,  0x00,  0x00,  0x00,  0x00,  0x00,  0x00,
  0x00,  0x00,  0x00,  0xFC,  0x00,  0x00,  0xFF,  0xF0,
  0x00,  0x3F,  0xFF,  0x00,  0x0F,  0x81,  0xF0,  0x03,
  0xC0,  0x0F,  0x00,  0xF0,  0x00,  0xF0,  0x1C,  0x00,
  0x0E,  0x07,  0x80,  0x01,  0xE0,  0xE0,  0x00,  0x1C,
  0x1C,  0x00,  0x03,  0x83,  0x80,  0x00,  0x70,  0xE0,
  0x00,  0x07,  0x1C,  0x00,  0x00,  0xE3,  0x80,  0x00,
  0x1C,  0x70,  0x00,  0x03,  0x8E,  0x00,  0x00,  0x71,
  0xC0,  0x00,  0x0E,  0x38,  0x00,  0x01,  0xC7,  0x00,
  0x00,  0x38,  0xE0,  0x00,  0x07,  0x1E,  0x00,  0x01,
  0xC1,  0xC0,  0x00,  0x38,  0x38,  0x00,  0x07,  0x07,
  0x80,  0x01,  0xE0,  0x70,  0x00,  0x38,  0x07,  0x00,
  0x0F,  0x00,  0xF0,  0x03,  0xC0,  0x0F,  0x81,  0xF0,
  0x00,  0xFF,  0xFC,  0x00,  0x0F,  0xFF,  0x00,  0x00,
  0x3F,  0x00,  0x00,  0x00,  0x00,  0x00,  0x00,  0x00,
  0x00,  0x00,  0x00,  0x00,  0x00,  0x00,  0x00,  0x00,
  0x00,  0x00,  0x00,  0x00,  0x00,  0x00,  0x00,  0x00,
  0x00,  0x00,  0x00,  0x00,  0x00,  0x00,  0x00,  0x00,
  0x00
};

const UCHAR abc_fontArialNarrow50h_00D3[ 169] = { /* code 00D3 */
  0x00,  0x00,  0x00,  0x00,  0x00,  0x00,  0x00,  0x00,
  0x1C,  0x00,  0x00,  0x07,  0x00,  0x00,  0x00,  0xE0,
  0x00,  0x00,  0x18,  0x00,  0x00,  0x07,  0x00,  0x00,
  0x00,  0xC0,  0x00,  0x00,  0x00,  0x00,  0x00,  0x00,
  0x00,  0x00,  0x00,  0xFC,  0x00,  0x00,  0xFF,  0xF0,
  0x00,  0x3F,  0xFF,  0x00,  0x0F,  0x81,  0xF0,  0x03,
  0xC0,  0x0F,  0x00,  0xF0,  0x00,  0xF0,  0x1C,  0x00,
  0x0E,  0x07,  0x80,  0x01,  0xE0,  0xE0,  0x00,  0x1C,
  0x1C,  0x00,  0x03,  0x83,  0x80,  0x00,  0x70,  0xE0,
  0x00,  0x07,  0x1C,  0x00,  0x00,  0xE3,  0x80,  0x00,
  0x1C,  0x70,  0x00,  0x03,  0x8E,  0x00,  0x00,  0x71,
  0xC0,  0x00,  0x0E,  0x38,  0x00,  0x01,  0xC7,  0x00,
  0x00,  0x38,  0xE0,  0x00,  0x07,  0x1E,  0x00,  0x01,
  0xC1,  0xC0,  0x00,  0x38,  0x38,  0x00,  0x07,  0x07,
  0x80,  0x01,  0xE0,  0x70,  0x00,  0x38,  0x07,  0x00,
  0x0F,  0x00,  0xF0,  0x03,  0xC0,  0x0F,  0x81,  0xF0,
  0x00,  0xFF,  0xFC,  0x00,  0x0F,  0xFF,  0x00,  0x00,
  0x3F,  0x00,  0x00,  0x00,  0x00,  0x00,  0x00,  0x00,
  0x00,  0x00,  0x00,  0x00,  0x00,  0x00,  0x00,  0x00,
  0x00,  0x00,  0x00,  0x00,  0x00,  0x00,  0x00,  0x00,
  0x00,  0x00,  0x00,  0x00,  0x00,  0x00,  0x00,  0x00,
  0x00
};

const UCHAR abc_fontArialNarrow50h_00D4[ 169] = { /* code 00D4 */
  0x00,  0x00,  0x00,  0x00,  0x00,  0x00,  0x00,  0x00,
  0x38,  0x00,  0x00,  0x0F,  0x80,  0x00,  0x03,  0xB8,
  0x00,  0x00,  0x77,  0x00,  0x00,  0x1C,  0x70,  0x00,
  0x07,  0x07,  0x00,  0x00,  0x00,  0x00,  0x00,  0x00,
  0x00,  0x00,  0x00,  0xFC,  0x00,  0x00,  0xFF,  0xF0,
  0x00,  0x3F,  0xFF,  0x00,  0x0F,  0x81,  0xF0,  0x03,
  0xC0,  0x0F,  0x00,  0xF0,  0x00,  0xF0,  0x1C,  0x00,
  0x0E,  0x07,  0x80,  0x01,  0xE0,  0xE0,  0x00,  0x1C,
  0x1C,  0x00,  0x03,  0x83,  0x80,  0x00,  0x70,  0xE0,
  0x00,  0x07,  0x1C,  0x00,  0x00,  0xE3,  0x80,  0x00,
  0x1C,  0x70,  0x00,  0x03,  0x8E,  0x00,  0x00,  0x71,
  0xC0,  0x00,  0x0E,  0x38,  0x00,  0x01,  0xC7,  0x00,
  0x00,  0x38,  0xE0,  0x00,  0x07,  0x1E,  0x00,  0x01,
  0xC1,  0xC0,  0x00,  0x38,  0x38,  0x00,  0x07,  0x07,
  0x80,  0x01,  0xE0,  0x70,  0x00,  0x38,  0x07,  0x00,
  0x0F,  0x00,  0xF0,  0x03,  0xC0,  0x0F,  0x81,  0xF0,
  0x00,  0xFF,  0xFC,  0x00,  0x0F,  0xFF,  0x00,  0x00,
  0x3F,  0x00,  0x00,  0x00,  0x00,  0x00,  0x00,  0x00,
  0x00,  0x00,  0x00,  0x00,  0x00,  0x00,  0x00,  0x00,
  0x00,  0x00,  0x00,  0x00,  0x00,  0x00,  0x00,  0x00,
  0x00,  0x00,  0x00,  0x00,  0x00,  0x00,  0x00,  0x00,
  0x00
};

const UCHAR abc_fontArialNarrow50h_00D5[ 169] = { /* code 00D5 */
  0x00,  0x00,  0x00,  0x00,  0x00,  0x00,  0x00,  0x00,
  0x00,  0x00,  0x00,  0x1C,  0x30,  0x00,  0x07,  0xE6,
  0x00,  0x01,  0xFF,  0xC0,  0x00,  0x33,  0xF0,  0x00,
  0x06,  0x1C,  0x00,  0x00,  0x00,  0x00,  0x00,  0x00,
  0x00,  0x00,  0x00,  0xFC,  0x00,  0x00,  0xFF,  0xF0,
  0x00,  0x3F,  0xFF,  0x00,  0x0F,  0x81,  0xF0,  0x03,
  0xC0,  0x0F,  0x00,  0xF0,  0x00,  0xF0,  0x1C,  0x00,
  0x0E,  0x07,  0x80,  0x01,  0xE0,  0xE0,  0x00,  0x1C,
  0x1C,  0x00,  0x03,  0x83,  0x80,  0x00,  0x70,  0xE0,
  0x00,  0x07,  0x1C,  0x00,  0x00,  0xE3,  0x80,  0x00,
  0x1C,  0x70,  0x00,  0x03,  0x8E,  0x00,  0x00,  0x71,
  0xC0,  0x00,  0x0E,  0x38,  0x00,  0x01,  0xC7,  0x00,
  0x00,  0x38,  0xE0,  0x00,  0x07,  0x1E,  0x00,  0x01,
  0xC1,  0xC0,  0x00,  0x38,  0x38,  0x00,  0x07,  0x07,
  0x80,  0x01,  0xE0,  0x70,  0x00,  0x38,  0x07,  0x00,
  0x0F,  0x00,  0xF0,  0x03,  0xC0,  0x0F,  0x81,  0xF0,
  0x00,  0xFF,  0xFC,  0x00,  0x0F,  0xFF,  0x00,  0x00,
  0x3F,  0x00,  0x00,  0x00,  0x00,  0x00,  0x00,  0x00,
  0x00,  0x00,  0x00,  0x00,  0x00,  0x00,  0x00,  0x00,
  0x00,  0x00,  0x00,  0x00,  0x00,  0x00,  0x00,  0x00,
  0x00,  0x00,  0x00,  0x00,  0x00,  0x00,  0x00,  0x00,
  0x00
};

const UCHAR abc_fontArialNarrow50h_00D6[ 169] = { /* code 00D6 */
  0x00,  0x00,  0x00,  0x00,  0x00,  0x00,  0x00,  0x00,
  0x00,  0x00,  0x00,  0x00,  0x00,  0x00,  0x07,  0x1C,
  0x00,  0x00,  0xE3,  0x80,  0x00,  0x1C,  0x70,  0x00,
  0x03,  0x8E,  0x00,  0x00,  0x00,  0x00,  0x00,  0x00,
  0x00,  0x00,  0x00,  0xFC,  0x00,  0x00,  0xFF,  0xF0,
  0x00,  0x3F,  0xFF,  0x00,  0x0F,  0x81,  0xF0,  0x03,
  0xC0,  0x0F,  0x00,  0xF0,  0x00,  0xF0,  0x1C,  0x00,
  0x0E,  0x07,  0x80,  0x01,  0xE0,  0xE0,  0x00,  0x1C,
  0x1C,  0x00,  0x03,  0x83,  0x80,  0x00,  0x70,  0xE0,
  0x00,  0x07,  0x1C,  0x00,  0x00,  0xE3,  0x80,  0x00,
  0x1C,  0x70,  0x00,  0x03,  0x8E,  0x00,  0x00,  0x71,
  0xC0,  0x00,  0x0E,  0x38,  0x00,  0x01,  0xC7,  0x00,
  0x00,  0x38,  0xE0,  0x00,  0x07,  0x1E,  0x00,  0x01,
  0xC1,  0xC0,  0x00,  0x38,  0x38,  0x00,  0x07,  0x07,
  0x80,  0x01,  0xE0,  0x70,  0x00,  0x38,  0x07,  0x00,
  0x0F,  0x00,  0xF0,  0x03,  0xC0,  0x0F,  0x81,  0xF0,
  0x00,  0xFF,  0xFC,  0x00,  0x0F,  0xFF,  0x00,  0x00,
  0x3F,  0x00,  0x00,  0x00,  0x00,  0x00,  0x00,  0x00,
  0x00,  0x00,  0x00,  0x00,  0x00,  0x00,  0x00,  0x00,
  0x00,  0x00,  0x00,  0x00,  0x00,  0x00,  0x00,  0x00,
  0x00,  0x00,  0x00,  0x00,  0x00,  0x00,  0x00,  0x00,
  0x00
};

const UCHAR abc_fontArialNarrow50h_00D9[ 157] = { /* code 00D9 */
  0x00,  0x00,  0x00,  0x00,  0x00,  0x00,  0x00,  0x0E,
  0x00,  0x00,  0x03,  0x80,  0x00,  0x01,  0xC0,  0x00,
  0x00,  0x60,  0x00,  0x00,  0x38,  0x00,  0x00,  0x0C,
  0x00,  0x00,  0x00,  0x00,  0x00,  0x00,  0x00,  0x07,
  0x00,  0x07,  0x03,  0x80,  0x03,  0x81,  0xC0,  0x01,
  0xC0,  0xE0,  0x00,  0xE0,  0x70,  0x00,  0x70,  0x38,
  0x00,  0x38,  0x1C,  0x00,  0x1C,  0x0E,  0x00,  0x0E,
  0x07,  0x00,  0x07,  0x03,  0x80,  0x03,  0x81,  0xC0,
  0x01,  0xC0,  0xE0,  0x00,  0xE0,  0x70,  0x00,  0x70,
  0x38,  0x00,  0x38,  0x1C,  0x00,  0x1C,  0x0E,  0x00,
  0x0E,  0x07,  0x00,  0x07,  0x03,  0x80,  0x03,  0x81,
  0xC0,  0x01,  0xC0,  0xE0,  0x00,  0xE0,  0x70,  0x00,
  0x70,  0x38,  0x00,  0x38,  0x1C,  0x00,  0x1C,  0x0E,
  0x00,  0x1E,  0x03,  0x80,  0x0E,  0x01,  0xC0,  0x07,
  0x00,  0xF0,  0x07,  0x80,  0x3E,  0x0F,  0x80,  0x0F,
  0xFF,  0x80,  0x03,  0xFF,  0x80,  0x00,  0x7F,  0x00,
  0x00,  0x00,  0x00,  0x00,  0x00,  0x00,  0x00,  0x00,
  0x00,  0x00,  0x00,  0x00,  0x00,  0x00,  0x00,  0x00,
  0x00,  0x00,  0x00,  0x00,  0x00,  0x00,  0x00,  0x00,
  0x00,  0x00,  0x00,  0x00,  0x00
};

const UCHAR abc_fontArialNarrow50h_00DA[ 157] = { /* code 00DA */
  0x00,  0x00,  0x00,  0x00,  0x00,  0x00,  0x00,  0x03,
  0x80,  0x00,  0x03,  0x80,  0x00,  0x01,  0xC0,  0x00,
  0x00,  0xC0,  0x00,  0x00,  0xE0,  0x00,  0x00,  0x60,
  0x00,  0x00,  0x00,  0x00,  0x00,  0x00,  0x00,  0x07,
  0x00,  0x07,  0x03,  0x80,  0x03,  0x81,  0xC0,  0x01,
  0xC0,  0xE0,  0x00,  0xE0,  0x70,  0x00,  0x70,  0x38,
  0x00,  0x38,  0x1C,  0x00,  0x1C,  0x0E,  0x00,  0x0E,
  0x07,  0x00,  0x07,  0x03,  0x80,  0x03,  0x81,  0xC0,
  0x01,  0xC0,  0xE0,  0x00,  0xE0,  0x70,  0x00,  0x70,
  0x38,  0x00,  0x38,  0x1C,  0x00,  0x1C,  0x0E,  0x00,
  0x0E,  0x07,  0x00,  0x07,  0x03,  0x80,  0x03,  0x81,
  0xC0,  0x01,  0xC0,  0xE0,  0x00,  0xE0,  0x70,  0x00,
  0x70,  0x38,  0x00,  0x38,  0x1C,  0x00,  0x1C,  0x0E,
  0x00,  0x1E,  0x03,  0x80,  0x0E,  0x01,  0xC0,  0x07,
  0x00,  0xF0,  0x07,  0x80,  0x3E,  0x0F,  0x80,  0x0F,
  0xFF,  0x80,  0x03,  0xFF,  0x80,  0x00,  0x7F,  0x00,
  0x00,  0x00,  0x00,  0x00,  0x00,  0x00,  0x00,  0x00,
  0x00,  0x00,  0x00,  0x00,  0x00,  0x00,  0x00,  0x00,
  0x00,  0x00,  0x00,  0x00,  0x00,  0x00,  0x00,  0x00,
  0x00,  0x00,  0x00,  0x00,  0x00
};

const UCHAR abc_fontArialNarrow50h_00DB[ 157] = { /* code 00DB */
  0x00,  0x00,  0x00,  0x00,  0x00,  0x00,  0x00,  0x07,
  0x00,  0x00,  0x07,  0xC0,  0x00,  0x07,  0x70,  0x00,
  0x03,  0xB8,  0x00,  0x03,  0x8E,  0x00,  0x03,  0x83,
  0x80,  0x00,  0x00,  0x00,  0x00,  0x00,  0x00,  0x07,
  0x00,  0x07,  0x03,  0x80,  0x03,  0x81,  0xC0,  0x01,
  0xC0,  0xE0,  0x00,  0xE0,  0x70,  0x00,  0x70,  0x38,
  0x00,  0x38,  0x1C,  0x00,  0x1C,  0x0E,  0x00,  0x0E,
  0x07,  0x00,  0x07,  0x03,  0x80,  0x03,  0x81,  0xC0,
  0x01,  0xC0,  0xE0,  0x00,  0xE0,  0x70,  0x00,  0x70,
  0x38,  0x00,  0x38,  0x1C,  0x00,  0x1C,  0x0E,  0x00,
  0x0E,  0x07,  0x00,  0x07,  0x03,  0x80,  0x03,  0x81,
  0xC0,  0x01,  0xC0,  0xE0,  0x00,  0xE0,  0x70,  0x00,
  0x70,  0x38,  0x00,  0x38,  0x1C,  0x00,  0x1C,  0x0E,
  0x00,  0x1E,  0x03,  0x80,  0x0E,  0x01,  0xC0,  0x07,
  0x00,  0xF0,  0x07,  0x80,  0x3E,  0x0F,  0x80,  0x0F,
  0xFF,  0x80,  0x03,  0xFF,  0x80,  0x00,  0x7F,  0x00,
  0x00,  0x00,  0x00,  0x00,  0x00,  0x00,  0x00,  0x00,
  0x00,  0x00,  0x00,  0x00,  0x00,  0x00,  0x00,  0x00,
  0x00,  0x00,  0x00,  0x00,  0x00,  0x00,  0x00,  0x00,
  0x00,  0x00,  0x00,  0x00,  0x00
};

const UCHAR abc_fontArialNarrow50h_00DC[ 157] = { /* code 00DC */
  0x00,  0x00,  0x00,  0x00,  0x00,  0x00,  0x00,  0x00,
  0x00,  0x00,  0x00,  0x00,  0x00,  0x0E,  0x38,  0x00,
  0x07,  0x1C,  0x00,  0x03,  0x8E,  0x00,  0x01,  0xC7,
  0x00,  0x00,  0x00,  0x00,  0x00,  0x00,  0x00,  0x07,
  0x00,  0x07,  0x03,  0x80,  0x03,  0x81,  0xC0,  0x01,
  0xC0,  0xE0,  0x00,  0xE0,  0x70,  0x00,  0x70,  0x38,
  0x00,  0x38,  0x1C,  0x00,  0x1C,  0x0E,  0x00,  0x0E,
  0x07,  0x00,  0x07,  0x03,  0x80,  0x03,  0x81,  0xC0,
  0x01,  0xC0,  0xE0,  0x00,  0xE0,  0x70,  0x00,  0x70,
  0x38,  0x00,  0x38,  0x1C,  0x00,  0x1C,  0x0E,  0x00,
  0x0E,  0x07,  0x00,  0x07,  0x03,  0x80,  0x03,  0x81,
  0xC0,  0x01,  0xC0,  0xE0,  0x00,  0xE0,  0x70,  0x00,
  0x70,  0x38,  0x00,  0x38,  0x1C,  0x00,  0x1C,  0x0E,
  0x00,  0x1E,  0x03,  0x80,  0x0E,  0x01,  0xC0,  0x07,
  0x00,  0xF0,  0x07,  0x80,  0x3E,  0x0F,  0x80,  0x0F,
  0xFF,  0x80,  0x03,  0xFF,  0x80,  0x00,  0x7F,  0x00,
  0x00,  0x00,  0x00,  0x00,  0x00,  0x00,  0x00,  0x00,
  0x00,  0x00,  0x00,  0x00,  0x00,  0x00,  0x00,  0x00,
  0x00,  0x00,  0x00,  0x00,  0x00,  0x00,  0x00,  0x00,
  0x00,  0x00,  0x00,  0x00,  0x00
};

const UCHAR abc_fontArialNarrow50h_00E0[ 125] = { /* code 00E0 */
  0x00,  0x00,  0x00,  0x00,  0x00,  0x00,  0x00,  0x00,
  0x00,  0x00,  0x00,  0x00,  0x00,  0x00,  0x00,  0x00,
  0x00,  0x00,  0x00,  0x00,  0x00,  0x00,  0x00,  0x00,
  0x00,  0x01,  0xC0,  0x00,  0x0E,  0x00,  0x00,  0xE0,
  0x00,  0x06,  0x00,  0x00,  0x70,  0x00,  0x03,  0x00,
  0x00,  0x00,  0x00,  0x00,  0x00,  0x00,  0x00,  0x00,
  0x1F,  0xC0,  0x07,  0xFF,  0x00,  0xFF,  0xF8,  0x0F,
  0x07,  0xC1,  0xE0,  0x3C,  0x1C,  0x01,  0xC0,  0xC0,
  0x1C,  0x00,  0x01,  0xC0,  0x00,  0x7C,  0x01,  0xFF,
  0xC0,  0x7F,  0xFC,  0x1F,  0xF9,  0xC1,  0xE0,  0x1C,
  0x3C,  0x01,  0xC3,  0x80,  0x1C,  0x38,  0x01,  0xC3,
  0x80,  0x3C,  0x3C,  0x07,  0xC3,  0xE0,  0xFC,  0x1F,
  0xFD,  0xC0,  0xFF,  0x9C,  0x07,  0xE0,  0xE0,  0x00,
  0x00,  0x00,  0x00,  0x00,  0x00,  0x00,  0x00,  0x00,
  0x00,  0x00,  0x00,  0x00,  0x00,  0x00,  0x00,  0x00,
  0x00,  0x00,  0x00,  0x00,  0x00
};

const UCHAR abc_fontArialNarrow50h_00E1[ 125] = { /* code 00E1 */
  0x00,  0x00,  0x00,  0x00,  0x00,  0x00,  0x00,  0x00,
  0x00,  0x00,  0x00,  0x00,  0x00,  0x00,  0x00,  0x00,
  0x00,  0x00,  0x00,  0x00,  0x00,  0x00,  0x00,  0x00,
  0x00,  0x00,  0x38,  0x00,  0x07,  0x00,  0x00,  0x70,
  0x00,  0x06,  0x00,  0x00,  0xE0,  0x00,  0x0C,  0x00,
  0x00,  0x00,  0x00,  0x00,  0x00,  0x00,  0x00,  0x00,
  0x1F,  0xC0,  0x07,  0xFF,  0x00,  0xFF,  0xF8,  0x0F,
  0x07,  0xC1,  0xE0,  0x3C,  0x1C,  0x01,  0xC0,  0xC0,
  0x1C,  0x00,  0x01,  0xC0,  0x00,  0x7C,  0x01,  0xFF,
  0xC0,  0x7F,  0xFC,  0x1F,  0xF9,  0xC1,  0xE0,  0x1C,
  0x3C,  0x01,  0xC3,  0x80,  0x1C,  0x38,  0x01,  0xC3,
  0x80,  0x3C,  0x3C,  0x07,  0xC3,  0xE0,  0xFC,  0x1F,
  0xFD,  0xC0,  0xFF,  0x9C,  0x07,  0xE0,  0xE0,  0x00,
  0x00,  0x00,  0x00,  0x00,  0x00,  0x00,  0x00,  0x00,
  0x00,  0x00,  0x00,  0x00,  0x00,  0x00,  0x00,  0x00,
  0x00,  0x00,  0x00,  0x00,  0x00
};

const UCHAR abc_fontArialNarrow50h_00E2[ 125] = { /* code 00E2 */
  0x00,  0x00,  0x00,  0x00,  0x00,  0x00,  0x00,  0x00,
  0x00,  0x00,  0x00,  0x00,  0x00,  0x00,  0x00,  0x00,
  0x00,  0x00,  0x00,  0x00,  0x00,  0x00,  0x00,  0x00,
  0x00,  0x00,  0x70,  0x00,  0x0F,  0x80,  0x01,  0xDC,
  0x00,  0x1D,  0xC0,  0x03,  0x8E,  0x00,  0x70,  0x70,
  0x00,  0x00,  0x00,  0x00,  0x00,  0x00,  0x00,  0x00,
  0x1F,  0xC0,  0x07,  0xFF,  0x00,  0xFF,  0xF8,  0x0F,
  0x07,  0xC1,  0xE0,  0x3C,  0x1C,  0x01,  0xC0,  0xC0,
  0x1C,  0x00,  0x01,  0xC0,  0x00,  0x7C,  0x01,  0xFF,
  0xC0,  0x7F,  0xFC,  0x1F,  0xF9,  0xC1,  0xE0,  0x1C,
  0x3C,  0x01,  0xC3,  0x80,  0x1C,  0x38,  0x01,  0xC3,
  0x80,  0x3C,  0x3C,  0x07,  0xC3,  0xE0,  0xFC,  0x1F,
  0xFD,  0xC0,  0xFF,  0x9C,  0x07,  0xE0,  0xE0,  0x00,
  0x00,  0x00,  0x00,  0x00,  0x00,  0x00,  0x00,  0x00,
  0x00,  0x00,  0x00,  0x00,  0x00,  0x00,  0x00,  0x00,
  0x00,  0x00,  0x00,  0x00,  0x00
};

const UCHAR abc_fontArialNarrow50h_00E3[ 125] = { /* code 00E3 */
  0x00,  0x00,  0x00,  0x00,  0x00,  0x00,  0x00,  0x00,
  0x00,  0x00,  0x00,  0x00,  0x00,  0x00,  0x00,  0x00,
  0x00,  0x00,  0x00,  0x00,  0x00,  0x00,  0x00,  0x00,
  0x00,  0x00,  0x00,  0x00,  0x1C,  0x30,  0x03,  0xF3,
  0x00,  0x7F,  0xF0,  0x06,  0x7E,  0x00,  0x61,  0xC0,
  0x00,  0x00,  0x00,  0x00,  0x00,  0x00,  0x00,  0x00,
  0x1F,  0xC0,  0x07,  0xFF,  0x00,  0xFF,  0xF8,  0x0F,
  0x07,  0xC1,  0xE0,  0x3C,  0x1C,  0x01,  0xC0,  0xC0,
  0x1C,  0x00,  0x01,  0xC0,  0x00,  0x7C,  0x01,  0xFF,
  0xC0,  0x7F,  0xFC,  0x1F,  0xF9,  0xC1,  0xE0,  0x1C,
  0x3C,  0x01,  0xC3,  0x80,  0x1C,  0x38,  0x01,  0xC3,
  0x80,  0x3C,  0x3C,  0x07,  0xC3,  0xE0,  0xFC,  0x1F,
  0xFD,  0xC0,  0xFF,  0x9C,  0x07,  0xE0,  0xE0,  0x00,
  0x00,  0x00,  0x00,  0x00,  0x00,  0x00,  0x00,  0x00,
  0x00,  0x00,  0x00,  0x00,  0x00,  0x00,  0x00,  0x00,
  0x00,  0x00,  0x00,  0x00,  0x00
};

const UCHAR abc_fontArialNarrow50h_00E4[ 125] = { /* code 00E4 */
  0x00,  0x00,  0x00,  0x00,  0x00,  0x00,  0x00,  0x00,
  0x00,  0x00,  0x00,  0x00,  0x00,  0x00,  0x00,  0x00,
  0x00,  0x00,  0x00,  0x00,  0x00,  0x00,  0x00,  0x00,
  0x00,  0x00,  0x00,  0x00,  0x00,  0x00,  0x03,  0x8E,
  0x00,  0x38,  0xE0,  0x03,  0x8E,  0x00,  0x38,  0xE0,
  0x00,  0x00,  0x00,  0x00,  0x00,  0x00,  0x00,  0x00,
  0x1F,  0xC0,  0x07,  0xFF,  0x00,  0xFF,  0xF8,  0x0F,
  0x07,  0xC1,  0xE0,  0x3C,  0x1C,  0x01,  0xC0,  0xC0,
  0x1C,  0x00,  0x01,  0xC0,  0x00,  0x7C,  0x01,  0xFF,
  0xC0,  0x7F,  0xFC,  0x1F,  0xF9,  0xC1,  0xE0,  0x1C,
  0x3C,  0x01,  0xC3,  0x80,  0x1C,  0x38,  0x01,  0xC3,
  0x80,  0x3C,  0x3C,  0x07,  0xC3,  0xE0,  0xFC,  0x1F,
  0xFD,  0xC0,  0xFF,  0x9C,  0x07,  0xE0,  0xE0,  0x00,
  0x00,  0x00,  0x00,  0x00,  0x00,  0x00,  0x00,  0x00,
  0x00,  0x00,  0x00,  0x00,  0x00,  0x00,  0x00,  0x00,
  0x00,  0x00,  0x00,  0x00,  0x00
};

const UCHAR abc_fontArialNarrow50h_00E5[ 125] = { /* code 00E5 */
  0x00,  0x00,  0x00,  0x00,  0x00,  0x00,  0x00,  0x00,
  0x00,  0x00,  0x00,  0x00,  0x00,  0x00,  0x00,  0x00,
  0x00,  0x00,  0x07,  0x80,  0x00,  0xFC,  0x00,  0x1C,
  0xE0,  0x01,  0x86,  0x00,  0x18,  0x60,  0x01,  0x86,
  0x00,  0x1C,  0xE0,  0x00,  0xFC,  0x00,  0x07,  0x80,
  0x00,  0x00,  0x00,  0x00,  0x00,  0x00,  0x00,  0x00,
  0x1F,  0xC0,  0x07,  0xFF,  0x00,  0xFF,  0xF8,  0x0F,
  0x07,  0xC1,  0xE0,  0x3C,  0x1C,  0x01,  0xC0,  0xC0,
  0x1C,  0x00,  0x01,  0xC0,  0x00,  0x7C,  0x01,  0xFF,
  0xC0,  0x7F,  0xFC,  0x1F,  0xF9,  0xC1,  0xE0,  0x1C,
  0x3C,  0x01,  0xC3,  0x80,  0x1C,  0x38,  0x01,  0xC3,
  0x80,  0x3C,  0x3C,  0x07,  0xC3,  0xE0,  0xFC,  0x1F,
  0xFD,  0xC0,  0xFF,  0x9C,  0x07,  0xE0,  0xE0,  0x00,
  0x00,  0x00,  0x00,  0x00,  0x00,  0x00,  0x00,  0x00,
  0x00,  0x00,  0x00,  0x00,  0x00,  0x00,  0x00,  0x00,
  0x00,  0x00,  0x00,  0x00,  0x00
};

const UCHAR abc_fontArialNarrow50h_00E6[ 194] = { /* code 00E6 */
  0x00,  0x00,  0x00,  0x00,  0x00,  0x00,  0x00,  0x00,
  0x00,  0x00,  0x00,  0x00,  0x00,  0x00,  0x00,  0x00,
  0x00,  0x00,  0x00,  0x00,  0x00,  0x00,  0x00,  0x00,
  0x00,  0x00,  0x00,  0x00,  0x00,  0x00,  0x00,  0x00,
  0x00,  0x00,  0x00,  0x00,  0x00,  0x00,  0x00,  0x00,
  0x00,  0x00,  0x00,  0x00,  0x00,  0x00,  0x00,  0x00,
  0x00,  0x00,  0x00,  0x00,  0x00,  0x00,  0x00,  0x00,
  0x00,  0x00,  0x00,  0x00,  0x00,  0x00,  0x00,  0x00,
  0x00,  0x00,  0x00,  0x00,  0x00,  0x00,  0x00,  0x00,
  0x00,  0x00,  0x1F,  0xC0,  0xFC,  0x00,  0xFF,  0xE7,
  0xFC,  0x03,  0xFF,  0xFF,  0xFC,  0x07,  0x83,  0xF8,
  0x3C,  0x1E,  0x03,  0xE0,  0x3C,  0x38,  0x07,  0x80,
  0x38,  0x30,  0x0E,  0x00,  0x30,  0x00,  0x1C,  0x00,
  0x70,  0x00,  0xF8,  0x00,  0xE0,  0x1F,  0xFF,  0xFF,
  0xC1,  0xFF,  0xFF,  0xFF,  0x87,  0xFD,  0xFF,  0xFF,
  0x1F,  0x03,  0x80,  0x00,  0x78,  0x07,  0x00,  0x00,
  0xE0,  0x0E,  0x00,  0x01,  0xC0,  0x1C,  0x00,  0x63,
  0x80,  0x7C,  0x01,  0xE7,  0x00,  0xFC,  0x03,  0x8F,
  0x87,  0xFC,  0x1F,  0x0F,  0xFF,  0x3F,  0xFC,  0x0F,
  0xF8,  0x3F,  0xF0,  0x07,  0xC0,  0x1F,  0x80,  0x00,
  0x00,  0x00,  0x00,  0x00,  0x00,  0x00,  0x00,  0x00,
  0x00,  0x00,  0x00,  0x00,  0x00,  0x00,  0x00,  0x00,
  0x00,  0x00,  0x00,  0x00,  0x00,  0x00,  0x00,  0x00,
  0x00,  0x00,  0x00,  0x00,  0x00,  0x00,  0x00,  0x00,
  0x00,  0x00
};

const UCHAR abc_fontArialNarrow50h_00E7[ 113] = { /* code 00E7 */
  0x00,  0x00,  0x00,  0x00,  0x00,  0x00,  0x00,  0x00,
  0x00,  0x00,  0x00,  0x00,  0x00,  0x00,  0x00,  0x00,
  0x00,  0x00,  0x00,  0x00,  0x00,  0x00,  0x00,  0x00,
  0x00,  0x00,  0x00,  0x00,  0x00,  0x00,  0x00,  0x00,
  0x00,  0x00,  0x00,  0x00,  0x00,  0x00,  0x00,  0x00,
  0x00,  0x00,  0x00,  0x07,  0xC0,  0x07,  0xFC,  0x03,
  0xFF,  0x81,  0xE1,  0xF0,  0xF0,  0x1C,  0x38,  0x07,
  0x8E,  0x00,  0xE7,  0x00,  0x31,  0xC0,  0x00,  0x70,
  0x00,  0x1C,  0x00,  0x07,  0x00,  0x01,  0xC0,  0x00,
  0x70,  0x03,  0x1C,  0x00,  0xE3,  0x80,  0x78,  0xE0,
  0x1C,  0x3C,  0x0F,  0x07,  0x87,  0xC0,  0xFF,  0xE0,
  0x1F,  0xF0,  0x03,  0xF0,  0x00,  0x38,  0x00,  0x1C,
  0x00,  0x07,  0xC0,  0x00,  0x38,  0x00,  0x0E,  0x00,
  0x07,  0x80,  0x1F,  0xE0,  0x07,  0xF0,  0x01,  0xF0,
  0x00
};

const UCHAR abc_fontArialNarrow50h_00E8[ 125] = { /* code 00E8 */
  0x00,  0x00,  0x00,  0x00,  0x00,  0x00,  0x00,  0x00,
  0x00,  0x00,  0x00,  0x00,  0x00,  0x00,  0x00,  0x00,
  0x00,  0x00,  0x00,  0x00,  0x00,  0x00,  0x00,  0x00,
  0x00,  0x01,  0xC0,  0x00,  0x0E,  0x00,  0x00,  0xE0,
  0x00,  0x06,  0x00,  0x00,  0x70,  0x00,  0x03,  0x00,
  0x00,  0x00,  0x00,  0x00,  0x00,  0x00,  0x00,  0x00,
  0x1F,  0x00,  0x07,  0xFC,  0x00,  0xFF,  0xE0,  0x1E,
  0x0F,  0x03,  0xC0,  0x78,  0x38,  0x03,  0x83,  0x80,
  0x18,  0x70,  0x01,  0xC7,  0x00,  0x1C,  0x7F,  0xFF,
  0xC7,  0xFF,  0xFC,  0x7F,  0xFF,  0xC7,  0x00,  0x00,
  0x70,  0x00,  0x07,  0x00,  0x18,  0x38,  0x03,  0xC3,
  0x80,  0x3C,  0x3C,  0x07,  0x81,  0xF0,  0xF8,  0x0F,
  0xFF,  0x00,  0x7F,  0xE0,  0x01,  0xF8,  0x00,  0x00,
  0x00,  0x00,  0x00,  0x00,  0x00,  0x00,  0x00,  0x00,
  0x00,  0x00,  0x00,  0x00,  0x00,  0x00,  0x00,  0x00,
  0x00,  0x00,  0x00,  0x00,  0x00
};

const UCHAR abc_fontArialNarrow50h_00E9[ 125] = { /* code 00E9 */
  0x00,  0x00,  0x00,  0x00,  0x00,  0x00,  0x00,  0x00,
  0x00,  0x00,  0x00,  0x00,  0x00,  0x00,  0x00,  0x00,
  0x00,  0x00,  0x00,  0x00,  0x00,  0x00,  0x00,  0x00,
  0x00,  0x00,  0x70,  0x00,  0x0E,  0x00,  0x00,  0xE0,
  0x00,  0x0C,  0x00,  0x01,  0xC0,  0x00,  0x18,  0x00,
  0x00,  0x00,  0x00,  0x00,  0x00,  0x00,  0x00,  0x00,
  0x1F,  0x00,  0x07,  0xFC,  0x00,  0xFF,  0xE0,  0x1E,
  0x0F,  0x03,  0xC0,  0x78,  0x38,  0x03,  0x83,  0x80,
  0x18,  0x70,  0x01,  0xC7,  0x00,  0x1C,  0x7F,  0xFF,
  0xC7,  0xFF,  0xFC,  0x7F,  0xFF,  0xC7,  0x00,  0x00,
  0x70,  0x00,  0x07,  0x00,  0x18,  0x38,  0x03,  0xC3,
  0x80,  0x3C,  0x3C,  0x07,  0x81,  0xF0,  0xF8,  0x0F,
  0xFF,  0x00,  0x7F,  0xE0,  0x01,  0xF8,  0x00,  0x00,
  0x00,  0x00,  0x00,  0x00,  0x00,  0x00,  0x00,  0x00,
  0x00,  0x00,  0x00,  0x00,  0x00,  0x00,  0x00,  0x00,
  0x00,  0x00,  0x00,  0x00,  0x00
};

const UCHAR abc_fontArialNarrow50h_00EA[ 125] = { /* code 00EA */
  0x00,  0x00,  0x00,  0x00,  0x00,  0x00,  0x00,  0x00,
  0x00,  0x00,  0x00,  0x00,  0x00,  0x00,  0x00,  0x00,
  0x00,  0x00,  0x00,  0x00,  0x00,  0x00,  0x00,  0x00,
  0x00,  0x00,  0xE0,  0x00,  0x1F,  0x00,  0x03,  0xB8,
  0x00,  0x3B,  0x80,  0x07,  0x1C,  0x00,  0xE0,  0xE0,
  0x00,  0x00,  0x00,  0x00,  0x00,  0x00,  0x00,  0x00,
  0x1F,  0x00,  0x07,  0xFC,  0x00,  0xFF,  0xE0,  0x1E,
  0x0F,  0x03,  0xC0,  0x78,  0x38,  0x03,  0x83,  0x80,
  0x18,  0x70,  0x01,  0xC7,  0x00,  0x1C,  0x7F,  0xFF,
  0xC7,  0xFF,  0xFC,  0x7F,  0xFF,  0xC7,  0x00,  0x00,
  0x70,  0x00,  0x07,  0x00,  0x18,  0x38,  0x03,  0xC3,
  0x80,  0x3C,  0x3C,  0x07,  0x81,  0xF0,  0xF8,  0x0F,
  0xFF,  0x00,  0x7F,  0xE0,  0x01,  0xF8,  0x00,  0x00,
  0x00,  0x00,  0x00,  0x00,  0x00,  0x00,  0x00,  0x00,
  0x00,  0x00,  0x00,  0x00,  0x00,  0x00,  0x00,  0x00,
  0x00,  0x00,  0x00,  0x00,  0x00
};

const UCHAR abc_fontArialNarrow50h_00EB[ 125] = { /* code 00EB */
  0x00,  0x00,  0x00,  0x00,  0x00,  0x00,  0x00,  0x00,
  0x00,  0x00,  0x00,  0x00,  0x00,  0x00,  0x00,  0x00,
  0x00,  0x00,  0x00,  0x00,  0x00,  0x00,  0x00,  0x00,
  0x00,  0x00,  0x00,  0x00,  0x00,  0x00,  0x07,  0x1C,
  0x00,  0x71,  0xC0,  0x07,  0x1C,  0x00,  0x71,  0xC0,
  0x00,  0x00,  0x00,  0x00,  0x00,  0x00,  0x00,  0x00,
  0x1F,  0x00,  0x07,  0xFC,  0x00,  0xFF,  0xE0,  0x1E,
  0x0F,  0x03,  0xC0,  0x78,  0x38,  0x03,  0x83,  0x80,
  0x18,  0x70,  0x01,  0xC7,  0x00,  0x1C,  0x7F,  0xFF,
  0xC7,  0xFF,  0xFC,  0x7F,  0xFF,  0xC7,  0x00,  0x00,
  0x70,  0x00,  0x07,  0x00,  0x18,  0x38,  0x03,  0xC3,
  0x80,  0x3C,  0x3C,  0x07,  0x81,  0xF0,  0xF8,  0x0F,
  0xFF,  0x00,  0x7F,  0xE0,  0x01,  0xF8,  0x00,  0x00,
  0x00,  0x00,  0x00,  0x00,  0x00,  0x00,  0x00,  0x00,
  0x00,  0x00,  0x00,  0x00,  0x00,  0x00,  0x00,  0x00,
  0x00,  0x00,  0x00,  0x00,  0x00
};

const UCHAR abc_fontArialNarrow50h_00EC[  63] = { /* code 00EC */
  0x00,  0x00,  0x00,  0x00,  0x00,  0x00,  0x00,  0x00,
  0x00,  0x00,  0x00,  0x00,  0x03,  0x80,  0x70,  0x1C,
  0x03,  0x00,  0xE0,  0x18,  0x00,  0x00,  0x00,  0x00,
  0x70,  0x1C,  0x07,  0x01,  0xC0,  0x70,  0x1C,  0x07,
  0x01,  0xC0,  0x70,  0x1C,  0x07,  0x01,  0xC0,  0x70,
  0x1C,  0x07,  0x01,  0xC0,  0x70,  0x1C,  0x07,  0x01,
  0xC0,  0x70,  0x1C,  0x00,  0x00,  0x00,  0x00,  0x00,
  0x00,  0x00,  0x00,  0x00,  0x00,  0x00,  0x00
};

const UCHAR abc_fontArialNarrow50h_00ED[  63] = { /* code 00ED */
  0x00,  0x00,  0x00,  0x00,  0x00,  0x00,  0x00,  0x00,
  0x00,  0x00,  0x00,  0x00,  0x00,  0xE0,  0x70,  0x1C,
  0x06,  0x03,  0x80,  0xC0,  0x00,  0x00,  0x00,  0x00,
  0x70,  0x1C,  0x07,  0x01,  0xC0,  0x70,  0x1C,  0x07,
  0x01,  0xC0,  0x70,  0x1C,  0x07,  0x01,  0xC0,  0x70,
  0x1C,  0x07,  0x01,  0xC0,  0x70,  0x1C,  0x07,  0x01,
  0xC0,  0x70,  0x1C,  0x00,  0x00,  0x00,  0x00,  0x00,
  0x00,  0x00,  0x00,  0x00,  0x00,  0x00,  0x00
};

const UCHAR abc_fontArialNarrow50h_00EE[  69] = { /* code 00EE */
  0x00,  0x00,  0x00,  0x00,  0x00,  0x00,  0x00,  0x00,
  0x00,  0x00,  0x00,  0x00,  0x00,  0x00,  0x38,  0x0F,
  0x83,  0xB8,  0x77,  0x1C,  0x77,  0x07,  0x00,  0x00,
  0x00,  0x00,  0x07,  0x00,  0xE0,  0x1C,  0x03,  0x80,
  0x70,  0x0E,  0x01,  0xC0,  0x38,  0x07,  0x00,  0xE0,
  0x1C,  0x03,  0x80,  0x70,  0x0E,  0x01,  0xC0,  0x38,
  0x07,  0x00,  0xE0,  0x1C,  0x03,  0x80,  0x70,  0x0E,
  0x00,  0x00,  0x00,  0x00,  0x00,  0x00,  0x00,  0x00,
  0x00,  0x00,  0x00,  0x00,  0x00
};

const UCHAR abc_fontArialNarrow50h_00EF[  63] = { /* code 00EF */
  0x00,  0x00,  0x00,  0x00,  0x00,  0x00,  0x00,  0x00,
  0x00,  0x00,  0x00,  0x00,  0x00,  0x00,  0x00,  0xE3,
  0xB8,  0xEE,  0x3B,  0x8E,  0x00,  0x00,  0x00,  0x00,
  0x70,  0x1C,  0x07,  0x01,  0xC0,  0x70,  0x1C,  0x07,
  0x01,  0xC0,  0x70,  0x1C,  0x07,  0x01,  0xC0,  0x70,
  0x1C,  0x07,  0x01,  0xC0,  0x70,  0x1C,  0x07,  0x01,
  0xC0,  0x70,  0x1C,  0x00,  0x00,  0x00,  0x00,  0x00,
  0x00,  0x00,  0x00,  0x00,  0x00,  0x00,  0x00
};

const UCHAR abc_fontArialNarrow50h_00F1[ 125] = { /* code 00F1 */
  0x00,  0x00,  0x00,  0x00,  0x00,  0x00,  0x00,  0x00,
  0x00,  0x00,  0x00,  0x00,  0x00,  0x00,  0x00,  0x00,
  0x00,  0x00,  0x00,  0x00,  0x00,  0x00,  0x00,  0x00,
  0x00,  0x00,  0x00,  0x00,  0x38,  0x60,  0x07,  0xE6,
  0x00,  0xFF,  0xE0,  0x0C,  0xFC,  0x00,  0xC3,  0x80,
  0x00,  0x00,  0x00,  0x00,  0x00,  0x00,  0x00,  0x03,
  0x8F,  0x80,  0x39,  0xFE,  0x03,  0xBF,  0xF0,  0x3F,
  0x0F,  0x03,  0xC0,  0x78,  0x3C,  0x03,  0x83,  0x80,
  0x38,  0x38,  0x03,  0x83,  0x80,  0x38,  0x38,  0x03,
  0x83,  0x80,  0x38,  0x38,  0x03,  0x83,  0x80,  0x38,
  0x38,  0x03,  0x83,  0x80,  0x38,  0x38,  0x03,  0x83,
  0x80,  0x38,  0x38,  0x03,  0x83,  0x80,  0x38,  0x38,
  0x03,  0x83,  0x80,  0x38,  0x38,  0x03,  0x80,  0x00,
  0x00,  0x00,  0x00,  0x00,  0x00,  0x00,  0x00,  0x00,
  0x00,  0x00,  0x00,  0x00,  0x00,  0x00,  0x00,  0x00,
  0x00,  0x00,  0x00,  0x00,  0x00
};

const UCHAR abc_fontArialNarrow50h_00F2[ 125] = { /* code 00F2 */
  0x00,  0x00,  0x00,  0x00,  0x00,  0x00,  0x00,  0x00,
  0x00,  0x00,  0x00,  0x00,  0x00,  0x00,  0x00,  0x00,
  0x00,  0x00,  0x00,  0x00,  0x00,  0x00,  0x00,  0x00,
  0x00,  0x01,  0xC0,  0x00,  0x0E,  0x00,  0x00,  0xE0,
  0x00,  0x06,  0x00,  0x00,  0x70,  0x00,  0x03,  0x00,
  0x00,  0x00,  0x00,  0x00,  0x00,  0x00,  0x00,  0x00,
  0x1F,  0x00,  0x07,  0xFC,  0x00,  0xFF,  0xE0,  0x1E,
  0x0F,  0x03,  0xC0,  0x78,  0x38,  0x03,  0x83,  0x80,
  0x38,  0x70,  0x01,  0xC7,  0x00,  0x1C,  0x70,  0x01,
  0xC7,  0x00,  0x1C,  0x70,  0x01,  0xC7,  0x00,  0x1C,
  0x70,  0x01,  0xC7,  0x00,  0x1C,  0x38,  0x03,  0x83,
  0x80,  0x38,  0x3C,  0x07,  0x81,  0xE0,  0xF0,  0x0F,
  0xFE,  0x00,  0x7F,  0xC0,  0x01,  0xF0,  0x00,  0x00,
  0x00,  0x00,  0x00,  0x00,  0x00,  0x00,  0x00,  0x00,
  0x00,  0x00,  0x00,  0x00,  0x00,  0x00,  0x00,  0x00,
  0x00,  0x00,  0x00,  0x00,  0x00
};

const UCHAR abc_fontArialNarrow50h_00F3[ 125] = { /* code 00F3 */
  0x00,  0x00,  0x00,  0x00,  0x00,  0x00,  0x00,  0x00,
  0x00,  0x00,  0x00,  0x00,  0x00,  0x00,  0x00,  0x00,
  0x00,  0x00,  0x00,  0x00,  0x00,  0x00,  0x00,  0x00,
  0x00,  0x00,  0x70,  0x00,  0x0E,  0x00,  0x00,  0xE0,
  0x00,  0x0C,  0x00,  0x01,  0xC0,  0x00,  0x18,  0x00,
  0x00,  0x00,  0x00,  0x00,  0x00,  0x00,  0x00,  0x00,
  0x1F,  0x00,  0x07,  0xFC,  0x00,  0xFF,  0xE0,  0x1E,
  0x0F,  0x03,  0xC0,  0x78,  0x38,  0x03,  0x83,  0x80,
  0x38,  0x70,  0x01,  0xC7,  0x00,  0x1C,  0x70,  0x01,
  0xC7,  0x00,  0x1C,  0x70,  0x01,  0xC7,  0x00,  0x1C,
  0x70,  0x01,  0xC7,  0x00,  0x1C,  0x38,  0x03,  0x83,
  0x80,  0x38,  0x3C,  0x07,  0x81,  0xE0,  0xF0,  0x0F,
  0xFE,  0x00,  0x7F,  0xC0,  0x01,  0xF0,  0x00,  0x00,
  0x00,  0x00,  0x00,  0x00,  0x00,  0x00,  0x00,  0x00,
  0x00,  0x00,  0x00,  0x00,  0x00,  0x00,  0x00,  0x00,
  0x00,  0x00,  0x00,  0x00,  0x00
};

const UCHAR abc_fontArialNarrow50h_00F4[ 125] = { /* code 00F4 */
  0x00,  0x00,  0x00,  0x00,  0x00,  0x00,  0x00,  0x00,
  0x00,  0x00,  0x00,  0x00,  0x00,  0x00,  0x00,  0x00,
  0x00,  0x00,  0x00,  0x00,  0x00,  0x00,  0x00,  0x00,
  0x00,  0x00,  0xE0,  0x00,  0x1F,  0x00,  0x03,  0xB8,
  0x00,  0x3B,  0x80,  0x07,  0x1C,  0x00,  0xE0,  0xE0,
  0x00,  0x00,  0x00,  0x00,  0x00,  0x00,  0x00,  0x00,
  0x1F,  0x00,  0x07,  0xFC,  0x00,  0xFF,  0xE0,  0x1E,
  0x0F,  0x03,  0xC0,  0x78,  0x38,  0x03,  0x83,  0x80,
  0x38,  0x70,  0x01,  0xC7,  0x00,  0x1C,  0x70,  0x01,
  0xC7,  0x00,  0x1C,  0x70,  0x01,  0xC7,  0x00,  0x1C,
  0x70,  0x01,  0xC7,  0x00,  0x1C,  0x38,  0x03,  0x83,
  0x80,  0x38,  0x3C,  0x07,  0x81,  0xE0,  0xF0,  0x0F,
  0xFE,  0x00,  0x7F,  0xC0,  0x01,  0xF0,  0x00,  0x00,
  0x00,  0x00,  0x00,  0x00,  0x00,  0x00,  0x00,  0x00,
  0x00,  0x00,  0x00,  0x00,  0x00,  0x00,  0x00,  0x00,
  0x00,  0x00,  0x00,  0x00,  0x00
};

const UCHAR abc_fontArialNarrow50h_00F5[ 125] = { /* code 00F5 */
  0x00,  0x00,  0x00,  0x00,  0x00,  0x00,  0x00,  0x00,
  0x00,  0x00,  0x00,  0x00,  0x00,  0x00,  0x00,  0x00,
  0x00,  0x00,  0x00,  0x00,  0x00,  0x00,  0x00,  0x00,
  0x00,  0x00,  0x00,  0x00,  0x38,  0x60,  0x07,  0xE6,
  0x00,  0xFF,  0xE0,  0x0C,  0xFC,  0x00,  0xC3,  0x80,
  0x00,  0x00,  0x00,  0x00,  0x00,  0x00,  0x00,  0x00,
  0x1F,  0x00,  0x07,  0xFC,  0x00,  0xFF,  0xE0,  0x1E,
  0x0F,  0x03,  0xC0,  0x78,  0x38,  0x03,  0x83,  0x80,
  0x38,  0x70,  0x01,  0xC7,  0x00,  0x1C,  0x70,  0x01,
  0xC7,  0x00,  0x1C,  0x70,  0x01,  0xC7,  0x00,  0x1C,
  0x70,  0x01,  0xC7,  0x00,  0x1C,  0x38,  0x03,  0x83,
  0x80,  0x38,  0x3C,  0x07,  0x81,  0xE0,  0xF0,  0x0F,
  0xFE,  0x00,  0x7F,  0xC0,  0x01,  0xF0,  0x00,  0x00,
  0x00,  0x00,  0x00,  0x00,  0x00,  0x00,  0x00,  0x00,
  0x00,  0x00,  0x00,  0x00,  0x00,  0x00,  0x00,  0x00,
  0x00,  0x00,  0x00,  0x00,  0x00
};

const UCHAR abc_fontArialNarrow50h_00F6[ 125] = { /* code 00F6 */
  0x00,  0x00,  0x00,  0x00,  0x00,  0x00,  0x00,  0x00,
  0x00,  0x00,  0x00,  0x00,  0x00,  0x00,  0x00,  0x00,
  0x00,  0x00,  0x00,  0x00,  0x00,  0x00,  0x00,  0x00,
  0x00,  0x00,  0x00,  0x00,  0x00,  0x00,  0x07,  0x1C,
  0x00,  0x71,  0xC0,  0x07,  0x1C,  0x00,  0x71,  0xC0,
  0x00,  0x00,  0x00,  0x00,  0x00,  0x00,  0x00,  0x00,
  0x1F,  0x00,  0x07,  0xFC,  0x00,  0xFF,  0xE0,  0x1E,
  0x0F,  0x03,  0xC0,  0x78,  0x38,  0x03,  0x83,  0x80,
  0x38,  0x70,  0x01,  0xC7,  0x00,  0x1C,  0x70,  0x01,
  0xC7,  0x00,  0x1C,  0x70,  0x01,  0xC7,  0x00,  0x1C,
  0x70,  0x01,  0xC7,  0x00,  0x1C,  0x38,  0x03,  0x83,
  0x80,  0x38,  0x3C,  0x07,  0x81,  0xE0,  0xF0,  0x0F,
  0xFE,  0x00,  0x7F,  0xC0,  0x01,  0xF0,  0x00,  0x00,
  0x00,  0x00,  0x00,  0x00,  0x00,  0x00,  0x00,  0x00,
  0x00,  0x00,  0x00,  0x00,  0x00,  0x00,  0x00,  0x00,
  0x00,  0x00,  0x00,  0x00,  0x00
};

const UCHAR abc_fontArialNarrow50h_00F9[ 125] = { /* code 00F9 */
  0x00,  0x00,  0x00,  0x00,  0x00,  0x00,  0x00,  0x00,
  0x00,  0x00,  0x00,  0x00,  0x00,  0x00,  0x00,  0x00,
  0x00,  0x00,  0x00,  0x00,  0x00,  0x00,  0x00,  0x00,
  0x00,  0x03,  0x80,  0x00,  0x1C,  0x00,  0x01,  0xC0,
  0x00,  0x0C,  0x00,  0x00,  0xE0,  0x00,  0x06,  0x00,
  0x00,  0x00,  0x00,  0x00,  0x00,  0x00,  0x00,  0x03,
  0x80,  0x38,  0x38,  0x03,  0x83,  0x80,  0x38,  0x38,
  0x03,  0x83,  0x80,  0x38,  0x38,  0x03,  0x83,  0x80,
  0x38,  0x38,  0x03,  0x83,  0x80,  0x38,  0x38,  0x03,
  0x83,  0x80,  0x38,  0x38,  0x03,  0x83,  0x80,  0x38,
  0x38,  0x03,  0x83,  0x80,  0x38,  0x38,  0x03,  0x83,
  0x80,  0x78,  0x3C,  0x0F,  0x81,  0xE1,  0xF8,  0x1F,
  0xFB,  0x80,  0xFF,  0x38,  0x03,  0xE3,  0x80,  0x00,
  0x00,  0x00,  0x00,  0x00,  0x00,  0x00,  0x00,  0x00,
  0x00,  0x00,  0x00,  0x00,  0x00,  0x00,  0x00,  0x00,
  0x00,  0x00,  0x00,  0x00,  0x00
};

const UCHAR abc_fontArialNarrow50h_00FA[ 125] = { /* code 00FA */
  0x00,  0x00,  0x00,  0x00,  0x00,  0x00,  0x00,  0x00,
  0x00,  0x00,  0x00,  0x00,  0x00,  0x00,  0x00,  0x00,
  0x00,  0x00,  0x00,  0x00,  0x00,  0x00,  0x00,  0x00,
  0x00,  0x00,  0x70,  0x00,  0x0E,  0x00,  0x00,  0xE0,
  0x00,  0x0C,  0x00,  0x01,  0xC0,  0x00,  0x18,  0x00,
  0x00,  0x00,  0x00,  0x00,  0x00,  0x00,  0x00,  0x03,
  0x80,  0x38,  0x38,  0x03,  0x83,  0x80,  0x38,  0x38,
  0x03,  0x83,  0x80,  0x38,  0x38,  0x03,  0x83,  0x80,
  0x38,  0x38,  0x03,  0x83,  0x80,  0x38,  0x38,  0x03,
  0x83,  0x80,  0x38,  0x38,  0x03,  0x83,  0x80,  0x38,
  0x38,  0x03,  0x83,  0x80,  0x38,  0x38,  0x03,  0x83,
  0x80,  0x78,  0x3C,  0x0F,  0x81,  0xE1,  0xF8,  0x1F,
  0xFB,  0x80,  0xFF,  0x38,  0x03,  0xE3,  0x80,  0x00,
  0x00,  0x00,  0x00,  0x00,  0x00,  0x00,  0x00,  0x00,
  0x00,  0x00,  0x00,  0x00,  0x00,  0x00,  0x00,  0x00,
  0x00,  0x00,  0x00,  0x00,  0x00
};

const UCHAR abc_fontArialNarrow50h_00FB[ 125] = { /* code 00FB */
  0x00,  0x00,  0x00,  0x00,  0x00,  0x00,  0x00,  0x00,
  0x00,  0x00,  0x00,  0x00,  0x00,  0x00,  0x00,  0x00,
  0x00,  0x00,  0x00,  0x00,  0x00,  0x00,  0x00,  0x00,
  0x00,  0x00,  0xE0,  0x00,  0x1F,  0x00,  0x03,  0xB8,
  0x00,  0x3B,  0x80,  0x07,  0x1C,  0x00,  0xE0,  0xE0,
  0x00,  0x00,  0x00,  0x00,  0x00,  0x00,  0x00,  0x03,
  0x80,  0x38,  0x38,  0x03,  0x83,  0x80,  0x38,  0x38,
  0x03,  0x83,  0x80,  0x38,  0x38,  0x03,  0x83,  0x80,
  0x38,  0x38,  0x03,  0x83,  0x80,  0x38,  0x38,  0x03,
  0x83,  0x80,  0x38,  0x38,  0x03,  0x83,  0x80,  0x38,
  0x38,  0x03,  0x83,  0x80,  0x38,  0x38,  0x03,  0x83,
  0x80,  0x78,  0x3C,  0x0F,  0x81,  0xE1,  0xF8,  0x1F,
  0xFB,  0x80,  0xFF,  0x38,  0x03,  0xE3,  0x80,  0x00,
  0x00,  0x00,  0x00,  0x00,  0x00,  0x00,  0x00,  0x00,
  0x00,  0x00,  0x00,  0x00,  0x00,  0x00,  0x00,  0x00,
  0x00,  0x00,  0x00,  0x00,  0x00
};

const UCHAR abc_fontArialNarrow50h_00FC[ 125] = { /* code 00FC */
  0x00,  0x00,  0x00,  0x00,  0x00,  0x00,  0x00,  0x00,
  0x00,  0x00,  0x00,  0x00,  0x00,  0x00,  0x00,  0x00,
  0x00,  0x00,  0x00,  0x00,  0x00,  0x00,  0x00,  0x00,
  0x00,  0x00,  0x00,  0x00,  0x00,  0x00,  0x07,  0x1C,
  0x00,  0x71,  0xC0,  0x07,  0x1C,  0x00,  0x71,  0xC0,
  0x00,  0x00,  0x00,  0x00,  0x00,  0x00,  0x00,  0x03,
  0x80,  0x38,  0x38,  0x03,  0x83,  0x80,  0x38,  0x38,
  0x03,  0x83,  0x80,  0x38,  0x38,  0x03,  0x83,  0x80,
  0x38,  0x38,  0x03,  0x83,  0x80,  0x38,  0x38,  0x03,
  0x83,  0x80,  0x38,  0x38,  0x03,  0x83,  0x80,  0x38,
  0x38,  0x03,  0x83,  0x80,  0x38,  0x38,  0x03,  0x83,
  0x80,  0x78,  0x3C,  0x0F,  0x81,  0xE1,  0xF8,  0x1F,
  0xFB,  0x80,  0xFF,  0x38,  0x03,  0xE3,  0x80,  0x00,
  0x00,  0x00,  0x00,  0x00,  0x00,  0x00,  0x00,  0x00,
  0x00,  0x00,  0x00,  0x00,  0x00,  0x00,  0x00,  0x00,
  0x00,  0x00,  0x00,  0x00,  0x00
};

const UCHAR abc_fontArialNarrow50h_0100[ 150] = { /* code 0100 */
  0x00,  0x00,  0x00,  0x00,  0x00,  0x00,  0x00,  0x00,
  0x00,  0x00,  0x00,  0x00,  0x00,  0x00,  0x00,  0x00,
  0x00,  0x00,  0x03,  0xFF,  0x80,  0x03,  0xFF,  0x80,
  0x03,  0xFF,  0x80,  0x00,  0x00,  0x00,  0x00,  0x00,
  0x00,  0x00,  0x7C,  0x00,  0x00,  0x7C,  0x00,  0x00,
  0x7C,  0x00,  0x00,  0xEE,  0x00,  0x00,  0xEE,  0x00,
  0x00,  0xEE,  0x00,  0x01,  0xEF,  0x00,  0x01,  0xE7,
  0x00,  0x01,  0xC7,  0x00,  0x03,  0xC7,  0x80,  0x03,
  0xC3,  0x80,  0x03,  0x83,  0x80,  0x03,  0x83,  0x80,
  0x07,  0x81,  0xC0,  0x07,  0x01,  0xC0,  0x07,  0x01,
  0xC0,  0x0F,  0x01,  0xE0,  0x0E,  0x00,  0xE0,  0x0F,
  0xFF,  0xE0,  0x1F,  0xFF,  0xF0,  0x1F,  0xFF,  0xF0,
  0x1C,  0x00,  0x70,  0x1C,  0x00,  0x70,  0x38,  0x00,
  0x38,  0x38,  0x00,  0x38,  0x38,  0x00,  0x38,  0x78,
  0x00,  0x1C,  0x70,  0x00,  0x1C,  0x70,  0x00,  0x1C,
  0xF0,  0x00,  0x1E,  0xE0,  0x00,  0x0E,  0x00,  0x00,
  0x00,  0x00,  0x00,  0x00,  0x00,  0x00,  0x00,  0x00,
  0x00,  0x00,  0x00,  0x00,  0x00,  0x00,  0x00,  0x00,
  0x00,  0x00,  0x00,  0x00,  0x00,  0x00
};

const UCHAR abc_fontArialNarrow50h_0101[ 125] = { /* code 0101 */
  0x00,  0x00,  0x00,  0x00,  0x00,  0x00,  0x00,  0x00,
  0x00,  0x00,  0x00,  0x00,  0x00,  0x00,  0x00,  0x00,
  0x00,  0x00,  0x00,  0x00,  0x00,  0x00,  0x00,  0x00,
  0x00,  0x00,  0x00,  0x00,  0x00,  0x00,  0x00,  0x00,
  0x00,  0x00,  0x00,  0x07,  0xFF,  0x00,  0x7F,  0xF0,
  0x07,  0xFF,  0x00,  0x00,  0x00,  0x00,  0x00,  0x00,
  0x00,  0x00,  0x01,  0xFC,  0x00,  0x7F,  0xF0,  0x0F,
  0xFF,  0x80,  0xF0,  0x7C,  0x1E,  0x03,  0xC1,  0xC0,
  0x1C,  0x0C,  0x01,  0xC0,  0x00,  0x1C,  0x00,  0x07,
  0xC0,  0x1F,  0xFC,  0x07,  0xFF,  0xC1,  0xFF,  0x9C,
  0x1E,  0x01,  0xC3,  0xC0,  0x1C,  0x38,  0x01,  0xC3,
  0x80,  0x1C,  0x38,  0x03,  0xC3,  0xC0,  0x7C,  0x3E,
  0x0F,  0xC1,  0xFF,  0xDC,  0x0F,  0xF9,  0xC0,  0x7E,
  0x0E,  0x00,  0x00,  0x00,  0x00,  0x00,  0x00,  0x00,
  0x00,  0x00,  0x00,  0x00,  0x00,  0x00,  0x00,  0x00,
  0x00,  0x00,  0x00,  0x00,  0x00
};

const UCHAR abc_fontArialNarrow50h_0103[ 125] = { /* code 0103 */
  0x00,  0x00,  0x00,  0x00,  0x00,  0x00,  0x00,  0x00,
  0x00,  0x00,  0x00,  0x00,  0x00,  0x00,  0x00,  0x00,
  0x00,  0x00,  0x00,  0x00,  0x00,  0x00,  0x00,  0x00,
  0x00,  0x00,  0x00,  0x00,  0x30,  0x30,  0x03,  0x03,
  0x00,  0x38,  0x70,  0x01,  0xFE,  0x00,  0x0F,  0xC0,
  0x00,  0x78,  0x00,  0x00,  0x00,  0x00,  0x00,  0x00,
  0x00,  0x00,  0x01,  0xFC,  0x00,  0x7F,  0xF0,  0x0F,
  0xFF,  0x80,  0xF0,  0x7C,  0x1E,  0x03,  0xC1,  0xC0,
  0x1C,  0x0C,  0x01,  0xC0,  0x00,  0x1C,  0x00,  0x07,
  0xC0,  0x1F,  0xFC,  0x07,  0xFF,  0xC1,  0xFF,  0x9C,
  0x1E,  0x01,  0xC3,  0xC0,  0x1C,  0x38,  0x01,  0xC3,
  0x80,  0x1C,  0x38,  0x03,  0xC3,  0xC0,  0x7C,  0x3E,
  0x0F,  0xC1,  0xFF,  0xDC,  0x0F,  0xF9,  0xC0,  0x7E,
  0x0E,  0x00,  0x00,  0x00,  0x00,  0x00,  0x00,  0x00,
  0x00,  0x00,  0x00,  0x00,  0x00,  0x00,  0x00,  0x00,
  0x00,  0x00,  0x00,  0x00,  0x00
};

const UCHAR abc_fontArialNarrow50h_0104[ 163] = { /* code 0104 */
  0x00,  0x00,  0x00,  0x00,  0x00,  0x00,  0x00,  0x00,
  0x00,  0x00,  0x00,  0x00,  0x00,  0x00,  0x00,  0x00,
  0x00,  0x00,  0x00,  0x00,  0x00,  0x00,  0x00,  0x00,
  0x00,  0x00,  0x00,  0x00,  0x00,  0x00,  0x00,  0x00,
  0x00,  0x00,  0x00,  0x00,  0x01,  0xF0,  0x00,  0x00,
  0x7C,  0x00,  0x00,  0x1F,  0x00,  0x00,  0x0E,  0xE0,
  0x00,  0x03,  0xB8,  0x00,  0x00,  0xEE,  0x00,  0x00,
  0x7B,  0xC0,  0x00,  0x1E,  0x70,  0x00,  0x07,  0x1C,
  0x00,  0x03,  0xC7,  0x80,  0x00,  0xF0,  0xE0,  0x00,
  0x38,  0x38,  0x00,  0x0E,  0x0E,  0x00,  0x07,  0x81,
  0xC0,  0x01,  0xC0,  0x70,  0x00,  0x70,  0x1C,  0x00,
  0x3C,  0x07,  0x80,  0x0E,  0x00,  0xE0,  0x03,  0xFF,
  0xF8,  0x01,  0xFF,  0xFF,  0x00,  0x7F,  0xFF,  0xC0,
  0x1C,  0x00,  0x70,  0x07,  0x00,  0x1C,  0x03,  0x80,
  0x03,  0x80,  0xE0,  0x00,  0xE0,  0x38,  0x00,  0x38,
  0x1E,  0x00,  0x07,  0x07,  0x00,  0x01,  0xC1,  0xC0,
  0x00,  0x70,  0xF0,  0x00,  0x1E,  0x38,  0x00,  0x03,
  0x80,  0x00,  0x00,  0xE0,  0x00,  0x00,  0x30,  0x00,
  0x00,  0x18,  0x00,  0x00,  0x06,  0x00,  0x00,  0x01,
  0x80,  0x00,  0x00,  0x60,  0x00,  0x00,  0x1C,  0x40,
  0x00,  0x07,  0xF0
};

const UCHAR abc_fontArialNarrow50h_0105[ 125] = { /* code 0105 */
  0x00,  0x00,  0x00,  0x00,  0x00,  0x00,  0x00,  0x00,
  0x00,  0x00,  0x00,  0x00,  0x00,  0x00,  0x00,  0x00,
  0x00,  0x00,  0x00,  0x00,  0x00,  0x00,  0x00,  0x00,
  0x00,  0x00,  0x00,  0x00,  0x00,  0x00,  0x00,  0x00,
  0x00,  0x00,  0x00,  0x00,  0x00,  0x00,  0x00,  0x00,
  0x00,  0x00,  0x00,  0x00,  0x00,  0x00,  0x00,  0x00,
  0x00,  0x00,  0x07,  0xF0,  0x01,  0xFF,  0xC0,  0x3F,
  0xFE,  0x03,  0xC1,  0xF0,  0x78,  0x0F,  0x07,  0x00,
  0x70,  0x30,  0x07,  0x00,  0x00,  0x70,  0x00,  0x1F,
  0x00,  0x7F,  0xF0,  0x1F,  0xFF,  0x07,  0xFE,  0x70,
  0x78,  0x07,  0x0F,  0x00,  0x70,  0xE0,  0x07,  0x0E,
  0x00,  0x70,  0xE0,  0x0F,  0x0F,  0x01,  0xF0,  0xF8,
  0x3F,  0x07,  0xFF,  0x70,  0x3F,  0xE7,  0x01,  0xF8,
  0x38,  0x00,  0x03,  0x80,  0x00,  0x30,  0x00,  0x06,
  0x00,  0x00,  0x60,  0x00,  0x06,  0x00,  0x00,  0x60,
  0x00,  0x07,  0x10,  0x00,  0x7F
};

const UCHAR abc_fontArialNarrow50h_0107[ 113] = { /* code 0107 */
  0x00,  0x00,  0x00,  0x00,  0x00,  0x00,  0x00,  0x00,
  0x00,  0x00,  0x00,  0x00,  0x00,  0x00,  0x00,  0x00,
  0x00,  0x00,  0x00,  0x00,  0x00,  0x00,  0x00,  0x00,
  0x00,  0x01,  0xC0,  0x00,  0xE0,  0x00,  0x38,  0x00,
  0x0C,  0x00,  0x07,  0x00,  0x01,  0x80,  0x00,  0x00,
  0x00,  0x00,  0x00,  0x00,  0x00,  0x01,  0xF0,  0x01,
  0xFF,  0x00,  0xFF,  0xE0,  0x78,  0x7C,  0x3C,  0x07,
  0x0E,  0x01,  0xE3,  0x80,  0x39,  0xC0,  0x0C,  0x70,
  0x00,  0x1C,  0x00,  0x07,  0x00,  0x01,  0xC0,  0x00,
  0x70,  0x00,  0x1C,  0x00,  0xC7,  0x00,  0x38,  0xE0,
  0x1E,  0x38,  0x07,  0x0F,  0x03,  0xC1,  0xE1,  0xF0,
  0x3F,  0xF8,  0x07,  0xFC,  0x00,  0xFC,  0x00,  0x00,
  0x00,  0x00,  0x00,  0x00,  0x00,  0x00,  0x00,  0x00,
  0x00,  0x00,  0x00,  0x00,  0x00,  0x00,  0x00,  0x00,
  0x00
};

const UCHAR abc_fontArialNarrow50h_0111[ 119] = { /* code 0111 */
  0x00,  0x00,  0x00,  0x00,  0x00,  0x00,  0x00,  0x00,
  0x00,  0x00,  0x00,  0x00,  0x00,  0x00,  0x00,  0x00,
  0x00,  0x00,  0x00,  0x00,  0x00,  0x00,  0x00,  0x00,
  0x00,  0x00,  0x00,  0x01,  0xC0,  0x00,  0x38,  0x00,
  0x07,  0x00,  0x00,  0xE0,  0x07,  0xFF,  0x00,  0xFF,
  0xE0,  0x00,  0x70,  0x00,  0x0E,  0x00,  0x01,  0xC0,
  0x3E,  0x38,  0x0F,  0xF7,  0x03,  0xFF,  0xE0,  0xF0,
  0xFC,  0x3C,  0x0F,  0x87,  0x00,  0xF0,  0xE0,  0x1E,
  0x38,  0x01,  0xC7,  0x00,  0x38,  0xE0,  0x07,  0x1C,
  0x00,  0xE3,  0x80,  0x1C,  0x70,  0x03,  0x8E,  0x00,
  0x71,  0xC0,  0x0E,  0x1C,  0x03,  0xC3,  0x80,  0x78,
  0x78,  0x1F,  0x07,  0x87,  0xE0,  0x7F,  0xFC,  0x07,
  0xFB,  0x80,  0x7C,  0x70,  0x00,  0x00,  0x00,  0x00,
  0x00,  0x00,  0x00,  0x00,  0x00,  0x00,  0x00,  0x00,
  0x00,  0x00,  0x00,  0x00,  0x00,  0x00,  0x00
};

const UCHAR abc_fontArialNarrow50h_0112[ 150] = { /* code 0112 */
  0x00,  0x00,  0x00,  0x00,  0x00,  0x00,  0x00,  0x00,
  0x00,  0x00,  0x00,  0x00,  0x00,  0x00,  0x00,  0x00,
  0x00,  0x00,  0x01,  0xFF,  0xC0,  0x01,  0xFF,  0xC0,
  0x01,  0xFF,  0xC0,  0x00,  0x00,  0x00,  0x00,  0x00,
  0x00,  0x1F,  0xFF,  0xFC,  0x1F,  0xFF,  0xFC,  0x1F,
  0xFF,  0xFC,  0x1C,  0x00,  0x00,  0x1C,  0x00,  0x00,
  0x1C,  0x00,  0x00,  0x1C,  0x00,  0x00,  0x1C,  0x00,
  0x00,  0x1C,  0x00,  0x00,  0x1C,  0x00,  0x00,  0x1C,
  0x00,  0x00,  0x1C,  0x00,  0x00,  0x1C,  0x00,  0x00,
  0x1C,  0x00,  0x00,  0x1F,  0xFF,  0xF8,  0x1F,  0xFF,
  0xF8,  0x1F,  0xFF,  0xF8,  0x1C,  0x00,  0x00,  0x1C,
  0x00,  0x00,  0x1C,  0x00,  0x00,  0x1C,  0x00,  0x00,
  0x1C,  0x00,  0x00,  0x1C,  0x00,  0x00,  0x1C,  0x00,
  0x00,  0x1C,  0x00,  0x00,  0x1C,  0x00,  0x00,  0x1C,
  0x00,  0x00,  0x1C,  0x00,  0x00,  0x1F,  0xFF,  0xFC,
  0x1F,  0xFF,  0xFC,  0x1F,  0xFF,  0xFC,  0x00,  0x00,
  0x00,  0x00,  0x00,  0x00,  0x00,  0x00,  0x00,  0x00,
  0x00,  0x00,  0x00,  0x00,  0x00,  0x00,  0x00,  0x00,
  0x00,  0x00,  0x00,  0x00,  0x00,  0x00
};

const UCHAR abc_fontArialNarrow50h_0113[ 125] = { /* code 0113 */
  0x00,  0x00,  0x00,  0x00,  0x00,  0x00,  0x00,  0x00,
  0x00,  0x00,  0x00,  0x00,  0x00,  0x00,  0x00,  0x00,
  0x00,  0x00,  0x00,  0x00,  0x00,  0x00,  0x00,  0x00,
  0x00,  0x00,  0x00,  0x00,  0x00,  0x00,  0x00,  0x00,
  0x00,  0x00,  0x00,  0x0F,  0xFE,  0x00,  0xFF,  0xE0,
  0x0F,  0xFE,  0x00,  0x00,  0x00,  0x00,  0x00,  0x00,
  0x00,  0x00,  0x01,  0xF0,  0x00,  0x7F,  0xC0,  0x0F,
  0xFE,  0x01,  0xE0,  0xF0,  0x3C,  0x07,  0x83,  0x80,
  0x38,  0x38,  0x01,  0x87,  0x00,  0x1C,  0x70,  0x01,
  0xC7,  0xFF,  0xFC,  0x7F,  0xFF,  0xC7,  0xFF,  0xFC,
  0x70,  0x00,  0x07,  0x00,  0x00,  0x70,  0x01,  0x83,
  0x80,  0x3C,  0x38,  0x03,  0xC3,  0xC0,  0x78,  0x1F,
  0x0F,  0x80,  0xFF,  0xF0,  0x07,  0xFE,  0x00,  0x1F,
  0x80,  0x00,  0x00,  0x00,  0x00,  0x00,  0x00,  0x00,
  0x00,  0x00,  0x00,  0x00,  0x00,  0x00,  0x00,  0x00,
  0x00,  0x00,  0x00,  0x00,  0x00
};

const UCHAR abc_fontArialNarrow50h_0119[ 125] = { /* code 0119 */
  0x00,  0x00,  0x00,  0x00,  0x00,  0x00,  0x00,  0x00,
  0x00,  0x00,  0x00,  0x00,  0x00,  0x00,  0x00,  0x00,
  0x00,  0x00,  0x00,  0x00,  0x00,  0x00,  0x00,  0x00,
  0x00,  0x00,  0x00,  0x00,  0x00,  0x00,  0x00,  0x00,
  0x00,  0x00,  0x00,  0x00,  0x00,  0x00,  0x00,  0x00,
  0x00,  0x00,  0x00,  0x00,  0x00,  0x00,  0x00,  0x00,
  0x00,  0x00,  0x01,  0xF0,  0x00,  0x7F,  0xC0,  0x0F,
  0xFE,  0x01,  0xE0,  0xF0,  0x3C,  0x07,  0x83,  0x80,
  0x38,  0x38,  0x01,  0x87,  0x00,  0x1C,  0x70,  0x01,
  0xC7,  0xFF,  0xFC,  0x7F,  0xFF,  0xC7,  0xFF,  0xFC,
  0x70,  0x00,  0x07,  0x00,  0x00,  0x70,  0x01,  0x83,
  0x80,  0x3C,  0x38,  0x03,  0xC3,  0xC0,  0x78,  0x1F,
  0x0F,  0x80,  0xFF,  0xF0,  0x07,  0xFE,  0x00,  0x1F,
  0x80,  0x00,  0xE0,  0x00,  0x0C,  0x00,  0x01,  0x80,
  0x00,  0x18,  0x00,  0x01,  0x80,  0x00,  0x18,  0x00,
  0x01,  0xC4,  0x00,  0x1F,  0xC0
};

const UCHAR abc_fontArialNarrow50h_011F[ 125] = { /* code 011F */
  0x00,  0x00,  0x00,  0x00,  0x00,  0x00,  0x00,  0x00,
  0x00,  0x00,  0x00,  0x00,  0x00,  0x00,  0x00,  0x00,
  0x00,  0x00,  0x00,  0x00,  0x00,  0x00,  0x00,  0x00,
  0x00,  0x00,  0x00,  0x00,  0x60,  0x60,  0x06,  0x06,
  0x00,  0x70,  0xE0,  0x03,  0xFC,  0x00,  0x1F,  0x80,
  0x00,  0xF0,  0x00,  0x00,  0x00,  0x00,  0x00,  0x00,
  0x00,  0x00,  0x01,  0xF1,  0xC0,  0x3F,  0xDC,  0x07,
  0xFF,  0xC0,  0xF0,  0xFC,  0x1E,  0x07,  0xC1,  0xC0,
  0x3C,  0x1C,  0x03,  0xC3,  0x80,  0x1C,  0x38,  0x01,
  0xC3,  0x80,  0x1C,  0x38,  0x01,  0xC3,  0x80,  0x1C,
  0x38,  0x01,  0xC3,  0x80,  0x1C,  0x38,  0x01,  0xC1,
  0xC0,  0x3C,  0x1C,  0x03,  0xC1,  0xE0,  0x7C,  0x0F,
  0x0F,  0xC0,  0x7F,  0xFC,  0x03,  0xFD,  0xC0,  0x1F,
  0x1C,  0x00,  0x01,  0xC0,  0x00,  0x1C,  0x18,  0x01,
  0xC1,  0xC0,  0x38,  0x1E,  0x03,  0x80,  0xF0,  0xF8,
  0x0F,  0xFF,  0x00,  0x7F,  0xE0
};

const UCHAR abc_fontArialNarrow50h_012B[  69] = { /* code 012B */
  0x00,  0x00,  0x00,  0x00,  0x00,  0x00,  0x00,  0x00,
  0x00,  0x00,  0x00,  0x00,  0x00,  0x00,  0x00,  0x00,
  0x00,  0x00,  0x00,  0x3F,  0xFF,  0xFF,  0xFF,  0xE0,
  0x00,  0x00,  0x00,  0x00,  0xE0,  0x1C,  0x03,  0x80,
  0x70,  0x0E,  0x01,  0xC0,  0x38,  0x07,  0x00,  0xE0,
  0x1C,  0x03,  0x80,  0x70,  0x0E,  0x01,  0xC0,  0x38,
  0x07,  0x00,  0xE0,  0x1C,  0x03,  0x80,  0x70,  0x0E,
  0x01,  0xC0,  0x00,  0x00,  0x00,  0x00,  0x00,  0x00,
  0x00,  0x00,  0x00,  0x00,  0x00
};

const UCHAR abc_fontArialNarrow50h_0130[  63] = { /* code 0130 */
  0x00,  0x00,  0x00,  0x00,  0x00,  0x1C,  0x07,  0x01,
  0xC0,  0x70,  0x1C,  0x00,  0x00,  0x00,  0x70,  0x1C,
  0x07,  0x01,  0xC0,  0x70,  0x1C,  0x07,  0x01,  0xC0,
  0x70,  0x1C,  0x07,  0x01,  0xC0,  0x70,  0x1C,  0x07,
  0x01,  0xC0,  0x70,  0x1C,  0x07,  0x01,  0xC0,  0x70,
  0x1C,  0x07,  0x01,  0xC0,  0x70,  0x1C,  0x07,  0x01,
  0xC0,  0x70,  0x1C,  0x07,  0x00,  0x00,  0x00,  0x00,
  0x00,  0x00,  0x00,  0x00,  0x00,  0x00,  0x00
};

const UCHAR abc_fontArialNarrow50h_0131[  63] = { /* code 0131 */
  0x00,  0x00,  0x00,  0x00,  0x00,  0x00,  0x00,  0x00,
  0x00,  0x00,  0x00,  0x00,  0x00,  0x00,  0x00,  0x00,
  0x00,  0x00,  0x00,  0x00,  0x00,  0x00,  0x00,  0x00,
  0x00,  0x1C,  0x07,  0x01,  0xC0,  0x70,  0x1C,  0x07,
  0x01,  0xC0,  0x70,  0x1C,  0x07,  0x01,  0xC0,  0x70,
  0x1C,  0x07,  0x01,  0xC0,  0x70,  0x1C,  0x07,  0x01,
  0xC0,  0x70,  0x1C,  0x07,  0x00,  0x00,  0x00,  0x00,
  0x00,  0x00,  0x00,  0x00,  0x00,  0x00,  0x00
};

const UCHAR abc_fontArialNarrow50h_0137[ 113] = { /* code 0137 */
  0x00,  0x00,  0x00,  0x00,  0x00,  0x00,  0x00,  0x00,
  0x00,  0x00,  0x00,  0x00,  0x00,  0x00,  0x00,  0x00,
  0x00,  0x00,  0x00,  0x00,  0x00,  0x00,  0x00,  0x00,
  0x00,  0xE0,  0x00,  0x38,  0x00,  0x0E,  0x00,  0x03,
  0x80,  0x00,  0xE0,  0x00,  0x38,  0x00,  0x0E,  0x00,
  0x03,  0x80,  0x00,  0xE0,  0x00,  0x38,  0x0E,  0x0E,
  0x07,  0x83,  0x83,  0xC0,  0xE1,  0xE0,  0x38,  0x70,
  0x0E,  0x38,  0x03,  0x9E,  0x00,  0xEF,  0x00,  0x3F,
  0x80,  0x0F,  0xF0,  0x03,  0xFC,  0x00,  0xF3,  0x80,
  0x3C,  0xE0,  0x0E,  0x1C,  0x03,  0x87,  0x80,  0xE0,
  0xE0,  0x38,  0x3C,  0x0E,  0x07,  0x03,  0x81,  0xE0,
  0xE0,  0x38,  0x38,  0x0F,  0x0E,  0x01,  0xC0,  0x00,
  0x00,  0x00,  0x00,  0x01,  0xE0,  0x00,  0x7C,  0x00,
  0x03,  0x80,  0x00,  0xE0,  0x07,  0xF8,  0x01,  0xFC,
  0x00
};

const UCHAR abc_fontArialNarrow50h_013B[ 125] = { /* code 013B */
  0x00,  0x00,  0x00,  0x00,  0x00,  0x00,  0x00,  0x00,
  0x00,  0x00,  0x00,  0x00,  0x00,  0x00,  0x00,  0x00,
  0x00,  0x00,  0x00,  0x00,  0x00,  0x00,  0x00,  0x00,
  0x00,  0x00,  0x00,  0x01,  0xC0,  0x00,  0x1C,  0x00,
  0x01,  0xC0,  0x00,  0x1C,  0x00,  0x01,  0xC0,  0x00,
  0x1C,  0x00,  0x01,  0xC0,  0x00,  0x1C,  0x00,  0x01,
  0xC0,  0x00,  0x1C,  0x00,  0x01,  0xC0,  0x00,  0x1C,
  0x00,  0x01,  0xC0,  0x00,  0x1C,  0x00,  0x01,  0xC0,
  0x00,  0x1C,  0x00,  0x01,  0xC0,  0x00,  0x1C,  0x00,
  0x01,  0xC0,  0x00,  0x1C,  0x00,  0x01,  0xC0,  0x00,
  0x1C,  0x00,  0x01,  0xC0,  0x00,  0x1C,  0x00,  0x01,
  0xC0,  0x00,  0x1C,  0x00,  0x01,  0xC0,  0x00,  0x1C,
  0x00,  0x01,  0xFF,  0xFE,  0x1F,  0xFF,  0xE1,  0xFF,
  0xFE,  0x00,  0x00,  0x00,  0x00,  0x00,  0x00,  0x78,
  0x00,  0x07,  0xC0,  0x00,  0x0E,  0x00,  0x00,  0xE0,
  0x01,  0xFE,  0x00,  0x1F,  0xC0
};

const UCHAR abc_fontArialNarrow50h_013C[  50] = { /* code 013C */
  0x00,  0x00,  0x00,  0x00,  0x00,  0x00,  0x00,  0x00,
  0x00,  0x00,  0x00,  0x38,  0x38,  0x38,  0x38,  0x38,
  0x38,  0x38,  0x38,  0x38,  0x38,  0x38,  0x38,  0x38,
  0x38,  0x38,  0x38,  0x38,  0x38,  0x38,  0x38,  0x38,
  0x38,  0x38,  0x38,  0x38,  0x38,  0x38,  0x38,  0x38,
  0x38,  0x38,  0x00,  0x00,  0x3C,  0x3E,  0x07,  0x07,
  0xFF,  0xFE
};

const UCHAR abc_fontArialNarrow50h_0141[ 125] = { /* code 0141 */
  0x00,  0x00,  0x00,  0x00,  0x00,  0x00,  0x00,  0x00,
  0x00,  0x00,  0x00,  0x00,  0x00,  0x00,  0x00,  0x00,
  0x00,  0x00,  0x00,  0x00,  0x00,  0x00,  0x00,  0x00,
  0x00,  0x00,  0x00,  0x01,  0xC0,  0x00,  0x1C,  0x00,
  0x01,  0xC0,  0x00,  0x1C,  0x00,  0x01,  0xC0,  0x00,
  0x1C,  0x00,  0x01,  0xC0,  0x00,  0x1C,  0x00,  0x01,
  0xC0,  0x00,  0x1C,  0x80,  0x01,  0xD8,  0x00,  0x1F,
  0x80,  0x01,  0xF8,  0x00,  0x1F,  0x00,  0x01,  0xE0,
  0x00,  0x3C,  0x00,  0x07,  0xC0,  0x00,  0x7C,  0x00,
  0x0F,  0xC0,  0x00,  0xDC,  0x00,  0x0D,  0xC0,  0x00,
  0x9C,  0x00,  0x01,  0xC0,  0x00,  0x1C,  0x00,  0x01,
  0xC0,  0x00,  0x1C,  0x00,  0x01,  0xC0,  0x00,  0x1C,
  0x00,  0x01,  0xFF,  0xFE,  0x1F,  0xFF,  0xE1,  0xFF,
  0xFE,  0x00,  0x00,  0x00,  0x00,  0x00,  0x00,  0x00,
  0x00,  0x00,  0x00,  0x00,  0x00,  0x00,  0x00,  0x00,
  0x00,  0x00,  0x00,  0x00,  0x00
};

const UCHAR abc_fontArialNarrow50h_0142[  50] = { /* code 0142 */
  0x00,  0x00,  0x00,  0x00,  0x00,  0x00,  0x00,  0x00,
  0x00,  0x00,  0x00,  0x38,  0x38,  0x38,  0x38,  0x38,
  0x38,  0x38,  0x38,  0x38,  0x38,  0x3A,  0x3A,  0x3E,
  0x3C,  0x38,  0x38,  0x38,  0x78,  0xF8,  0xB8,  0xB8,
  0x38,  0x38,  0x38,  0x38,  0x38,  0x38,  0x38,  0x38,
  0x38,  0x38,  0x00,  0x00,  0x00,  0x00,  0x00,  0x00,
  0x00,  0x00
};

const UCHAR abc_fontArialNarrow50h_0144[ 125] = { /* code 0144 */
  0x00,  0x00,  0x00,  0x00,  0x00,  0x00,  0x00,  0x00,
  0x00,  0x00,  0x00,  0x00,  0x00,  0x00,  0x00,  0x00,
  0x00,  0x00,  0x00,  0x00,  0x00,  0x00,  0x00,  0x00,
  0x00,  0x00,  0x00,  0x00,  0x07,  0x00,  0x00,  0xE0,
  0x00,  0x0E,  0x00,  0x00,  0xC0,  0x00,  0x1C,  0x00,
  0x01,  0x80,  0x00,  0x00,  0x00,  0x00,  0x00,  0x00,
  0x00,  0x00,  0x38,  0xF8,  0x03,  0x9F,  0xE0,  0x3B,
  0xFF,  0x03,  0xF0,  0xF0,  0x3C,  0x07,  0x83,  0xC0,
  0x38,  0x38,  0x03,  0x83,  0x80,  0x38,  0x38,  0x03,
  0x83,  0x80,  0x38,  0x38,  0x03,  0x83,  0x80,  0x38,
  0x38,  0x03,  0x83,  0x80,  0x38,  0x38,  0x03,  0x83,
  0x80,  0x38,  0x38,  0x03,  0x83,  0x80,  0x38,  0x38,
  0x03,  0x83,  0x80,  0x38,  0x38,  0x03,  0x83,  0x80,
  0x38,  0x00,  0x00,  0x00,  0x00,  0x00,  0x00,  0x00,
  0x00,  0x00,  0x00,  0x00,  0x00,  0x00,  0x00,  0x00,
  0x00,  0x00,  0x00,  0x00,  0x00
};

const UCHAR abc_fontArialNarrow50h_0146[ 125] = { /* code 0146 */
  0x00,  0x00,  0x00,  0x00,  0x00,  0x00,  0x00,  0x00,
  0x00,  0x00,  0x00,  0x00,  0x00,  0x00,  0x00,  0x00,
  0x00,  0x00,  0x00,  0x00,  0x00,  0x00,  0x00,  0x00,
  0x00,  0x00,  0x00,  0x00,  0x00,  0x00,  0x00,  0x00,
  0x00,  0x00,  0x00,  0x00,  0x00,  0x00,  0x00,  0x00,
  0x00,  0x00,  0x00,  0x00,  0x00,  0x00,  0x00,  0x00,
  0x00,  0x00,  0x38,  0xF8,  0x03,  0x9F,  0xE0,  0x3B,
  0xFF,  0x03,  0xF0,  0xF0,  0x3C,  0x07,  0x83,  0xC0,
  0x38,  0x38,  0x03,  0x83,  0x80,  0x38,  0x38,  0x03,
  0x83,  0x80,  0x38,  0x38,  0x03,  0x83,  0x80,  0x38,
  0x38,  0x03,  0x83,  0x80,  0x38,  0x38,  0x03,  0x83,
  0x80,  0x38,  0x38,  0x03,  0x83,  0x80,  0x38,  0x38,
  0x03,  0x83,  0x80,  0x38,  0x38,  0x03,  0x83,  0x80,
  0x38,  0x00,  0x00,  0x00,  0x00,  0x00,  0x00,  0xF0,
  0x00,  0x0F,  0x80,  0x00,  0x1C,  0x00,  0x01,  0xC0,
  0x03,  0xFC,  0x00,  0x3F,  0x80
};

const UCHAR abc_fontArialNarrow50h_015E[ 150] = { /* code 015E */
  0x00,  0x00,  0x00,  0x00,  0x00,  0x00,  0x00,  0x00,
  0x00,  0x00,  0x00,  0x00,  0x00,  0x00,  0x00,  0x00,
  0x00,  0x00,  0x00,  0x00,  0x00,  0x00,  0x00,  0x00,
  0x00,  0x00,  0x00,  0x00,  0x00,  0x00,  0x00,  0x00,
  0x00,  0x01,  0xFC,  0x00,  0x07,  0xFF,  0x00,  0x0F,
  0xFF,  0xC0,  0x1F,  0x03,  0xC0,  0x1C,  0x01,  0xE0,
  0x3C,  0x00,  0xE0,  0x38,  0x00,  0xF0,  0x38,  0x00,
  0x70,  0x38,  0x00,  0x70,  0x38,  0x00,  0x00,  0x38,
  0x00,  0x00,  0x1C,  0x00,  0x00,  0x1F,  0x00,  0x00,
  0x0F,  0xE0,  0x00,  0x07,  0xFC,  0x00,  0x01,  0xFF,
  0x80,  0x00,  0x7F,  0xE0,  0x00,  0x07,  0xE0,  0x00,
  0x01,  0xF0,  0x00,  0x00,  0x78,  0x70,  0x00,  0x78,
  0x70,  0x00,  0x38,  0x70,  0x00,  0x38,  0x78,  0x00,
  0x38,  0x38,  0x00,  0x38,  0x3C,  0x00,  0x70,  0x1E,
  0x00,  0xF0,  0x1F,  0x81,  0xE0,  0x0F,  0xFF,  0xC0,
  0x03,  0xFF,  0x80,  0x00,  0xFE,  0x00,  0x00,  0x38,
  0x00,  0x00,  0x70,  0x00,  0x00,  0x7C,  0x00,  0x00,
  0x0E,  0x00,  0x00,  0x0E,  0x00,  0x00,  0x1E,  0x00,
  0x01,  0xFE,  0x00,  0x01,  0xFC,  0x00
};

const UCHAR abc_fontArialNarrow50h_015F[ 113] = { /* code 015F */
  0x00,  0x00,  0x00,  0x00,  0x00,  0x00,  0x00,  0x00,
  0x00,  0x00,  0x00,  0x00,  0x00,  0x00,  0x00,  0x00,
  0x00,  0x00,  0x00,  0x00,  0x00,  0x00,  0x00,  0x00,
  0x00,  0x00,  0x00,  0x00,  0x00,  0x00,  0x00,  0x00,
  0x00,  0x00,  0x00,  0x00,  0x00,  0x00,  0x00,  0x00,
  0x00,  0x00,  0x00,  0x00,  0x00,  0x03,  0xF0,  0x03,
  0xFF,  0x01,  0xFF,  0xE0,  0xF0,  0x78,  0x38,  0x0F,
  0x0E,  0x01,  0xC3,  0x80,  0x60,  0xF0,  0x00,  0x1E,
  0x00,  0x07,  0xF0,  0x00,  0xFF,  0x80,  0x0F,  0xF8,
  0x00,  0x3F,  0x00,  0x01,  0xE3,  0x00,  0x39,  0xC0,
  0x0E,  0x78,  0x03,  0x8E,  0x01,  0xE3,  0xE0,  0xF0,
  0x7F,  0xFC,  0x0F,  0xFC,  0x00,  0xFC,  0x00,  0x0E,
  0x00,  0x07,  0x00,  0x01,  0xF0,  0x00,  0x0E,  0x00,
  0x03,  0x80,  0x01,  0xE0,  0x07,  0xF8,  0x01,  0xFC,
  0x00
};

const UCHAR abc_fontArialNarrow50h_0160[ 150] = { /* code 0160 */
  0x00,  0x00,  0x00,  0x00,  0x00,  0x00,  0x00,  0x00,
  0x00,  0x03,  0x83,  0x80,  0x01,  0xC7,  0x00,  0x00,
  0xEE,  0x00,  0x00,  0xEE,  0x00,  0x00,  0x7C,  0x00,
  0x00,  0x38,  0x00,  0x00,  0x00,  0x00,  0x00,  0x00,
  0x00,  0x01,  0xFC,  0x00,  0x07,  0xFF,  0x00,  0x0F,
  0xFF,  0xC0,  0x1F,  0x03,  0xC0,  0x1C,  0x01,  0xE0,
  0x3C,  0x00,  0xE0,  0x38,  0x00,  0xF0,  0x38,  0x00,
  0x70,  0x38,  0x00,  0x70,  0x38,  0x00,  0x00,  0x38,
  0x00,  0x00,  0x1C,  0x00,  0x00,  0x1F,  0x00,  0x00,
  0x0F,  0xE0,  0x00,  0x07,  0xFC,  0x00,  0x01,  0xFF,
  0x80,  0x00,  0x7F,  0xE0,  0x00,  0x07,  0xE0,  0x00,
  0x01,  0xF0,  0x00,  0x00,  0x78,  0x70,  0x00,  0x78,
  0x70,  0x00,  0x38,  0x70,  0x00,  0x38,  0x78,  0x00,
  0x38,  0x38,  0x00,  0x38,  0x3C,  0x00,  0x70,  0x1E,
  0x00,  0xF0,  0x1F,  0x81,  0xE0,  0x0F,  0xFF,  0xC0,
  0x03,  0xFF,  0x80,  0x00,  0xFE,  0x00,  0x00,  0x00,
  0x00,  0x00,  0x00,  0x00,  0x00,  0x00,  0x00,  0x00,
  0x00,  0x00,  0x00,  0x00,  0x00,  0x00,  0x00,  0x00,
  0x00,  0x00,  0x00,  0x00,  0x00,  0x00
};

const UCHAR abc_fontArialNarrow50h_0161[ 113] = { /* code 0161 */
  0x00,  0x00,  0x00,  0x00,  0x00,  0x00,  0x00,  0x00,
  0x00,  0x00,  0x00,  0x00,  0x00,  0x00,  0x00,  0x00,
  0x00,  0x00,  0x00,  0x00,  0x00,  0x00,  0x00,  0x00,
  0x00,  0x38,  0x38,  0x07,  0x1C,  0x00,  0xEE,  0x00,
  0x3B,  0x80,  0x07,  0xC0,  0x00,  0xE0,  0x00,  0x00,
  0x00,  0x00,  0x00,  0x00,  0x00,  0x03,  0xF0,  0x03,
  0xFF,  0x01,  0xFF,  0xE0,  0xF0,  0x78,  0x38,  0x0F,
  0x0E,  0x01,  0xC3,  0x80,  0x60,  0xF0,  0x00,  0x1E,
  0x00,  0x07,  0xF0,  0x00,  0xFF,  0x80,  0x0F,  0xF8,
  0x00,  0x3F,  0x00,  0x01,  0xE3,  0x00,  0x39,  0xC0,
  0x0E,  0x78,  0x03,  0x8E,  0x01,  0xE3,  0xE0,  0xF0,
  0x7F,  0xFC,  0x0F,  0xFC,  0x00,  0xFC,  0x00,  0x00,
  0x00,  0x00,  0x00,  0x00,  0x00,  0x00,  0x00,  0x00,
  0x00,  0x00,  0x00,  0x00,  0x00,  0x00,  0x00,  0x00,
  0x00
};

const UCHAR abc_fontArialNarrow50h_0169[ 125] = { /* code 0169 */
  0x00,  0x00,  0x00,  0x00,  0x00,  0x00,  0x00,  0x00,
  0x00,  0x00,  0x00,  0x00,  0x00,  0x00,  0x00,  0x00,
  0x00,  0x00,  0x00,  0x00,  0x00,  0x00,  0x00,  0x00,
  0x00,  0x00,  0x00,  0x00,  0x00,  0x00,  0x03,  0x86,
  0x00,  0x7E,  0x60,  0x0F,  0xFE,  0x00,  0xCF,  0xC0,
  0x0C,  0x38,  0x00,  0x00,  0x00,  0x00,  0x00,  0x00,
  0x00,  0x00,  0x38,  0x03,  0x83,  0x80,  0x38,  0x38,
  0x03,  0x83,  0x80,  0x38,  0x38,  0x03,  0x83,  0x80,
  0x38,  0x38,  0x03,  0x83,  0x80,  0x38,  0x38,  0x03,
  0x83,  0x80,  0x38,  0x38,  0x03,  0x83,  0x80,  0x38,
  0x38,  0x03,  0x83,  0x80,  0x38,  0x38,  0x03,  0x83,
  0x80,  0x38,  0x38,  0x07,  0x83,  0xC0,  0xF8,  0x1E,
  0x1F,  0x81,  0xFF,  0xB8,  0x0F,  0xF3,  0x80,  0x3E,
  0x38,  0x00,  0x00,  0x00,  0x00,  0x00,  0x00,  0x00,
  0x00,  0x00,  0x00,  0x00,  0x00,  0x00,  0x00,  0x00,
  0x00,  0x00,  0x00,  0x00,  0x00
};

const UCHAR abc_fontArialNarrow50h_016B[ 125] = { /* code 016B */
  0x00,  0x00,  0x00,  0x00,  0x00,  0x00,  0x00,  0x00,
  0x00,  0x00,  0x00,  0x00,  0x00,  0x00,  0x00,  0x00,
  0x00,  0x00,  0x00,  0x00,  0x00,  0x00,  0x00,  0x00,
  0x00,  0x00,  0x00,  0x00,  0x00,  0x00,  0x00,  0x00,
  0x00,  0x00,  0x00,  0x0F,  0xFE,  0x00,  0xFF,  0xE0,
  0x0F,  0xFE,  0x00,  0x00,  0x00,  0x00,  0x00,  0x00,
  0x00,  0x00,  0x38,  0x03,  0x83,  0x80,  0x38,  0x38,
  0x03,  0x83,  0x80,  0x38,  0x38,  0x03,  0x83,  0x80,
  0x38,  0x38,  0x03,  0x83,  0x80,  0x38,  0x38,  0x03,
  0x83,  0x80,  0x38,  0x38,  0x03,  0x83,  0x80,  0x38,
  0x38,  0x03,  0x83,  0x80,  0x38,  0x38,  0x03,  0x83,
  0x80,  0x38,  0x38,  0x07,  0x83,  0xC0,  0xF8,  0x1E,
  0x1F,  0x81,  0xFF,  0xB8,  0x0F,  0xF3,  0x80,  0x3E,
  0x38,  0x00,  0x00,  0x00,  0x00,  0x00,  0x00,  0x00,
  0x00,  0x00,  0x00,  0x00,  0x00,  0x00,  0x00,  0x00,
  0x00,  0x00,  0x00,  0x00,  0x00
};

const UCHAR abc_fontArialNarrow50h_017A[ 138] = { /* code 017A */
  0x00,  0x00,  0x00,  0x00,  0x00,  0x00,  0x00,  0x00,
  0x00,  0x00,  0x00,  0x00,  0x00,  0x00,  0x00,  0x00,
  0x00,  0x00,  0x00,  0x00,  0x07,  0xC0,  0x00,  0x3E,
  0x00,  0x00,  0xF0,  0x00,  0x07,  0x80,  0x00,  0x1C,
  0x00,  0x00,  0xE0,  0x00,  0x00,  0x00,  0x00,  0x00,
  0x00,  0x00,  0x00,  0x00,  0x00,  0x00,  0x00,  0xFF,
  0xFF,  0xC3,  0xFF,  0xFF,  0x0F,  0xFF,  0xFC,  0x3F,
  0xFF,  0xF0,  0x00,  0x0F,  0x80,  0x00,  0x7C,  0x00,
  0x03,  0xE0,  0x00,  0x1F,  0x00,  0x00,  0xFC,  0x00,
  0x03,  0xE0,  0x00,  0x1F,  0x00,  0x00,  0xF8,  0x00,
  0x07,  0xC0,  0x00,  0x3E,  0x00,  0x01,  0xF0,  0x00,
  0x0F,  0x80,  0x00,  0x7C,  0x00,  0x01,  0xF0,  0x00,
  0x0F,  0x80,  0x00,  0x7F,  0xFF,  0xF9,  0xFF,  0xFF,
  0xE7,  0xFF,  0xFF,  0x9F,  0xFF,  0xFE,  0x00,  0x00,
  0x00,  0x00,  0x00,  0x00,  0x00,  0x00,  0x00,  0x00,
  0x00,  0x00,  0x00,  0x00,  0x00,  0x00,  0x00,  0x00,
  0x00,  0x00,  0x00,  0x00,  0x00,  0x00,  0x00,  0x00,
  0x00,  0x00
};

const UCHAR abc_fontArialNarrow50h_017B[ 138] = { /* code 017B */
  0x00,  0x00,  0x00,  0x00,  0x00,  0x00,  0x00,  0x00,
  0x00,  0x00,  0x00,  0x00,  0x38,  0x00,  0x00,  0xE0,
  0x00,  0x03,  0x80,  0x00,  0x0E,  0x00,  0x00,  0x38,
  0x00,  0x00,  0x00,  0x00,  0x00,  0x00,  0x0F,  0xFF,
  0xFE,  0x3F,  0xFF,  0xF8,  0xFF,  0xFF,  0xE0,  0x00,
  0x07,  0x80,  0x00,  0x3C,  0x00,  0x00,  0xE0,  0x00,
  0x07,  0x80,  0x00,  0x3C,  0x00,  0x00,  0xE0,  0x00,
  0x07,  0x80,  0x00,  0x3C,  0x00,  0x00,  0xE0,  0x00,
  0x07,  0x80,  0x00,  0x3C,  0x00,  0x00,  0xE0,  0x00,
  0x07,  0x80,  0x00,  0x3C,  0x00,  0x00,  0xE0,  0x00,
  0x07,  0x80,  0x00,  0x3C,  0x00,  0x00,  0xE0,  0x00,
  0x07,  0x80,  0x00,  0x1C,  0x00,  0x00,  0xE0,  0x00,
  0x07,  0x80,  0x00,  0x1C,  0x00,  0x00,  0xE0,  0x00,
  0x07,  0x80,  0x00,  0x1F,  0xFF,  0xFE,  0x7F,  0xFF,
  0xF9,  0xFF,  0xFF,  0xE0,  0x00,  0x00,  0x00,  0x00,
  0x00,  0x00,  0x00,  0x00,  0x00,  0x00,  0x00,  0x00,
  0x00,  0x00,  0x00,  0x00,  0x00,  0x00,  0x00,  0x00,
  0x00,  0x00
};

const UCHAR abc_fontArialNarrow50h_01B0[ 182] = { /* code 01B0 */
  0x00,  0x00,  0x00,  0x00,  0x00,  0x00,  0x00,  0x00,
  0x00,  0x00,  0x00,  0x00,  0x00,  0x00,  0x00,  0x00,
  0x00,  0x00,  0x00,  0x00,  0x00,  0x00,  0x00,  0x00,
  0x00,  0x00,  0x00,  0x00,  0x00,  0x00,  0x00,  0x00,
  0x00,  0x00,  0x00,  0x00,  0x00,  0x00,  0x00,  0x00,
  0x00,  0x00,  0x00,  0x00,  0x00,  0x00,  0x00,  0x00,
  0x00,  0x00,  0x00,  0x00,  0x00,  0x00,  0x00,  0x00,
  0x00,  0x00,  0x00,  0x00,  0x00,  0x00,  0xF0,  0x03,
  0xC7,  0x87,  0x80,  0x1E,  0x3C,  0x3C,  0x00,  0xF1,
  0xE1,  0xE0,  0x07,  0x8F,  0x0F,  0x00,  0x3C,  0x18,
  0x78,  0x01,  0xE0,  0xC3,  0xC0,  0x0F,  0x06,  0x1E,
  0x00,  0x78,  0x70,  0xF0,  0x03,  0xC3,  0x07,  0x80,
  0x1E,  0x70,  0x3C,  0x00,  0xFF,  0x01,  0xE0,  0x07,
  0xE0,  0x0F,  0x00,  0x3C,  0x00,  0x78,  0x01,  0xE0,
  0x03,  0xC0,  0x0F,  0x00,  0x1E,  0x00,  0x78,  0x00,
  0xF0,  0x07,  0xC0,  0x07,  0x80,  0x3E,  0x00,  0x3E,
  0x03,  0xF0,  0x00,  0xF8,  0x3F,  0x80,  0x07,  0xFF,
  0xBC,  0x00,  0x1F,  0xFD,  0xE0,  0x00,  0x7F,  0xCF,
  0x00,  0x01,  0xF8,  0x00,  0x00,  0x00,  0x00,  0x00,
  0x00,  0x00,  0x00,  0x00,  0x00,  0x00,  0x00,  0x00,
  0x00,  0x00,  0x00,  0x00,  0x00,  0x00,  0x00,  0x00,
  0x00,  0x00,  0x00,  0x00,  0x00,  0x00,  0x00,  0x00,
  0x00,  0x00,  0x00,  0x00,  0x00,  0x00
};

const UCHAR abc_fontArialNarrow50h_021B[  63] = { /* code 021B */
  0x00,  0x00,  0x00,  0x00,  0x00,  0x00,  0x00,  0x00,
  0x00,  0x00,  0x00,  0x00,  0x00,  0x00,  0x00,  0x04,
  0x03,  0x01,  0xC0,  0x70,  0x1C,  0x07,  0x01,  0xC0,
  0x70,  0x7F,  0x9F,  0xE7,  0xF8,  0x70,  0x1C,  0x07,
  0x01,  0xC0,  0x70,  0x1C,  0x07,  0x01,  0xC0,  0x70,
  0x1C,  0x07,  0x01,  0xC0,  0x70,  0x1C,  0x07,  0x01,
  0xC0,  0x7E,  0x0F,  0xC1,  0xF0,  0x00,  0x00,  0x00,
  0x01,  0xC0,  0x70,  0x1C,  0x03,  0x00,  0xC0
};

const UCHAR abc_fontArialNarrow50h_0388[ 182] = { /* code 0388 */
  0x00,  0x00,  0x00,  0x00,  0x00,  0x00,  0x00,  0x00,
  0x00,  0x00,  0x00,  0x00,  0x00,  0x00,  0x00,  0x00,
  0x00,  0x00,  0x00,  0x00,  0x00,  0x00,  0x00,  0x00,
  0x00,  0x00,  0x00,  0x00,  0x00,  0x00,  0x00,  0x00,
  0x00,  0x00,  0x00,  0x00,  0x00,  0x00,  0x00,  0x00,
  0x71,  0xFF,  0xFF,  0xC7,  0x0F,  0xFF,  0xFE,  0x38,
  0x7F,  0xFF,  0xF1,  0x83,  0x80,  0x00,  0x1C,  0x1C,
  0x00,  0x00,  0xC0,  0xE0,  0x00,  0x00,  0x07,  0x00,
  0x00,  0x00,  0x38,  0x00,  0x00,  0x01,  0xC0,  0x00,
  0x00,  0x0E,  0x00,  0x00,  0x00,  0x70,  0x00,  0x00,
  0x03,  0x80,  0x00,  0x00,  0x1C,  0x00,  0x00,  0x00,
  0xE0,  0x00,  0x00,  0x07,  0xFF,  0xFE,  0x00,  0x3F,
  0xFF,  0xF0,  0x01,  0xFF,  0xFF,  0x80,  0x0E,  0x00,
  0x00,  0x00,  0x70,  0x00,  0x00,  0x03,  0x80,  0x00,
  0x00,  0x1C,  0x00,  0x00,  0x00,  0xE0,  0x00,  0x00,
  0x07,  0x00,  0x00,  0x00,  0x38,  0x00,  0x00,  0x01,
  0xC0,  0x00,  0x00,  0x0E,  0x00,  0x00,  0x00,  0x70,
  0x00,  0x00,  0x03,  0x80,  0x00,  0x00,  0x1F,  0xFF,
  0xFC,  0x00,  0xFF,  0xFF,  0xE0,  0x07,  0xFF,  0xFF,
  0x00,  0x00,  0x00,  0x00,  0x00,  0x00,  0x00,  0x00,
  0x00,  0x00,  0x00,  0x00,  0x00,  0x00,  0x00,  0x00,
  0x00,  0x00,  0x00,  0x00,  0x00,  0x00,  0x00,  0x00,
  0x00,  0x00,  0x00,  0x00,  0x00,  0x00
};

const UCHAR abc_fontArialNarrow50h_038C[ 188] = { /* code 038C */
  0x00,  0x00,  0x00,  0x00,  0x00,  0x00,  0x00,  0x00,
  0x00,  0x00,  0x00,  0x00,  0x00,  0x00,  0x00,  0x00,
  0x00,  0x00,  0x00,  0x00,  0x00,  0x00,  0x00,  0x00,
  0x00,  0x00,  0x00,  0x00,  0x00,  0x00,  0x00,  0x00,
  0x00,  0x00,  0x00,  0x00,  0x00,  0x00,  0x00,  0x00,
  0x00,  0x0E,  0x03,  0xF0,  0x00,  0x70,  0x7F,  0xF8,
  0x01,  0xC3,  0xFF,  0xF0,  0x06,  0x1F,  0x03,  0xE0,
  0x38,  0xF0,  0x03,  0xC0,  0xC7,  0x80,  0x07,  0x80,
  0x1C,  0x00,  0x0E,  0x00,  0xF0,  0x00,  0x3C,  0x03,
  0x80,  0x00,  0x70,  0x0E,  0x00,  0x01,  0xC0,  0x38,
  0x00,  0x07,  0x01,  0xC0,  0x00,  0x0E,  0x07,  0x00,
  0x00,  0x38,  0x1C,  0x00,  0x00,  0xE0,  0x70,  0x00,
  0x03,  0x81,  0xC0,  0x00,  0x0E,  0x07,  0x00,  0x00,
  0x38,  0x1C,  0x00,  0x00,  0xE0,  0x70,  0x00,  0x03,
  0x81,  0xC0,  0x00,  0x0E,  0x07,  0x80,  0x00,  0x70,
  0x0E,  0x00,  0x01,  0xC0,  0x38,  0x00,  0x07,  0x00,
  0xF0,  0x00,  0x3C,  0x01,  0xC0,  0x00,  0xE0,  0x03,
  0x80,  0x07,  0x80,  0x0F,  0x00,  0x3C,  0x00,  0x1F,
  0x03,  0xE0,  0x00,  0x3F,  0xFF,  0x00,  0x00,  0x7F,
  0xF8,  0x00,  0x00,  0x3F,  0x00,  0x00,  0x00,  0x00,
  0x00,  0x00,  0x00,  0x00,  0x00,  0x00,  0x00,  0x00,
  0x00,  0x00,  0x00,  0x00,  0x00,  0x00,  0x00,  0x00,
  0x00,  0x00,  0x00,  0x00,  0x00,  0x00,  0x00,  0x00,
  0x00,  0x00,  0x00,  0x00
};

const UCHAR abc_fontArialNarrow50h_0391[ 150] = { /* code 0391 */
  0x00,  0x00,  0x00,  0x00,  0x00,  0x00,  0x00,  0x00,
  0x00,  0x00,  0x00,  0x00,  0x00,  0x00,  0x00,  0x00,
  0x00,  0x00,  0x00,  0x00,  0x00,  0x00,  0x00,  0x00,
  0x00,  0x00,  0x00,  0x00,  0x00,  0x00,  0x00,  0x00,
  0x00,  0x00,  0x7C,  0x00,  0x00,  0x7C,  0x00,  0x00,
  0x7C,  0x00,  0x00,  0xEE,  0x00,  0x00,  0xEE,  0x00,
  0x00,  0xEE,  0x00,  0x01,  0xEF,  0x00,  0x01,  0xE7,
  0x00,  0x01,  0xC7,  0x00,  0x03,  0xC7,  0x80,  0x03,
  0xC3,  0x80,  0x03,  0x83,  0x80,  0x03,  0x83,  0x80,
  0x07,  0x81,  0xC0,  0x07,  0x01,  0xC0,  0x07,  0x01,
  0xC0,  0x0F,  0x01,  0xE0,  0x0E,  0x00,  0xE0,  0x0F,
  0xFF,  0xE0,  0x1F,  0xFF,  0xF0,  0x1F,  0xFF,  0xF0,
  0x1C,  0x00,  0x70,  0x1C,  0x00,  0x70,  0x38,  0x00,
  0x38,  0x38,  0x00,  0x38,  0x38,  0x00,  0x38,  0x78,
  0x00,  0x1C,  0x70,  0x00,  0x1C,  0x70,  0x00,  0x1C,
  0xF0,  0x00,  0x1E,  0xE0,  0x00,  0x0E,  0x00,  0x00,
  0x00,  0x00,  0x00,  0x00,  0x00,  0x00,  0x00,  0x00,
  0x00,  0x00,  0x00,  0x00,  0x00,  0x00,  0x00,  0x00,
  0x00,  0x00,  0x00,  0x00,  0x00,  0x00
};

const UCHAR abc_fontArialNarrow50h_0392[ 150] = { /* code 0392 */
  0x00,  0x00,  0x00,  0x00,  0x00,  0x00,  0x00,  0x00,
  0x00,  0x00,  0x00,  0x00,  0x00,  0x00,  0x00,  0x00,
  0x00,  0x00,  0x00,  0x00,  0x00,  0x00,  0x00,  0x00,
  0x00,  0x00,  0x00,  0x00,  0x00,  0x00,  0x00,  0x00,
  0x00,  0x1F,  0xFF,  0x00,  0x1F,  0xFF,  0xC0,  0x1F,
  0xFF,  0xE0,  0x1C,  0x01,  0xF0,  0x1C,  0x00,  0x70,
  0x1C,  0x00,  0x78,  0x1C,  0x00,  0x38,  0x1C,  0x00,
  0x38,  0x1C,  0x00,  0x38,  0x1C,  0x00,  0x38,  0x1C,
  0x00,  0x38,  0x1C,  0x00,  0x78,  0x1C,  0x00,  0x70,
  0x1C,  0x01,  0xF0,  0x1F,  0xFF,  0xE0,  0x1F,  0xFF,
  0xC0,  0x1F,  0xFF,  0xE0,  0x1C,  0x00,  0xF0,  0x1C,
  0x00,  0x38,  0x1C,  0x00,  0x3C,  0x1C,  0x00,  0x1C,
  0x1C,  0x00,  0x1C,  0x1C,  0x00,  0x1C,  0x1C,  0x00,
  0x1C,  0x1C,  0x00,  0x1C,  0x1C,  0x00,  0x3C,  0x1C,
  0x00,  0x38,  0x1C,  0x00,  0xF8,  0x1F,  0xFF,  0xF0,
  0x1F,  0xFF,  0xE0,  0x1F,  0xFF,  0x80,  0x00,  0x00,
  0x00,  0x00,  0x00,  0x00,  0x00,  0x00,  0x00,  0x00,
  0x00,  0x00,  0x00,  0x00,  0x00,  0x00,  0x00,  0x00,
  0x00,  0x00,  0x00,  0x00,  0x00,  0x00
};

const UCHAR abc_fontArialNarrow50h_0393[ 119] = { /* code 0393 */
  0x00,  0x00,  0x00,  0x00,  0x00,  0x00,  0x00,  0x00,
  0x00,  0x00,  0x00,  0x00,  0x00,  0x00,  0x00,  0x00,
  0x00,  0x00,  0x00,  0x00,  0x00,  0x00,  0x00,  0x00,
  0x00,  0x00,  0x0F,  0xFF,  0xE1,  0xFF,  0xFC,  0x3F,
  0xFF,  0x87,  0x00,  0x00,  0xE0,  0x00,  0x1C,  0x00,
  0x03,  0x80,  0x00,  0x70,  0x00,  0x0E,  0x00,  0x01,
  0xC0,  0x00,  0x38,  0x00,  0x07,  0x00,  0x00,  0xE0,
  0x00,  0x1C,  0x00,  0x03,  0x80,  0x00,  0x70,  0x00,
  0x0E,  0x00,  0x01,  0xC0,  0x00,  0x38,  0x00,  0x07,
  0x00,  0x00,  0xE0,  0x00,  0x1C,  0x00,  0x03,  0x80,
  0x00,  0x70,  0x00,  0x0E,  0x00,  0x01,  0xC0,  0x00,
  0x38,  0x00,  0x07,  0x00,  0x00,  0xE0,  0x00,  0x1C,
  0x00,  0x03,  0x80,  0x00,  0x00,  0x00,  0x00,  0x00,
  0x00,  0x00,  0x00,  0x00,  0x00,  0x00,  0x00,  0x00,
  0x00,  0x00,  0x00,  0x00,  0x00,  0x00,  0x00
};

const UCHAR abc_fontArialNarrow50h_0394[ 150] = { /* code 0394 */
  0x00,  0x00,  0x00,  0x00,  0x00,  0x00,  0x00,  0x00,
  0x00,  0x00,  0x00,  0x00,  0x00,  0x00,  0x00,  0x00,
  0x00,  0x00,  0x00,  0x00,  0x00,  0x00,  0x00,  0x00,
  0x00,  0x00,  0x00,  0x00,  0x00,  0x00,  0x00,  0x00,
  0x00,  0x00,  0x38,  0x00,  0x00,  0x7C,  0x00,  0x00,
  0x7C,  0x00,  0x00,  0x6C,  0x00,  0x00,  0xEE,  0x00,
  0x00,  0xEE,  0x00,  0x00,  0xEE,  0x00,  0x00,  0xE7,
  0x00,  0x01,  0xC7,  0x00,  0x01,  0xC7,  0x00,  0x01,
  0xC3,  0x80,  0x03,  0x83,  0x80,  0x03,  0x83,  0x80,
  0x03,  0x81,  0xC0,  0x07,  0x01,  0xC0,  0x07,  0x01,
  0xC0,  0x07,  0x00,  0xE0,  0x0E,  0x00,  0xE0,  0x0E,
  0x00,  0xF0,  0x0E,  0x00,  0x70,  0x1C,  0x00,  0x70,
  0x1C,  0x00,  0x38,  0x1C,  0x00,  0x38,  0x3C,  0x00,
  0x38,  0x38,  0x00,  0x1C,  0x38,  0x00,  0x1C,  0x78,
  0x00,  0x1C,  0x70,  0x00,  0x0E,  0x7F,  0xFF,  0xFE,
  0xFF,  0xFF,  0xFE,  0xFF,  0xFF,  0xFF,  0x00,  0x00,
  0x00,  0x00,  0x00,  0x00,  0x00,  0x00,  0x00,  0x00,
  0x00,  0x00,  0x00,  0x00,  0x00,  0x00,  0x00,  0x00,
  0x00,  0x00,  0x00,  0x00,  0x00,  0x00
};

const UCHAR abc_fontArialNarrow50h_0395[ 150] = { /* code 0395 */
  0x00,  0x00,  0x00,  0x00,  0x00,  0x00,  0x00,  0x00,
  0x00,  0x00,  0x00,  0x00,  0x00,  0x00,  0x00,  0x00,
  0x00,  0x00,  0x00,  0x00,  0x00,  0x00,  0x00,  0x00,
  0x00,  0x00,  0x00,  0x00,  0x00,  0x00,  0x00,  0x00,
  0x00,  0x1F,  0xFF,  0xFC,  0x1F,  0xFF,  0xFC,  0x1F,
  0xFF,  0xFC,  0x1C,  0x00,  0x00,  0x1C,  0x00,  0x00,
  0x1C,  0x00,  0x00,  0x1C,  0x00,  0x00,  0x1C,  0x00,
  0x00,  0x1C,  0x00,  0x00,  0x1C,  0x00,  0x00,  0x1C,
  0x00,  0x00,  0x1C,  0x00,  0x00,  0x1C,  0x00,  0x00,
  0x1C,  0x00,  0x00,  0x1F,  0xFF,  0xF8,  0x1F,  0xFF,
  0xF8,  0x1F,  0xFF,  0xF8,  0x1C,  0x00,  0x00,  0x1C,
  0x00,  0x00,  0x1C,  0x00,  0x00,  0x1C,  0x00,  0x00,
  0x1C,  0x00,  0x00,  0x1C,  0x00,  0x00,  0x1C,  0x00,
  0x00,  0x1C,  0x00,  0x00,  0x1C,  0x00,  0x00,  0x1C,
  0x00,  0x00,  0x1C,  0x00,  0x00,  0x1F,  0xFF,  0xFC,
  0x1F,  0xFF,  0xFC,  0x1F,  0xFF,  0xFC,  0x00,  0x00,
  0x00,  0x00,  0x00,  0x00,  0x00,  0x00,  0x00,  0x00,
  0x00,  0x00,  0x00,  0x00,  0x00,  0x00,  0x00,  0x00,
  0x00,  0x00,  0x00,  0x00,  0x00,  0x00
};

const UCHAR abc_fontArialNarrow50h_0397[ 157] = { /* code 0397 */
  0x00,  0x00,  0x00,  0x00,  0x00,  0x00,  0x00,  0x00,
  0x00,  0x00,  0x00,  0x00,  0x00,  0x00,  0x00,  0x00,
  0x00,  0x00,  0x00,  0x00,  0x00,  0x00,  0x00,  0x00,
  0x00,  0x00,  0x00,  0x00,  0x00,  0x00,  0x00,  0x00,
  0x00,  0x00,  0x03,  0x80,  0x03,  0x81,  0xC0,  0x01,
  0xC0,  0xE0,  0x00,  0xE0,  0x70,  0x00,  0x70,  0x38,
  0x00,  0x38,  0x1C,  0x00,  0x1C,  0x0E,  0x00,  0x0E,
  0x07,  0x00,  0x07,  0x03,  0x80,  0x03,  0x81,  0xC0,
  0x01,  0xC0,  0xE0,  0x00,  0xE0,  0x70,  0x00,  0x70,
  0x38,  0x00,  0x38,  0x1F,  0xFF,  0xFC,  0x0F,  0xFF,
  0xFE,  0x07,  0xFF,  0xFF,  0x03,  0x80,  0x03,  0x81,
  0xC0,  0x01,  0xC0,  0xE0,  0x00,  0xE0,  0x70,  0x00,
  0x70,  0x38,  0x00,  0x38,  0x1C,  0x00,  0x1C,  0x0E,
  0x00,  0x0E,  0x07,  0x00,  0x07,  0x03,  0x80,  0x03,
  0x81,  0xC0,  0x01,  0xC0,  0xE0,  0x00,  0xE0,  0x70,
  0x00,  0x70,  0x38,  0x00,  0x38,  0x1C,  0x00,  0x1C,
  0x0E,  0x00,  0x0E,  0x00,  0x00,  0x00,  0x00,  0x00,
  0x00,  0x00,  0x00,  0x00,  0x00,  0x00,  0x00,  0x00,
  0x00,  0x00,  0x00,  0x00,  0x00,  0x00,  0x00,  0x00,
  0x00,  0x00,  0x00,  0x00,  0x00
};

const UCHAR abc_fontArialNarrow50h_0399[  63] = { /* code 0399 */
  0x00,  0x00,  0x00,  0x00,  0x00,  0x00,  0x00,  0x00,
  0x00,  0x00,  0x00,  0x00,  0x00,  0x00,  0x70,  0x1C,
  0x07,  0x01,  0xC0,  0x70,  0x1C,  0x07,  0x01,  0xC0,
  0x70,  0x1C,  0x07,  0x01,  0xC0,  0x70,  0x1C,  0x07,
  0x01,  0xC0,  0x70,  0x1C,  0x07,  0x01,  0xC0,  0x70,
  0x1C,  0x07,  0x01,  0xC0,  0x70,  0x1C,  0x07,  0x01,
  0xC0,  0x70,  0x1C,  0x07,  0x00,  0x00,  0x00,  0x00,
  0x00,  0x00,  0x00,  0x00,  0x00,  0x00,  0x00
};

const UCHAR abc_fontArialNarrow50h_039B[ 150] = { /* code 039B */
  0x00,  0x00,  0x00,  0x00,  0x00,  0x00,  0x00,  0x00,
  0x00,  0x00,  0x00,  0x00,  0x00,  0x00,  0x00,  0x00,
  0x00,  0x00,  0x00,  0x00,  0x00,  0x00,  0x00,  0x00,
  0x00,  0x00,  0x00,  0x00,  0x00,  0x00,  0x00,  0x00,
  0x00,  0x00,  0x7C,  0x00,  0x00,  0x7C,  0x00,  0x00,
  0x7C,  0x00,  0x00,  0xEE,  0x00,  0x00,  0xEE,  0x00,
  0x00,  0xEE,  0x00,  0x00,  0xEE,  0x00,  0x01,  0xC7,
  0x00,  0x01,  0xC7,  0x00,  0x01,  0xC7,  0x00,  0x03,
  0x83,  0x80,  0x03,  0x83,  0x80,  0x03,  0x83,  0x80,
  0x07,  0x83,  0xC0,  0x07,  0x01,  0xC0,  0x07,  0x01,
  0xC0,  0x0F,  0x01,  0xE0,  0x0E,  0x00,  0xE0,  0x0E,
  0x00,  0xE0,  0x0E,  0x00,  0xE0,  0x1C,  0x00,  0x70,
  0x1C,  0x00,  0x70,  0x1C,  0x00,  0x70,  0x38,  0x00,
  0x38,  0x38,  0x00,  0x38,  0x38,  0x00,  0x38,  0x78,
  0x00,  0x3C,  0x70,  0x00,  0x1C,  0x70,  0x00,  0x1C,
  0xF0,  0x00,  0x1E,  0xE0,  0x00,  0x0E,  0x00,  0x00,
  0x00,  0x00,  0x00,  0x00,  0x00,  0x00,  0x00,  0x00,
  0x00,  0x00,  0x00,  0x00,  0x00,  0x00,  0x00,  0x00,
  0x00,  0x00,  0x00,  0x00,  0x00,  0x00
};

const UCHAR abc_fontArialNarrow50h_039C[ 182] = { /* code 039C */
  0x00,  0x00,  0x00,  0x00,  0x00,  0x00,  0x00,  0x00,
  0x00,  0x00,  0x00,  0x00,  0x00,  0x00,  0x00,  0x00,
  0x00,  0x00,  0x00,  0x00,  0x00,  0x00,  0x00,  0x00,
  0x00,  0x00,  0x00,  0x00,  0x00,  0x00,  0x00,  0x00,
  0x00,  0x00,  0x00,  0x00,  0x00,  0x00,  0x00,  0x00,
  0x3E,  0x00,  0x07,  0x81,  0xF0,  0x00,  0x7C,  0x0F,
  0x80,  0x03,  0xE0,  0x7E,  0x00,  0x1F,  0x03,  0xF0,
  0x00,  0xF8,  0x1F,  0x80,  0x0F,  0xC0,  0xFC,  0x00,
  0x7E,  0x07,  0x70,  0x03,  0xF0,  0x3B,  0x80,  0x3F,
  0x81,  0xDC,  0x01,  0xDC,  0x0E,  0xE0,  0x0E,  0xE0,
  0x73,  0x80,  0x77,  0x03,  0x9C,  0x07,  0x38,  0x1C,
  0xE0,  0x39,  0xC0,  0xE7,  0x01,  0xCE,  0x07,  0x1C,
  0x1E,  0x70,  0x38,  0xE0,  0xE3,  0x81,  0xC7,  0x07,
  0x1C,  0x0E,  0x38,  0x38,  0xE0,  0x70,  0xE3,  0xC7,
  0x03,  0x87,  0x1C,  0x38,  0x1C,  0x38,  0xE1,  0xC0,
  0xE1,  0xE7,  0x0E,  0x07,  0x07,  0x70,  0x70,  0x38,
  0x3B,  0x83,  0x81,  0xC1,  0xDC,  0x1C,  0x0E,  0x0E,
  0xE0,  0xE0,  0x70,  0x3E,  0x07,  0x03,  0x81,  0xF0,
  0x38,  0x1C,  0x0F,  0x81,  0xC0,  0xE0,  0x7C,  0x0E,
  0x00,  0x00,  0x00,  0x00,  0x00,  0x00,  0x00,  0x00,
  0x00,  0x00,  0x00,  0x00,  0x00,  0x00,  0x00,  0x00,
  0x00,  0x00,  0x00,  0x00,  0x00,  0x00,  0x00,  0x00,
  0x00,  0x00,  0x00,  0x00,  0x00,  0x00
};

const UCHAR abc_fontArialNarrow50h_039D[ 157] = { /* code 039D */
  0x00,  0x00,  0x00,  0x00,  0x00,  0x00,  0x00,  0x00,
  0x00,  0x00,  0x00,  0x00,  0x00,  0x00,  0x00,  0x00,
  0x00,  0x00,  0x00,  0x00,  0x00,  0x00,  0x00,  0x00,
  0x00,  0x00,  0x00,  0x00,  0x00,  0x00,  0x00,  0x00,
  0x00,  0x00,  0x03,  0x80,  0x03,  0x81,  0xE0,  0x01,
  0xC0,  0xF0,  0x00,  0xE0,  0x7C,  0x00,  0x70,  0x3E,
  0x00,  0x38,  0x1F,  0x80,  0x1C,  0x0F,  0xE0,  0x0E,
  0x07,  0x70,  0x07,  0x03,  0xBC,  0x03,  0x81,  0xCE,
  0x01,  0xC0,  0xE7,  0x80,  0xE0,  0x71,  0xC0,  0x70,
  0x38,  0xF0,  0x38,  0x1C,  0x38,  0x1C,  0x0E,  0x1E,
  0x0E,  0x07,  0x07,  0x07,  0x03,  0x83,  0xC3,  0x81,
  0xC0,  0xE1,  0xC0,  0xE0,  0x78,  0xE0,  0x70,  0x1C,
  0x70,  0x38,  0x0F,  0x38,  0x1C,  0x03,  0x9C,  0x0E,
  0x01,  0xEE,  0x07,  0x00,  0x77,  0x03,  0x80,  0x3F,
  0x81,  0xC0,  0x0F,  0xC0,  0xE0,  0x07,  0xE0,  0x70,
  0x01,  0xF0,  0x38,  0x00,  0x78,  0x1C,  0x00,  0x3C,
  0x0E,  0x00,  0x0E,  0x00,  0x00,  0x00,  0x00,  0x00,
  0x00,  0x00,  0x00,  0x00,  0x00,  0x00,  0x00,  0x00,
  0x00,  0x00,  0x00,  0x00,  0x00,  0x00,  0x00,  0x00,
  0x00,  0x00,  0x00,  0x00,  0x00
};

const UCHAR abc_fontArialNarrow50h_039E[ 144] = { /* code 039E */
  0x00,  0x00,  0x00,  0x00,  0x00,  0x00,  0x00,  0x00,
  0x00,  0x00,  0x00,  0x00,  0x00,  0x00,  0x00,  0x00,
  0x00,  0x00,  0x00,  0x00,  0x00,  0x00,  0x00,  0x00,
  0x00,  0x00,  0x00,  0x00,  0x00,  0x00,  0x00,  0x01,
  0xFF,  0xFF,  0xC3,  0xFF,  0xFF,  0x87,  0xFF,  0xFF,
  0x00,  0x00,  0x00,  0x00,  0x00,  0x00,  0x00,  0x00,
  0x00,  0x00,  0x00,  0x00,  0x00,  0x00,  0x00,  0x00,
  0x00,  0x00,  0x00,  0x00,  0x00,  0x00,  0x00,  0x00,
  0x00,  0x00,  0x00,  0x00,  0x00,  0x00,  0x00,  0x00,
  0x1F,  0xFF,  0xC0,  0x3F,  0xFF,  0x80,  0x7F,  0xFF,
  0x00,  0x00,  0x00,  0x00,  0x00,  0x00,  0x00,  0x00,
  0x00,  0x00,  0x00,  0x00,  0x00,  0x00,  0x00,  0x00,
  0x00,  0x00,  0x00,  0x00,  0x00,  0x00,  0x00,  0x00,
  0x00,  0x00,  0x00,  0x00,  0x00,  0x00,  0x00,  0x00,
  0x1F,  0xFF,  0xFC,  0x3F,  0xFF,  0xF8,  0x7F,  0xFF,
  0xF0,  0x00,  0x00,  0x00,  0x00,  0x00,  0x00,  0x00,
  0x00,  0x00,  0x00,  0x00,  0x00,  0x00,  0x00,  0x00,
  0x00,  0x00,  0x00,  0x00,  0x00,  0x00,  0x00,  0x00
};

const UCHAR abc_fontArialNarrow50h_039F[ 169] = { /* code 039F */
  0x00,  0x00,  0x00,  0x00,  0x00,  0x00,  0x00,  0x00,
  0x00,  0x00,  0x00,  0x00,  0x00,  0x00,  0x00,  0x00,
  0x00,  0x00,  0x00,  0x00,  0x00,  0x00,  0x00,  0x00,
  0x00,  0x00,  0x00,  0x00,  0x00,  0x00,  0x00,  0x00,
  0x00,  0x00,  0x00,  0x00,  0x00,  0x00,  0x1F,  0x80,
  0x00,  0x1F,  0xFE,  0x00,  0x07,  0xFF,  0xE0,  0x01,
  0xF0,  0x3E,  0x00,  0x78,  0x01,  0xE0,  0x1E,  0x00,
  0x1E,  0x03,  0x80,  0x01,  0xC0,  0xF0,  0x00,  0x3C,
  0x1C,  0x00,  0x03,  0x83,  0x80,  0x00,  0x70,  0x70,
  0x00,  0x0E,  0x1C,  0x00,  0x00,  0xE3,  0x80,  0x00,
  0x1C,  0x70,  0x00,  0x03,  0x8E,  0x00,  0x00,  0x71,
  0xC0,  0x00,  0x0E,  0x38,  0x00,  0x01,  0xC7,  0x00,
  0x00,  0x38,  0xE0,  0x00,  0x07,  0x1C,  0x00,  0x00,
  0xE3,  0xC0,  0x00,  0x38,  0x38,  0x00,  0x07,  0x07,
  0x00,  0x00,  0xE0,  0xF0,  0x00,  0x3C,  0x0E,  0x00,
  0x07,  0x00,  0xE0,  0x01,  0xE0,  0x1E,  0x00,  0x78,
  0x01,  0xF0,  0x3E,  0x00,  0x1F,  0xFF,  0x80,  0x01,
  0xFF,  0xE0,  0x00,  0x07,  0xE0,  0x00,  0x00,  0x00,
  0x00,  0x00,  0x00,  0x00,  0x00,  0x00,  0x00,  0x00,
  0x00,  0x00,  0x00,  0x00,  0x00,  0x00,  0x00,  0x00,
  0x00,  0x00,  0x00,  0x00,  0x00,  0x00,  0x00,  0x00,
  0x00
};

const UCHAR abc_fontArialNarrow50h_03A1[ 150] = { /* code 03A1 */
  0x00,  0x00,  0x00,  0x00,  0x00,  0x00,  0x00,  0x00,
  0x00,  0x00,  0x00,  0x00,  0x00,  0x00,  0x00,  0x00,
  0x00,  0x00,  0x00,  0x00,  0x00,  0x00,  0x00,  0x00,
  0x00,  0x00,  0x00,  0x00,  0x00,  0x00,  0x00,  0x00,
  0x00,  0x1F,  0xFF,  0x80,  0x1F,  0xFF,  0xE0,  0x1F,
  0xFF,  0xF0,  0x1C,  0x00,  0xF8,  0x1C,  0x00,  0x38,
  0x1C,  0x00,  0x3C,  0x1C,  0x00,  0x1C,  0x1C,  0x00,
  0x1C,  0x1C,  0x00,  0x1C,  0x1C,  0x00,  0x1C,  0x1C,
  0x00,  0x1C,  0x1C,  0x00,  0x1C,  0x1C,  0x00,  0x38,
  0x1C,  0x00,  0x78,  0x1C,  0x00,  0xF8,  0x1F,  0xFF,
  0xF0,  0x1F,  0xFF,  0xE0,  0x1F,  0xFF,  0x00,  0x1C,
  0x00,  0x00,  0x1C,  0x00,  0x00,  0x1C,  0x00,  0x00,
  0x1C,  0x00,  0x00,  0x1C,  0x00,  0x00,  0x1C,  0x00,
  0x00,  0x1C,  0x00,  0x00,  0x1C,  0x00,  0x00,  0x1C,
  0x00,  0x00,  0x1C,  0x00,  0x00,  0x1C,  0x00,  0x00,
  0x1C,  0x00,  0x00,  0x1C,  0x00,  0x00,  0x00,  0x00,
  0x00,  0x00,  0x00,  0x00,  0x00,  0x00,  0x00,  0x00,
  0x00,  0x00,  0x00,  0x00,  0x00,  0x00,  0x00,  0x00,
  0x00,  0x00,  0x00,  0x00,  0x00,  0x00
};

const UCHAR abc_fontArialNarrow50h_03A3[ 132] = { /* code 03A3 */
  0x00,  0x00,  0x00,  0x00,  0x00,  0x00,  0x00,  0x00,
  0x00,  0x00,  0x00,  0x00,  0x00,  0x00,  0x00,  0x00,
  0x00,  0x00,  0x00,  0x00,  0x00,  0x00,  0x00,  0x00,
  0x00,  0x00,  0x00,  0x00,  0x00,  0x7F,  0xFF,  0x83,
  0xFF,  0xFC,  0x1F,  0xFF,  0xE0,  0xE0,  0x00,  0x03,
  0x80,  0x00,  0x1E,  0x00,  0x00,  0x78,  0x00,  0x01,
  0xC0,  0x00,  0x0F,  0x00,  0x00,  0x3C,  0x00,  0x00,
  0xE0,  0x00,  0x07,  0x80,  0x00,  0x1E,  0x00,  0x00,
  0x70,  0x00,  0x01,  0xC0,  0x00,  0x1C,  0x00,  0x01,
  0xE0,  0x00,  0x0E,  0x00,  0x00,  0xF0,  0x00,  0x07,
  0x00,  0x00,  0x70,  0x00,  0x07,  0x80,  0x00,  0x38,
  0x00,  0x03,  0xC0,  0x00,  0x1C,  0x00,  0x01,  0xC0,
  0x00,  0x0E,  0x00,  0x00,  0xE0,  0x00,  0x07,  0xFF,
  0xFC,  0x3F,  0xFF,  0xE1,  0xFF,  0xFF,  0x00,  0x00,
  0x00,  0x00,  0x00,  0x00,  0x00,  0x00,  0x00,  0x00,
  0x00,  0x00,  0x00,  0x00,  0x00,  0x00,  0x00,  0x00,
  0x00,  0x00,  0x00,  0x00
};

const UCHAR abc_fontArialNarrow50h_03A4[ 138] = { /* code 03A4 */
  0x00,  0x00,  0x00,  0x00,  0x00,  0x00,  0x00,  0x00,
  0x00,  0x00,  0x00,  0x00,  0x00,  0x00,  0x00,  0x00,
  0x00,  0x00,  0x00,  0x00,  0x00,  0x00,  0x00,  0x00,
  0x00,  0x00,  0x00,  0x00,  0x00,  0x00,  0x1F,  0xFF,
  0xFC,  0x7F,  0xFF,  0xF1,  0xFF,  0xFF,  0xC0,  0x07,
  0x00,  0x00,  0x1C,  0x00,  0x00,  0x70,  0x00,  0x01,
  0xC0,  0x00,  0x07,  0x00,  0x00,  0x1C,  0x00,  0x00,
  0x70,  0x00,  0x01,  0xC0,  0x00,  0x07,  0x00,  0x00,
  0x1C,  0x00,  0x00,  0x70,  0x00,  0x01,  0xC0,  0x00,
  0x07,  0x00,  0x00,  0x1C,  0x00,  0x00,  0x70,  0x00,
  0x01,  0xC0,  0x00,  0x07,  0x00,  0x00,  0x1C,  0x00,
  0x00,  0x70,  0x00,  0x01,  0xC0,  0x00,  0x07,  0x00,
  0x00,  0x1C,  0x00,  0x00,  0x70,  0x00,  0x01,  0xC0,
  0x00,  0x07,  0x00,  0x00,  0x1C,  0x00,  0x00,  0x70,
  0x00,  0x01,  0xC0,  0x00,  0x00,  0x00,  0x00,  0x00,
  0x00,  0x00,  0x00,  0x00,  0x00,  0x00,  0x00,  0x00,
  0x00,  0x00,  0x00,  0x00,  0x00,  0x00,  0x00,  0x00,
  0x00,  0x00
};

const UCHAR abc_fontArialNarrow50h_03A5[ 150] = { /* code 03A5 */
  0x00,  0x00,  0x00,  0x00,  0x00,  0x00,  0x00,  0x00,
  0x00,  0x00,  0x00,  0x00,  0x00,  0x00,  0x00,  0x00,
  0x00,  0x00,  0x00,  0x00,  0x00,  0x00,  0x00,  0x00,
  0x00,  0x00,  0x00,  0x00,  0x00,  0x00,  0x00,  0x00,
  0x00,  0xF0,  0x00,  0x1E,  0x70,  0x00,  0x1C,  0x78,
  0x00,  0x3C,  0x38,  0x00,  0x38,  0x1C,  0x00,  0x70,
  0x1C,  0x00,  0x70,  0x0E,  0x00,  0xE0,  0x0F,  0x01,
  0xE0,  0x07,  0x01,  0xC0,  0x07,  0x83,  0xC0,  0x03,
  0x83,  0x80,  0x03,  0xC7,  0x80,  0x01,  0xC7,  0x00,
  0x00,  0xEE,  0x00,  0x00,  0xEE,  0x00,  0x00,  0x7C,
  0x00,  0x00,  0x7C,  0x00,  0x00,  0x38,  0x00,  0x00,
  0x38,  0x00,  0x00,  0x38,  0x00,  0x00,  0x38,  0x00,
  0x00,  0x38,  0x00,  0x00,  0x38,  0x00,  0x00,  0x38,
  0x00,  0x00,  0x38,  0x00,  0x00,  0x38,  0x00,  0x00,
  0x38,  0x00,  0x00,  0x38,  0x00,  0x00,  0x38,  0x00,
  0x00,  0x38,  0x00,  0x00,  0x38,  0x00,  0x00,  0x00,
  0x00,  0x00,  0x00,  0x00,  0x00,  0x00,  0x00,  0x00,
  0x00,  0x00,  0x00,  0x00,  0x00,  0x00,  0x00,  0x00,
  0x00,  0x00,  0x00,  0x00,  0x00,  0x00
};

const UCHAR abc_fontArialNarrow50h_03AC[ 132] = { /* code 03AC */
  0x00,  0x00,  0x00,  0x00,  0x00,  0x00,  0x00,  0x00,
  0x00,  0x00,  0x00,  0x00,  0x00,  0x00,  0x00,  0x00,
  0x00,  0x00,  0x00,  0x00,  0x00,  0x00,  0x00,  0x00,
  0x00,  0x00,  0x00,  0x00,  0x00,  0x00,  0xE0,  0x00,
  0x0E,  0x00,  0x00,  0x70,  0x00,  0x03,  0x00,  0x00,
  0x38,  0x00,  0x01,  0x80,  0x00,  0x00,  0x00,  0x00,
  0x00,  0x00,  0x00,  0x00,  0x00,  0x3F,  0x0E,  0x03,
  0xFE,  0x70,  0x3F,  0xFB,  0x83,  0xC1,  0xF8,  0x3C,
  0x07,  0xC1,  0xC0,  0x1E,  0x0E,  0x00,  0xF0,  0xE0,
  0x03,  0x87,  0x00,  0x1C,  0x38,  0x00,  0xE1,  0xC0,
  0x07,  0x0E,  0x00,  0x38,  0x70,  0x01,  0xC3,  0x80,
  0x0E,  0x1C,  0x00,  0x70,  0x70,  0x07,  0x83,  0x80,
  0x3C,  0x1E,  0x03,  0xE0,  0x78,  0x3F,  0x01,  0xFF,
  0x9C,  0x07,  0xF8,  0xE0,  0x1F,  0x87,  0x00,  0x00,
  0x00,  0x00,  0x00,  0x00,  0x00,  0x00,  0x00,  0x00,
  0x00,  0x00,  0x00,  0x00,  0x00,  0x00,  0x00,  0x00,
  0x00,  0x00,  0x00,  0x00
};

const UCHAR abc_fontArialNarrow50h_03AD[  94] = { /* code 03AD */
  0x00,  0x00,  0x00,  0x00,  0x00,  0x00,  0x00,  0x00,
  0x00,  0x00,  0x00,  0x00,  0x00,  0x00,  0x00,  0x00,
  0x00,  0x00,  0x00,  0x00,  0x00,  0x0E,  0x00,  0x38,
  0x00,  0x70,  0x00,  0xC0,  0x03,  0x80,  0x06,  0x00,
  0x00,  0x00,  0x00,  0x00,  0x00,  0x00,  0xFC,  0x03,
  0xFE,  0x0F,  0xFE,  0x3C,  0x38,  0x70,  0x20,  0xE0,
  0x01,  0xC0,  0x03,  0x80,  0x03,  0xC0,  0x03,  0xF0,
  0x03,  0xE0,  0x1F,  0xC0,  0x3C,  0x00,  0xF0,  0x01,
  0xC0,  0x03,  0x80,  0x07,  0x01,  0x0F,  0x07,  0x0E,
  0x1F,  0x1F,  0xFC,  0x1F,  0xF0,  0x1F,  0x80,  0x00,
  0x00,  0x00,  0x00,  0x00,  0x00,  0x00,  0x00,  0x00,
  0x00,  0x00,  0x00,  0x00,  0x00,  0x00
};

const UCHAR abc_fontArialNarrow50h_03AE[ 125] = { /* code 03AE */
  0x00,  0x00,  0x00,  0x00,  0x00,  0x00,  0x00,  0x00,
  0x00,  0x00,  0x00,  0x00,  0x00,  0x00,  0x00,  0x00,
  0x00,  0x00,  0x00,  0x00,  0x00,  0x00,  0x00,  0x00,
  0x00,  0x00,  0x00,  0x00,  0x07,  0x00,  0x00,  0xE0,
  0x00,  0x0E,  0x00,  0x00,  0xC0,  0x00,  0x1C,  0x00,
  0x01,  0x80,  0x00,  0x00,  0x00,  0x00,  0x00,  0x00,
  0x00,  0x00,  0x38,  0xF8,  0x03,  0x9F,  0xE0,  0x3B,
  0xFF,  0x03,  0xF0,  0xF0,  0x3E,  0x07,  0x83,  0xC0,
  0x38,  0x3C,  0x03,  0x83,  0x80,  0x38,  0x38,  0x03,
  0x83,  0x80,  0x38,  0x38,  0x03,  0x83,  0x80,  0x38,
  0x38,  0x03,  0x83,  0x80,  0x38,  0x38,  0x03,  0x83,
  0x80,  0x38,  0x38,  0x03,  0x83,  0x80,  0x38,  0x38,
  0x03,  0x83,  0x80,  0x38,  0x38,  0x03,  0x83,  0x80,
  0x38,  0x00,  0x03,  0x80,  0x00,  0x38,  0x00,  0x03,
  0x80,  0x00,  0x38,  0x00,  0x03,  0x80,  0x00,  0x38,
  0x00,  0x03,  0x80,  0x00,  0x38
};

const UCHAR abc_fontArialNarrow50h_03AF[  63] = { /* code 03AF */
  0x00,  0x00,  0x00,  0x00,  0x00,  0x00,  0x00,  0x00,
  0x00,  0x00,  0x00,  0x00,  0x00,  0x00,  0x38,  0x1C,
  0x07,  0x01,  0x80,  0xE0,  0x30,  0x00,  0x00,  0x00,
  0x00,  0x1C,  0x07,  0x01,  0xC0,  0x70,  0x1C,  0x07,
  0x01,  0xC0,  0x70,  0x1C,  0x07,  0x01,  0xC0,  0x70,
  0x1C,  0x07,  0x01,  0xC0,  0x70,  0x1C,  0x07,  0x01,
  0xC0,  0x70,  0x1C,  0x07,  0x00,  0x00,  0x00,  0x00,
  0x00,  0x00,  0x00,  0x00,  0x00,  0x00,  0x00
};

const UCHAR abc_fontArialNarrow50h_03B1[ 132] = { /* code 03B1 */
  0x00,  0x00,  0x00,  0x00,  0x00,  0x00,  0x00,  0x00,
  0x00,  0x00,  0x00,  0x00,  0x00,  0x00,  0x00,  0x00,
  0x00,  0x00,  0x00,  0x00,  0x00,  0x00,  0x00,  0x00,
  0x00,  0x00,  0x00,  0x00,  0x00,  0x00,  0x00,  0x00,
  0x00,  0x00,  0x00,  0x00,  0x00,  0x00,  0x00,  0x00,
  0x00,  0x00,  0x00,  0x00,  0x00,  0x00,  0x00,  0x00,
  0x00,  0x00,  0x00,  0x00,  0x00,  0x3F,  0x0E,  0x03,
  0xFE,  0x70,  0x3F,  0xFB,  0x83,  0xC1,  0xF8,  0x3C,
  0x07,  0xC1,  0xC0,  0x1E,  0x0E,  0x00,  0xF0,  0xE0,
  0x03,  0x87,  0x00,  0x1C,  0x38,  0x00,  0xE1,  0xC0,
  0x07,  0x0E,  0x00,  0x38,  0x70,  0x01,  0xC3,  0x80,
  0x0E,  0x1C,  0x00,  0x70,  0x70,  0x07,  0x83,  0x80,
  0x3C,  0x1E,  0x03,  0xE0,  0x78,  0x3F,  0x01,  0xFF,
  0x9C,  0x07,  0xF8,  0xE0,  0x1F,  0x87,  0x00,  0x00,
  0x00,  0x00,  0x00,  0x00,  0x00,  0x00,  0x00,  0x00,
  0x00,  0x00,  0x00,  0x00,  0x00,  0x00,  0x00,  0x00,
  0x00,  0x00,  0x00,  0x00
};

const UCHAR abc_fontArialNarrow50h_03B2[ 125] = { /* code 03B2 */
  0x00,  0x00,  0x00,  0x00,  0x00,  0x00,  0x00,  0x00,
  0x00,  0x00,  0x00,  0x00,  0x00,  0x00,  0x00,  0x00,
  0x00,  0x00,  0x00,  0x00,  0x00,  0x00,  0x00,  0x00,
  0x00,  0x00,  0x00,  0x00,  0x1F,  0x80,  0x07,  0xFC,
  0x00,  0xFF,  0xE0,  0x1F,  0x0F,  0x01,  0xC0,  0x70,
  0x1C,  0x03,  0x83,  0x80,  0x38,  0x38,  0x03,  0x83,
  0x80,  0x38,  0x38,  0x03,  0x83,  0x80,  0x70,  0x38,
  0x07,  0x03,  0x81,  0xE0,  0x38,  0xFC,  0x03,  0x8F,
  0x80,  0x38,  0xFF,  0x03,  0x80,  0xF8,  0x38,  0x03,
  0xC3,  0x80,  0x1C,  0x38,  0x01,  0xE3,  0x80,  0x0E,
  0x38,  0x00,  0xE3,  0x80,  0x0E,  0x38,  0x00,  0xE3,
  0xC0,  0x0E,  0x3C,  0x01,  0xC3,  0xE0,  0x3C,  0x3F,
  0x87,  0xC3,  0xBF,  0xF8,  0x39,  0xFF,  0x03,  0x8F,
  0xC0,  0x38,  0x00,  0x03,  0x80,  0x00,  0x38,  0x00,
  0x03,  0x80,  0x00,  0x38,  0x00,  0x03,  0x80,  0x00,
  0x38,  0x00,  0x03,  0x80,  0x00
};

const UCHAR abc_fontArialNarrow50h_03B3[ 113] = { /* code 03B3 */
  0x00,  0x00,  0x00,  0x00,  0x00,  0x00,  0x00,  0x00,
  0x00,  0x00,  0x00,  0x00,  0x00,  0x00,  0x00,  0x00,
  0x00,  0x00,  0x00,  0x00,  0x00,  0x00,  0x00,  0x00,
  0x00,  0x00,  0x00,  0x00,  0x00,  0x00,  0x00,  0x00,
  0x00,  0x00,  0x00,  0x00,  0x00,  0x00,  0x00,  0x00,
  0x00,  0x00,  0x00,  0x00,  0x00,  0xE0,  0x03,  0xBC,
  0x01,  0xE7,  0x00,  0x71,  0xC0,  0x1C,  0x78,  0x0F,
  0x0E,  0x03,  0x83,  0x80,  0xE0,  0xE0,  0x78,  0x1C,
  0x1C,  0x07,  0x07,  0x01,  0xC1,  0xC0,  0x38,  0xE0,
  0x0E,  0x38,  0x03,  0x8E,  0x00,  0x77,  0x00,  0x1D,
  0xC0,  0x07,  0x70,  0x00,  0xF8,  0x00,  0x3E,  0x00,
  0x0F,  0x80,  0x01,  0xC0,  0x00,  0x70,  0x00,  0x1C,
  0x00,  0x07,  0x00,  0x01,  0xC0,  0x00,  0x70,  0x00,
  0x1C,  0x00,  0x07,  0x00,  0x01,  0xC0,  0x00,  0x70,
  0x00
};

const UCHAR abc_fontArialNarrow50h_03B4[ 125] = { /* code 03B4 */
  0x00,  0x00,  0x00,  0x00,  0x00,  0x00,  0x00,  0x00,
  0x00,  0x00,  0x00,  0x00,  0x00,  0x00,  0x00,  0x00,
  0x00,  0x00,  0x00,  0x00,  0x00,  0x00,  0x00,  0x00,
  0x00,  0x00,  0x00,  0x01,  0xFF,  0xF8,  0x1F,  0xFF,
  0x81,  0xFF,  0xF8,  0x0E,  0x00,  0x00,  0x70,  0x00,
  0x07,  0x80,  0x00,  0x3C,  0x00,  0x01,  0xE0,  0x00,
  0x0F,  0x00,  0x03,  0xF8,  0x00,  0x7F,  0xC0,  0x0F,
  0xFE,  0x01,  0xE0,  0xF0,  0x3C,  0x07,  0x03,  0x80,
  0x38,  0x38,  0x03,  0x87,  0x00,  0x1C,  0x70,  0x01,
  0xC7,  0x00,  0x1C,  0x70,  0x01,  0xC7,  0x00,  0x1C,
  0x70,  0x01,  0xC7,  0x00,  0x1C,  0x70,  0x01,  0xC3,
  0x80,  0x38,  0x38,  0x03,  0x83,  0xC0,  0x78,  0x1E,
  0x0F,  0x00,  0xFF,  0xE0,  0x07,  0xFC,  0x00,  0x1F,
  0x00,  0x00,  0x00,  0x00,  0x00,  0x00,  0x00,  0x00,
  0x00,  0x00,  0x00,  0x00,  0x00,  0x00,  0x00,  0x00,
  0x00,  0x00,  0x00,  0x00,  0x00
};

const UCHAR abc_fontArialNarrow50h_03B5[  94] = { /* code 03B5 */
  0x00,  0x00,  0x00,  0x00,  0x00,  0x00,  0x00,  0x00,
  0x00,  0x00,  0x00,  0x00,  0x00,  0x00,  0x00,  0x00,
  0x00,  0x00,  0x00,  0x00,  0x00,  0x00,  0x00,  0x00,
  0x00,  0x00,  0x00,  0x00,  0x00,  0x00,  0x00,  0x00,
  0x00,  0x00,  0x00,  0x00,  0x00,  0x00,  0xFC,  0x03,
  0xFE,  0x0F,  0xFE,  0x3C,  0x38,  0x70,  0x20,  0xE0,
  0x01,  0xC0,  0x03,  0x80,  0x03,  0xC0,  0x03,  0xF0,
  0x03,  0xE0,  0x1F,  0xC0,  0x3C,  0x00,  0xF0,  0x01,
  0xC0,  0x03,  0x80,  0x07,  0x01,  0x0F,  0x07,  0x0E,
  0x1F,  0x1F,  0xFC,  0x1F,  0xF0,  0x1F,  0x80,  0x00,
  0x00,  0x00,  0x00,  0x00,  0x00,  0x00,  0x00,  0x00,
  0x00,  0x00,  0x00,  0x00,  0x00,  0x00
};

const UCHAR abc_fontArialNarrow50h_03B7[ 125] = { /* code 03B7 */
  0x00,  0x00,  0x00,  0x00,  0x00,  0x00,  0x00,  0x00,
  0x00,  0x00,  0x00,  0x00,  0x00,  0x00,  0x00,  0x00,
  0x00,  0x00,  0x00,  0x00,  0x00,  0x00,  0x00,  0x00,
  0x00,  0x00,  0x00,  0x00,  0x00,  0x00,  0x00,  0x00,
  0x00,  0x00,  0x00,  0x00,  0x00,  0x00,  0x00,  0x00,
  0x00,  0x00,  0x00,  0x00,  0x00,  0x00,  0x00,  0x00,
  0x00,  0x00,  0x38,  0xF8,  0x03,  0x9F,  0xE0,  0x3B,
  0xFF,  0x03,  0xF0,  0xF0,  0x3E,  0x07,  0x83,  0xC0,
  0x38,  0x3C,  0x03,  0x83,  0x80,  0x38,  0x38,  0x03,
  0x83,  0x80,  0x38,  0x38,  0x03,  0x83,  0x80,  0x38,
  0x38,  0x03,  0x83,  0x80,  0x38,  0x38,  0x03,  0x83,
  0x80,  0x38,  0x38,  0x03,  0x83,  0x80,  0x38,  0x38,
  0x03,  0x83,  0x80,  0x38,  0x38,  0x03,  0x83,  0x80,
  0x38,  0x00,  0x03,  0x80,  0x00,  0x38,  0x00,  0x03,
  0x80,  0x00,  0x38,  0x00,  0x03,  0x80,  0x00,  0x38,
  0x00,  0x03,  0x80,  0x00,  0x38
};

const UCHAR abc_fontArialNarrow50h_03B8[ 125] = { /* code 03B8 */
  0x00,  0x00,  0x00,  0x00,  0x00,  0x00,  0x00,  0x00,
  0x00,  0x00,  0x00,  0x00,  0x00,  0x00,  0x00,  0x00,
  0x00,  0x00,  0x00,  0x00,  0x00,  0x00,  0x00,  0x00,
  0x00,  0x00,  0x00,  0x00,  0x1F,  0x00,  0x07,  0xFC,
  0x00,  0xFF,  0xE0,  0x1E,  0x0F,  0x01,  0xC0,  0x70,
  0x3C,  0x07,  0x83,  0x80,  0x38,  0x38,  0x03,  0x83,
  0x80,  0x38,  0x70,  0x01,  0xC7,  0x00,  0x1C,  0x70,
  0x01,  0xC7,  0x00,  0x1C,  0x70,  0x01,  0xC7,  0xFF,
  0xFC,  0x7F,  0xFF,  0xC7,  0xFF,  0xFC,  0x70,  0x01,
  0xC7,  0x00,  0x1C,  0x70,  0x01,  0xC7,  0x00,  0x1C,
  0x70,  0x01,  0xC3,  0x80,  0x38,  0x38,  0x03,  0x83,
  0x80,  0x38,  0x3C,  0x07,  0x81,  0xC0,  0x70,  0x1F,
  0x1F,  0x00,  0xFF,  0xE0,  0x07,  0xFC,  0x00,  0x1F,
  0x00,  0x00,  0x00,  0x00,  0x00,  0x00,  0x00,  0x00,
  0x00,  0x00,  0x00,  0x00,  0x00,  0x00,  0x00,  0x00,
  0x00,  0x00,  0x00,  0x00,  0x00
};

const UCHAR abc_fontArialNarrow50h_03B9[  63] = { /* code 03B9 */
  0x00,  0x00,  0x00,  0x00,  0x00,  0x00,  0x00,  0x00,
  0x00,  0x00,  0x00,  0x00,  0x00,  0x00,  0x00,  0x00,
  0x00,  0x00,  0x00,  0x00,  0x00,  0x00,  0x00,  0x00,
  0x00,  0x1C,  0x07,  0x01,  0xC0,  0x70,  0x1C,  0x07,
  0x01,  0xC0,  0x70,  0x1C,  0x07,  0x01,  0xC0,  0x70,
  0x1C,  0x07,  0x01,  0xC0,  0x70,  0x1C,  0x07,  0x01,
  0xC0,  0x70,  0x1C,  0x07,  0x00,  0x00,  0x00,  0x00,
  0x00,  0x00,  0x00,  0x00,  0x00,  0x00,  0x00
};

const UCHAR abc_fontArialNarrow50h_03BA[ 113] = { /* code 03BA */
  0x00,  0x00,  0x00,  0x00,  0x00,  0x00,  0x00,  0x00,
  0x00,  0x00,  0x00,  0x00,  0x00,  0x00,  0x00,  0x00,
  0x00,  0x00,  0x00,  0x00,  0x00,  0x00,  0x00,  0x00,
  0x00,  0x00,  0x00,  0x00,  0x00,  0x00,  0x00,  0x00,
  0x00,  0x00,  0x00,  0x00,  0x00,  0x00,  0x00,  0x00,
  0x00,  0x00,  0x00,  0x00,  0x00,  0x38,  0x07,  0x8E,
  0x03,  0xC3,  0x81,  0xE0,  0xE0,  0xF0,  0x38,  0x78,
  0x0E,  0x3C,  0x03,  0x9E,  0x00,  0xEF,  0x00,  0x3F,
  0x80,  0x0F,  0xC0,  0x03,  0xF8,  0x00,  0xFF,  0x00,
  0x39,  0xC0,  0x0E,  0x38,  0x03,  0x8F,  0x00,  0xE1,
  0xE0,  0x38,  0x3C,  0x0E,  0x07,  0x03,  0x80,  0xE0,
  0xE0,  0x3C,  0x38,  0x07,  0x8E,  0x00,  0xF0,  0x00,
  0x00,  0x00,  0x00,  0x00,  0x00,  0x00,  0x00,  0x00,
  0x00,  0x00,  0x00,  0x00,  0x00,  0x00,  0x00,  0x00,
  0x00
};

const UCHAR abc_fontArialNarrow50h_03BB[ 113] = { /* code 03BB */
  0x00,  0x00,  0x00,  0x00,  0x00,  0x00,  0x00,  0x00,
  0x00,  0x00,  0x00,  0x00,  0x00,  0x00,  0x00,  0x00,
  0x00,  0x00,  0x00,  0x00,  0x00,  0x00,  0x00,  0x00,
  0x00,  0x38,  0x00,  0x0F,  0x00,  0x01,  0xC0,  0x00,
  0x70,  0x00,  0x1E,  0x00,  0x03,  0x80,  0x00,  0xE0,
  0x00,  0x3C,  0x00,  0x07,  0x00,  0x01,  0xC0,  0x00,
  0x70,  0x00,  0x3E,  0x00,  0x0F,  0x80,  0x03,  0xE0,
  0x01,  0xDC,  0x00,  0x77,  0x00,  0x1D,  0xC0,  0x0E,
  0x38,  0x03,  0x8E,  0x00,  0xE3,  0x80,  0x70,  0x70,
  0x1C,  0x1C,  0x07,  0x07,  0x03,  0x81,  0xE0,  0xE0,
  0x38,  0x38,  0x0E,  0x1E,  0x03,  0xC7,  0x00,  0x71,
  0xC0,  0x1C,  0xF0,  0x07,  0xB8,  0x00,  0xE0,  0x00,
  0x00,  0x00,  0x00,  0x00,  0x00,  0x00,  0x00,  0x00,
  0x00,  0x00,  0x00,  0x00,  0x00,  0x00,  0x00,  0x00,
  0x00
};

const UCHAR abc_fontArialNarrow50h_03BC[ 125] = { /* code 03BC */
  0x00,  0x00,  0x00,  0x00,  0x00,  0x00,  0x00,  0x00,
  0x00,  0x00,  0x00,  0x00,  0x00,  0x00,  0x00,  0x00,
  0x00,  0x00,  0x00,  0x00,  0x00,  0x00,  0x00,  0x00,
  0x00,  0x00,  0x00,  0x00,  0x00,  0x00,  0x00,  0x00,
  0x00,  0x00,  0x00,  0x00,  0x00,  0x00,  0x00,  0x00,
  0x00,  0x00,  0x00,  0x00,  0x00,  0x00,  0x00,  0x00,
  0x00,  0x00,  0x38,  0x03,  0x83,  0x80,  0x38,  0x38,
  0x03,  0x83,  0x80,  0x38,  0x38,  0x03,  0x83,  0x80,
  0x38,  0x38,  0x03,  0x83,  0x80,  0x38,  0x38,  0x03,
  0x83,  0x80,  0x38,  0x38,  0x03,  0x83,  0x80,  0x38,
  0x38,  0x03,  0x83,  0x80,  0x38,  0x38,  0x03,  0x83,
  0x80,  0x38,  0x3C,  0x07,  0x83,  0xC0,  0x78,  0x3F,
  0x1F,  0x83,  0xFF,  0xF8,  0x3B,  0xFB,  0x83,  0x9F,
  0x38,  0x38,  0x00,  0x03,  0x80,  0x00,  0x38,  0x00,
  0x03,  0x80,  0x00,  0x38,  0x00,  0x03,  0x80,  0x00,
  0x38,  0x00,  0x03,  0x80,  0x00
};

const UCHAR abc_fontArialNarrow50h_03BD[ 113] = { /* code 03BD */
  0x00,  0x00,  0x00,  0x00,  0x00,  0x00,  0x00,  0x00,
  0x00,  0x00,  0x00,  0x00,  0x00,  0x00,  0x00,  0x00,
  0x00,  0x00,  0x00,  0x00,  0x00,  0x00,  0x00,  0x00,
  0x00,  0x00,  0x00,  0x00,  0x00,  0x00,  0x00,  0x00,
  0x00,  0x00,  0x00,  0x00,  0x00,  0x00,  0x00,  0x00,
  0x00,  0x00,  0x00,  0x00,  0x00,  0xE0,  0x03,  0xB8,
  0x00,  0xE7,  0x00,  0x71,  0xC0,  0x1C,  0x70,  0x07,
  0x0E,  0x03,  0x83,  0x80,  0xE0,  0xE0,  0x38,  0x3C,
  0x1E,  0x07,  0x07,  0x01,  0xC1,  0xC0,  0x78,  0xF0,
  0x0E,  0x38,  0x03,  0x8E,  0x00,  0xF7,  0x80,  0x1D,
  0xC0,  0x07,  0x70,  0x01,  0xDC,  0x00,  0x3E,  0x00,
  0x0F,  0x80,  0x03,  0xE0,  0x00,  0xF8,  0x00,  0x00,
  0x00,  0x00,  0x00,  0x00,  0x00,  0x00,  0x00,  0x00,
  0x00,  0x00,  0x00,  0x00,  0x00,  0x00,  0x00,  0x00,
  0x00
};

const UCHAR abc_fontArialNarrow50h_03BE[  88] = { /* code 03BE */
  0x00,  0x00,  0x00,  0x00,  0x00,  0x00,  0x00,  0x00,
  0x00,  0x00,  0x00,  0x00,  0x00,  0x00,  0x00,  0x00,
  0x00,  0x00,  0x00,  0x00,  0xFC,  0x0F,  0xF0,  0x7F,
  0xC3,  0xC0,  0x1E,  0x00,  0x70,  0x01,  0xC0,  0x07,
  0x00,  0x1C,  0x00,  0x78,  0x00,  0xF0,  0x01,  0xFF,
  0x03,  0xFC,  0x07,  0xF0,  0x3E,  0x01,  0xE0,  0x0E,
  0x00,  0x78,  0x01,  0xC0,  0x0F,  0x00,  0x38,  0x00,
  0xE0,  0x03,  0x80,  0x0E,  0x00,  0x38,  0x00,  0xF0,
  0x01,  0xC0,  0x07,  0x80,  0x0F,  0xE0,  0x1F,  0xE0,
  0x1F,  0xE0,  0x07,  0xC0,  0x07,  0x00,  0x1C,  0x00,
  0x70,  0x01,  0xC0,  0x0E,  0x00,  0xF8,  0x07,  0xC0
};

const UCHAR abc_fontArialNarrow50h_03BF[ 125] = { /* code 03BF */
  0x00,  0x00,  0x00,  0x00,  0x00,  0x00,  0x00,  0x00,
  0x00,  0x00,  0x00,  0x00,  0x00,  0x00,  0x00,  0x00,
  0x00,  0x00,  0x00,  0x00,  0x00,  0x00,  0x00,  0x00,
  0x00,  0x00,  0x00,  0x00,  0x00,  0x00,  0x00,  0x00,
  0x00,  0x00,  0x00,  0x00,  0x00,  0x00,  0x00,  0x00,
  0x00,  0x00,  0x00,  0x00,  0x00,  0x00,  0x00,  0x00,
  0x00,  0x00,  0x01,  0xF0,  0x00,  0x7F,  0xC0,  0x0F,
  0xFE,  0x01,  0xE0,  0xF0,  0x3C,  0x07,  0x83,  0x80,
  0x38,  0x38,  0x03,  0x87,  0x00,  0x1C,  0x70,  0x01,
  0xC7,  0x00,  0x1C,  0x70,  0x01,  0xC7,  0x00,  0x1C,
  0x70,  0x01,  0xC7,  0x00,  0x1C,  0x70,  0x01,  0xC3,
  0x80,  0x38,  0x38,  0x03,  0x83,  0xC0,  0x78,  0x1E,
  0x0F,  0x00,  0xFF,  0xE0,  0x07,  0xFC,  0x00,  0x1F,
  0x00,  0x00,  0x00,  0x00,  0x00,  0x00,  0x00,  0x00,
  0x00,  0x00,  0x00,  0x00,  0x00,  0x00,  0x00,  0x00,
  0x00,  0x00,  0x00,  0x00,  0x00
};

const UCHAR abc_fontArialNarrow50h_03C0[ 150] = { /* code 03C0 */
  0x00,  0x00,  0x00,  0x00,  0x00,  0x00,  0x00,  0x00,
  0x00,  0x00,  0x00,  0x00,  0x00,  0x00,  0x00,  0x00,
  0x00,  0x00,  0x00,  0x00,  0x00,  0x00,  0x00,  0x00,
  0x00,  0x00,  0x00,  0x00,  0x00,  0x00,  0x00,  0x00,
  0x00,  0x00,  0x00,  0x00,  0x00,  0x00,  0x00,  0x00,
  0x00,  0x00,  0x00,  0x00,  0x00,  0x00,  0x00,  0x00,
  0x00,  0x00,  0x00,  0x00,  0x00,  0x00,  0x00,  0x00,
  0x00,  0x00,  0x00,  0x00,  0xFF,  0xFF,  0xFE,  0xFF,
  0xFF,  0xFE,  0xFF,  0xFF,  0xFE,  0x07,  0x00,  0xE0,
  0x07,  0x00,  0xE0,  0x07,  0x00,  0xE0,  0x07,  0x00,
  0xE0,  0x07,  0x00,  0xE0,  0x07,  0x00,  0xE0,  0x07,
  0x00,  0xE0,  0x07,  0x00,  0xE0,  0x07,  0x00,  0xE0,
  0x07,  0x00,  0xE0,  0x07,  0x00,  0xE0,  0x07,  0x00,
  0xE0,  0x07,  0x00,  0xE0,  0x07,  0x00,  0xE0,  0x07,
  0x00,  0xE0,  0x07,  0x00,  0xE0,  0x07,  0x00,  0xE0,
  0x07,  0x00,  0xE0,  0x07,  0x00,  0xE0,  0x00,  0x00,
  0x00,  0x00,  0x00,  0x00,  0x00,  0x00,  0x00,  0x00,
  0x00,  0x00,  0x00,  0x00,  0x00,  0x00,  0x00,  0x00,
  0x00,  0x00,  0x00,  0x00,  0x00,  0x00
};

const UCHAR abc_fontArialNarrow50h_03C1[ 125] = { /* code 03C1 */
  0x00,  0x00,  0x00,  0x00,  0x00,  0x00,  0x00,  0x00,
  0x00,  0x00,  0x00,  0x00,  0x00,  0x00,  0x00,  0x00,
  0x00,  0x00,  0x00,  0x00,  0x00,  0x00,  0x00,  0x00,
  0x00,  0x00,  0x00,  0x00,  0x00,  0x00,  0x00,  0x00,
  0x00,  0x00,  0x00,  0x00,  0x00,  0x00,  0x00,  0x00,
  0x00,  0x00,  0x00,  0x00,  0x00,  0x00,  0x00,  0x00,
  0x00,  0x00,  0x01,  0xF8,  0x00,  0x3F,  0xE0,  0x07,
  0xFF,  0x00,  0xF0,  0x78,  0x1E,  0x03,  0xC1,  0xC0,
  0x1C,  0x1C,  0x01,  0xC3,  0x80,  0x0E,  0x38,  0x00,
  0xE3,  0x80,  0x0E,  0x38,  0x00,  0xE3,  0x80,  0x0E,
  0x38,  0x00,  0xE3,  0x80,  0x0E,  0x38,  0x00,  0xE3,
  0xC0,  0x1C,  0x3C,  0x01,  0xC3,  0xE0,  0x3C,  0x3F,
  0x07,  0x83,  0xFF,  0xF0,  0x3B,  0xFE,  0x03,  0x8F,
  0x80,  0x38,  0x00,  0x03,  0x80,  0x00,  0x38,  0x00,
  0x03,  0x80,  0x00,  0x38,  0x00,  0x03,  0x80,  0x00,
  0x38,  0x00,  0x03,  0x80,  0x00
};

const UCHAR abc_fontArialNarrow50h_03C2[ 107] = { /* code 03C2 */
  0x00,  0x00,  0x00,  0x00,  0x00,  0x00,  0x00,  0x00,
  0x00,  0x00,  0x00,  0x00,  0x00,  0x00,  0x00,  0x00,
  0x00,  0x00,  0x00,  0x00,  0x00,  0x00,  0x00,  0x00,
  0x00,  0x00,  0x00,  0x00,  0x00,  0x00,  0x00,  0x00,
  0x00,  0x00,  0x00,  0x00,  0x00,  0x00,  0x00,  0x00,
  0x00,  0x00,  0x00,  0x07,  0xF0,  0x0F,  0xFC,  0x1F,
  0xFE,  0x1F,  0x02,  0x1E,  0x00,  0x0E,  0x00,  0x0E,
  0x00,  0x07,  0x00,  0x07,  0x80,  0x03,  0x80,  0x01,
  0xC0,  0x00,  0xE0,  0x00,  0x70,  0x00,  0x38,  0x00,
  0x1C,  0x00,  0x07,  0x00,  0x03,  0xC0,  0x01,  0xF0,
  0x00,  0x7E,  0x00,  0x1F,  0xE0,  0x03,  0xFC,  0x00,
  0x7F,  0x00,  0x07,  0xC0,  0x00,  0xE0,  0x00,  0x70,
  0x00,  0x38,  0x00,  0x1C,  0x00,  0x3C,  0x00,  0xFE,
  0x00,  0xFE,  0x00
};

const UCHAR abc_fontArialNarrow50h_03C3[ 144] = { /* code 03C3 */
  0x00,  0x00,  0x00,  0x00,  0x00,  0x00,  0x00,  0x00,
  0x00,  0x00,  0x00,  0x00,  0x00,  0x00,  0x00,  0x00,
  0x00,  0x00,  0x00,  0x00,  0x00,  0x00,  0x00,  0x00,
  0x00,  0x00,  0x00,  0x00,  0x00,  0x00,  0x00,  0x00,
  0x00,  0x00,  0x00,  0x00,  0x00,  0x00,  0x00,  0x00,
  0x00,  0x00,  0x00,  0x00,  0x00,  0x00,  0x00,  0x00,
  0x00,  0x00,  0x00,  0x00,  0x00,  0x00,  0x00,  0x00,
  0x00,  0x00,  0x1F,  0xFF,  0xC0,  0xFF,  0xFF,  0x83,
  0xFF,  0xFF,  0x0F,  0x83,  0xC0,  0x3C,  0x03,  0xC0,
  0x70,  0x03,  0x80,  0xE0,  0x07,  0x83,  0x80,  0x07,
  0x07,  0x00,  0x0E,  0x0E,  0x00,  0x1C,  0x1C,  0x00,
  0x38,  0x38,  0x00,  0x70,  0x70,  0x00,  0xE0,  0xE0,
  0x01,  0xC1,  0xC0,  0x03,  0x81,  0xC0,  0x0E,  0x03,
  0x80,  0x1C,  0x07,  0x80,  0x78,  0x07,  0x81,  0xE0,
  0x07,  0xFF,  0x80,  0x07,  0xFE,  0x00,  0x03,  0xF0,
  0x00,  0x00,  0x00,  0x00,  0x00,  0x00,  0x00,  0x00,
  0x00,  0x00,  0x00,  0x00,  0x00,  0x00,  0x00,  0x00,
  0x00,  0x00,  0x00,  0x00,  0x00,  0x00,  0x00,  0x00
};

const UCHAR abc_fontArialNarrow50h_03C4[  82] = { /* code 03C4 */
  0x00,  0x00,  0x00,  0x00,  0x00,  0x00,  0x00,  0x00,
  0x00,  0x00,  0x00,  0x00,  0x00,  0x00,  0x00,  0x00,
  0x00,  0x00,  0x00,  0x00,  0x00,  0x00,  0x00,  0x00,
  0x00,  0x00,  0x00,  0x00,  0x00,  0x00,  0x00,  0x00,
  0x07,  0xFF,  0x3F,  0xF9,  0xFF,  0xC0,  0xE0,  0x07,
  0x00,  0x38,  0x01,  0xC0,  0x0E,  0x00,  0x70,  0x03,
  0x80,  0x1C,  0x00,  0xE0,  0x07,  0x00,  0x38,  0x01,
  0xC0,  0x0E,  0x00,  0x70,  0x03,  0x80,  0x1C,  0x00,
  0xE0,  0x07,  0x00,  0x38,  0x00,  0x00,  0x00,  0x00,
  0x00,  0x00,  0x00,  0x00,  0x00,  0x00,  0x00,  0x00,
  0x00,  0x00
};

const UCHAR abc_fontArialNarrow50h_03C5[ 125] = { /* code 03C5 */
  0x00,  0x00,  0x00,  0x00,  0x00,  0x00,  0x00,  0x00,
  0x00,  0x00,  0x00,  0x00,  0x00,  0x00,  0x00,  0x00,
  0x00,  0x00,  0x00,  0x00,  0x00,  0x00,  0x00,  0x00,
  0x00,  0x00,  0x00,  0x00,  0x00,  0x00,  0x00,  0x00,
  0x00,  0x00,  0x00,  0x00,  0x00,  0x00,  0x00,  0x00,
  0x00,  0x00,  0x00,  0x00,  0x00,  0x00,  0x00,  0x00,
  0x00,  0x00,  0x38,  0x03,  0x83,  0x80,  0x38,  0x38,
  0x03,  0x83,  0x80,  0x38,  0x38,  0x03,  0x83,  0x80,
  0x38,  0x38,  0x03,  0x83,  0x80,  0x38,  0x38,  0x03,
  0x83,  0x80,  0x38,  0x38,  0x03,  0x83,  0x80,  0x38,
  0x38,  0x03,  0x83,  0x80,  0x38,  0x38,  0x03,  0x83,
  0x80,  0x38,  0x3C,  0x07,  0x81,  0xC0,  0x70,  0x1E,
  0x1F,  0x00,  0xFF,  0xE0,  0x07,  0xFC,  0x00,  0x1F,
  0x00,  0x00,  0x00,  0x00,  0x00,  0x00,  0x00,  0x00,
  0x00,  0x00,  0x00,  0x00,  0x00,  0x00,  0x00,  0x00,
  0x00,  0x00,  0x00,  0x00,  0x00
};

const UCHAR abc_fontArialNarrow50h_03C6[ 144] = { /* code 03C6 */
  0x00,  0x00,  0x00,  0x00,  0x00,  0x00,  0x00,  0x00,
  0x00,  0x00,  0x00,  0x00,  0x00,  0x00,  0x00,  0x00,
  0x00,  0x00,  0x00,  0x00,  0x00,  0x00,  0x00,  0x00,
  0x00,  0x00,  0x00,  0x00,  0x00,  0x00,  0x00,  0x00,
  0x00,  0x00,  0x00,  0x00,  0x00,  0x00,  0x00,  0x00,
  0x00,  0x00,  0x00,  0x00,  0x00,  0x00,  0x00,  0x00,
  0x00,  0x00,  0x00,  0x00,  0x00,  0x00,  0x00,  0x00,
  0x00,  0x00,  0x38,  0xF8,  0x00,  0xF3,  0xFC,  0x03,
  0xCF,  0xFC,  0x0F,  0x1E,  0x38,  0x3C,  0x38,  0x38,
  0x70,  0x70,  0x70,  0xE0,  0xE0,  0x73,  0x81,  0xC0,
  0xE7,  0x03,  0x81,  0xCE,  0x07,  0x03,  0x9C,  0x0E,
  0x07,  0x38,  0x1C,  0x0E,  0x70,  0x38,  0x1C,  0xE0,
  0x70,  0x78,  0xE0,  0xE0,  0xE1,  0xC1,  0xC1,  0xC3,
  0xC3,  0x87,  0x03,  0xC7,  0x1E,  0x03,  0xEE,  0xF8,
  0x03,  0xFF,  0xE0,  0x03,  0xFF,  0x80,  0x01,  0xFC,
  0x00,  0x00,  0xE0,  0x00,  0x01,  0xC0,  0x00,  0x03,
  0x80,  0x00,  0x07,  0x00,  0x00,  0x0E,  0x00,  0x00,
  0x1C,  0x00,  0x00,  0x38,  0x00,  0x00,  0x70,  0x00
};

const UCHAR abc_fontArialNarrow50h_03C7[ 113] = { /* code 03C7 */
  0x00,  0x00,  0x00,  0x00,  0x00,  0x00,  0x00,  0x00,
  0x00,  0x00,  0x00,  0x00,  0x00,  0x00,  0x00,  0x00,
  0x00,  0x00,  0x00,  0x00,  0x00,  0x00,  0x00,  0x00,
  0x00,  0x00,  0x00,  0x00,  0x00,  0x00,  0x00,  0x00,
  0x00,  0x00,  0x00,  0x00,  0x00,  0x00,  0x00,  0x00,
  0x00,  0x00,  0x00,  0x00,  0x00,  0x70,  0x01,  0xCE,
  0x00,  0xE3,  0x80,  0x38,  0x70,  0x1C,  0x1C,  0x07,
  0x07,  0x83,  0x80,  0xE0,  0xE0,  0x3C,  0x70,  0x07,
  0x1C,  0x01,  0xCE,  0x00,  0x3B,  0x80,  0x0F,  0xE0,
  0x01,  0xF0,  0x00,  0x7C,  0x00,  0x1E,  0x00,  0x07,
  0x80,  0x01,  0xF0,  0x00,  0xFC,  0x00,  0x3F,  0x00,
  0x1E,  0xE0,  0x07,  0x38,  0x01,  0xC7,  0x00,  0xE1,
  0xC0,  0x38,  0x78,  0x1C,  0x0E,  0x07,  0x03,  0xC3,
  0x80,  0x70,  0xE0,  0x1C,  0x70,  0x03,  0x9C,  0x00,
  0xE0
};

const UCHAR abc_fontArialNarrow50h_03C9[ 169] = { /* code 03C9 */
  0x00,  0x00,  0x00,  0x00,  0x00,  0x00,  0x00,  0x00,
  0x00,  0x00,  0x00,  0x00,  0x00,  0x00,  0x00,  0x00,
  0x00,  0x00,  0x00,  0x00,  0x00,  0x00,  0x00,  0x00,
  0x00,  0x00,  0x00,  0x00,  0x00,  0x00,  0x00,  0x00,
  0x00,  0x00,  0x00,  0x00,  0x00,  0x00,  0x00,  0x00,
  0x00,  0x00,  0x00,  0x00,  0x00,  0x00,  0x00,  0x00,
  0x00,  0x00,  0x00,  0x00,  0x00,  0x00,  0x00,  0x00,
  0x00,  0x00,  0x00,  0x00,  0x00,  0x00,  0x00,  0x00,
  0x00,  0x00,  0x00,  0x00,  0xE0,  0x00,  0xE0,  0x38,
  0x00,  0x0E,  0x07,  0x00,  0x01,  0xC1,  0xE0,  0x00,
  0x3C,  0x38,  0x00,  0x03,  0x87,  0x01,  0xC0,  0x70,
  0xE0,  0x38,  0x0E,  0x38,  0x07,  0x00,  0xE7,  0x00,
  0xE0,  0x1C,  0xE0,  0x1C,  0x03,  0x9C,  0x03,  0x80,
  0x73,  0x80,  0x70,  0x0E,  0x70,  0x0E,  0x01,  0xCE,
  0x01,  0xC0,  0x39,  0xC0,  0x38,  0x07,  0x3C,  0x07,
  0x01,  0xE3,  0x81,  0xF0,  0x38,  0x78,  0x36,  0x0F,
  0x07,  0x8E,  0xE3,  0xC0,  0xFF,  0x8F,  0xF8,  0x0F,
  0xE1,  0xFE,  0x00,  0xF8,  0x0F,  0x80,  0x00,  0x00,
  0x00,  0x00,  0x00,  0x00,  0x00,  0x00,  0x00,  0x00,
  0x00,  0x00,  0x00,  0x00,  0x00,  0x00,  0x00,  0x00,
  0x00,  0x00,  0x00,  0x00,  0x00,  0x00,  0x00,  0x00,
  0x00
};

const UCHAR abc_fontArialNarrow50h_03CC[ 125] = { /* code 03CC */
  0x00,  0x00,  0x00,  0x00,  0x00,  0x00,  0x00,  0x00,
  0x00,  0x00,  0x00,  0x00,  0x00,  0x00,  0x00,  0x00,
  0x00,  0x00,  0x00,  0x00,  0x00,  0x00,  0x00,  0x00,
  0x00,  0x00,  0x00,  0x00,  0x07,  0x00,  0x00,  0xE0,
  0x00,  0x0E,  0x00,  0x00,  0xC0,  0x00,  0x1C,  0x00,
  0x01,  0x80,  0x00,  0x00,  0x00,  0x00,  0x00,  0x00,
  0x00,  0x00,  0x01,  0xF0,  0x00,  0x7F,  0xC0,  0x0F,
  0xFE,  0x01,  0xE0,  0xF0,  0x3C,  0x07,  0x83,  0x80,
  0x38,  0x38,  0x03,  0x87,  0x00,  0x1C,  0x70,  0x01,
  0xC7,  0x00,  0x1C,  0x70,  0x01,  0xC7,  0x00,  0x1C,
  0x70,  0x01,  0xC7,  0x00,  0x1C,  0x70,  0x01,  0xC3,
  0x80,  0x38,  0x38,  0x03,  0x83,  0xC0,  0x78,  0x1E,
  0x0F,  0x00,  0xFF,  0xE0,  0x07,  0xFC,  0x00,  0x1F,
  0x00,  0x00,  0x00,  0x00,  0x00,  0x00,  0x00,  0x00,
  0x00,  0x00,  0x00,  0x00,  0x00,  0x00,  0x00,  0x00,
  0x00,  0x00,  0x00,  0x00,  0x00
};

const UCHAR abc_fontArialNarrow50h_03CD[ 125] = { /* code 03CD */
  0x00,  0x00,  0x00,  0x00,  0x00,  0x00,  0x00,  0x00,
  0x00,  0x00,  0x00,  0x00,  0x00,  0x00,  0x00,  0x00,
  0x00,  0x00,  0x00,  0x00,  0x00,  0x00,  0x00,  0x00,
  0x00,  0x00,  0x00,  0x00,  0x07,  0x00,  0x00,  0xE0,
  0x00,  0x0E,  0x00,  0x00,  0xC0,  0x00,  0x1C,  0x00,
  0x01,  0x80,  0x00,  0x00,  0x00,  0x00,  0x00,  0x00,
  0x00,  0x00,  0x38,  0x03,  0x83,  0x80,  0x38,  0x38,
  0x03,  0x83,  0x80,  0x38,  0x38,  0x03,  0x83,  0x80,
  0x38,  0x38,  0x03,  0x83,  0x80,  0x38,  0x38,  0x03,
  0x83,  0x80,  0x38,  0x38,  0x03,  0x83,  0x80,  0x38,
  0x38,  0x03,  0x83,  0x80,  0x38,  0x38,  0x03,  0x83,
  0x80,  0x38,  0x3C,  0x07,  0x81,  0xC0,  0x70,  0x1E,
  0x1F,  0x00,  0xFF,  0xE0,  0x07,  0xFC,  0x00,  0x1F,
  0x00,  0x00,  0x00,  0x00,  0x00,  0x00,  0x00,  0x00,
  0x00,  0x00,  0x00,  0x00,  0x00,  0x00,  0x00,  0x00,
  0x00,  0x00,  0x00,  0x00,  0x00
};

const UCHAR abc_fontArialNarrow50h_03CE[ 169] = { /* code 03CE */
  0x00,  0x00,  0x00,  0x00,  0x00,  0x00,  0x00,  0x00,
  0x00,  0x00,  0x00,  0x00,  0x00,  0x00,  0x00,  0x00,
  0x00,  0x00,  0x00,  0x00,  0x00,  0x00,  0x00,  0x00,
  0x00,  0x00,  0x00,  0x00,  0x00,  0x00,  0x00,  0x00,
  0x00,  0x00,  0x00,  0x00,  0x00,  0x00,  0x03,  0x80,
  0x00,  0x00,  0xE0,  0x00,  0x00,  0x1C,  0x00,  0x00,
  0x03,  0x00,  0x00,  0x00,  0xE0,  0x00,  0x00,  0x18,
  0x00,  0x00,  0x00,  0x00,  0x00,  0x00,  0x00,  0x00,
  0x00,  0x00,  0x00,  0x00,  0xE0,  0x00,  0xE0,  0x38,
  0x00,  0x0E,  0x07,  0x00,  0x01,  0xC1,  0xE0,  0x00,
  0x3C,  0x38,  0x00,  0x03,  0x87,  0x01,  0xC0,  0x70,
  0xE0,  0x38,  0x0E,  0x38,  0x07,  0x00,  0xE7,  0x00,
  0xE0,  0x1C,  0xE0,  0x1C,  0x03,  0x9C,  0x03,  0x80,
  0x73,  0x80,  0x70,  0x0E,  0x70,  0x0E,  0x01,  0xCE,
  0x01,  0xC0,  0x39,  0xC0,  0x38,  0x07,  0x3C,  0x07,
  0x01,  0xE3,  0x81,  0xF0,  0x38,  0x78,  0x36,  0x0F,
  0x07,  0x8E,  0xE3,  0xC0,  0xFF,  0x8F,  0xF8,  0x0F,
  0xE1,  0xFE,  0x00,  0xF8,  0x0F,  0x80,  0x00,  0x00,
  0x00,  0x00,  0x00,  0x00,  0x00,  0x00,  0x00,  0x00,
  0x00,  0x00,  0x00,  0x00,  0x00,  0x00,  0x00,  0x00,
  0x00,  0x00,  0x00,  0x00,  0x00,  0x00,  0x00,  0x00,
  0x00
};

const UCHAR abc_fontArialNarrow50h_061F[ 100] = { /* code 061F */
  0x00,  0x00,  0x00,  0x00,  0x00,  0x00,  0x00,  0x00,
  0x00,  0x00,  0x00,  0x00,  0x00,  0x00,  0x00,  0x00,
  0x07,  0xC0,  0x1C,  0x60,  0x38,  0x30,  0x38,  0x38,
  0x78,  0x78,  0x78,  0xF8,  0x7C,  0xF8,  0x7C,  0xF8,
  0x7E,  0x70,  0x7E,  0x00,  0x3E,  0x00,  0x1F,  0x00,
  0x0F,  0x00,  0x07,  0x00,  0x03,  0x00,  0x03,  0x00,
  0x01,  0x00,  0x01,  0x00,  0x01,  0x00,  0x00,  0x00,
  0x00,  0x00,  0x03,  0x80,  0x07,  0xC0,  0x07,  0xC0,
  0x07,  0xC0,  0x03,  0x80,  0x00,  0x00,  0x00,  0x00,
  0x00,  0x00,  0x00,  0x00,  0x00,  0x00,  0x00,  0x00,
  0x00,  0x00,  0x00,  0x00,  0x00,  0x00,  0x00,  0x00,
  0x00,  0x00,  0x00,  0x00,  0x00,  0x00,  0x00,  0x00,
  0x00,  0x00,  0x00,  0x00
};

const UCHAR abc_fontArialNarrow50h_0621[ 113] = { /* code 0621 */
  0x00,  0x00,  0x00,  0x00,  0x00,  0x00,  0x00,  0x00,
  0x00,  0x00,  0x00,  0x00,  0x00,  0x00,  0x00,  0x00,
  0x00,  0x00,  0x00,  0x00,  0x00,  0x00,  0x00,  0x00,
  0x00,  0x00,  0x00,  0x00,  0x00,  0x00,  0x00,  0x00,
  0x00,  0x00,  0x00,  0x00,  0x00,  0x00,  0x00,  0x00,
  0x00,  0x00,  0x00,  0x00,  0x00,  0x00,  0x00,  0x00,
  0x38,  0x00,  0x1F,  0x00,  0x0F,  0xE0,  0x07,  0xF8,
  0x01,  0x84,  0x00,  0xC0,  0x00,  0x30,  0x00,  0x1E,
  0x03,  0x07,  0xE7,  0xC1,  0xFF,  0xE0,  0x7F,  0xF8,
  0x07,  0xF8,  0x00,  0xF8,  0x00,  0x18,  0x00,  0x0C,
  0x00,  0x04,  0x00,  0x00,  0x00,  0x00,  0x00,  0x00,
  0x00,  0x00,  0x00,  0x00,  0x00,  0x00,  0x00,  0x00,
  0x00,  0x00,  0x00,  0x00,  0x00,  0x00,  0x00,  0x00,
  0x00,  0x00,  0x00,  0x00,  0x00,  0x00,  0x00,  0x00,
  0x00
};

const UCHAR abc_fontArialNarrow50h_0622[  57] = { /* code 0622 */
  0x00,  0x00,  0x00,  0x00,  0x17,  0xF3,  0xF2,  0x00,
  0x00,  0x04,  0x02,  0x03,  0x01,  0x80,  0xC0,  0x60,
  0x30,  0x18,  0x0C,  0x06,  0x03,  0x01,  0xC0,  0xE0,
  0x70,  0x18,  0x0C,  0x06,  0x03,  0x01,  0x80,  0xC0,
  0x60,  0x30,  0x18,  0x08,  0x04,  0x02,  0x00,  0x00,
  0x00,  0x00,  0x00,  0x00,  0x00,  0x00,  0x00,  0x00,
  0x00,  0x00,  0x00,  0x00,  0x00,  0x00,  0x00,  0x00,
  0x00
};

const UCHAR abc_fontArialNarrow50h_0623[  57] = { /* code 0623 */
  0x00,  0x03,  0x03,  0x82,  0x41,  0x80,  0x78,  0x70,
  0x40,  0x04,  0x02,  0x03,  0x01,  0x81,  0xC0,  0x60,
  0x30,  0x18,  0x0C,  0x06,  0x03,  0x01,  0xC0,  0xE0,
  0x70,  0x18,  0x0C,  0x06,  0x03,  0x01,  0x80,  0xC0,
  0x60,  0x30,  0x18,  0x08,  0x04,  0x02,  0x00,  0x00,
  0x00,  0x00,  0x00,  0x00,  0x00,  0x00,  0x00,  0x00,
  0x00,  0x00,  0x00,  0x00,  0x00,  0x00,  0x00,  0x00,
  0x00
};

const UCHAR abc_fontArialNarrow50h_0625[  57] = { /* code 0625 */
  0x00,  0x00,  0x00,  0x00,  0x00,  0x00,  0x00,  0x00,
  0x00,  0x04,  0x02,  0x03,  0x01,  0x80,  0xC0,  0x60,
  0x30,  0x18,  0x0C,  0x06,  0x03,  0x01,  0xC0,  0xE0,
  0x70,  0x18,  0x0C,  0x06,  0x03,  0x01,  0x80,  0xC0,
  0x60,  0x30,  0x18,  0x08,  0x04,  0x02,  0x00,  0x00,
  0x00,  0x00,  0x00,  0x30,  0x38,  0x24,  0x18,  0x07,
  0x87,  0x04,  0x00,  0x00,  0x00,  0x00,  0x00,  0x00,
  0x00
};

const UCHAR abc_fontArialNarrow50h_0627[  57] = { /* code 0627 */
  0x00,  0x00,  0x00,  0x00,  0x00,  0x00,  0x00,  0x00,
  0x00,  0x04,  0x02,  0x03,  0x01,  0x80,  0xC0,  0x60,
  0x30,  0x18,  0x0C,  0x06,  0x03,  0x01,  0xC0,  0xE0,
  0x70,  0x18,  0x0C,  0x06,  0x03,  0x01,  0x80,  0xC0,
  0x60,  0x30,  0x18,  0x08,  0x04,  0x02,  0x00,  0x00,
  0x00,  0x00,  0x00,  0x00,  0x00,  0x00,  0x00,  0x00,
  0x00,  0x00,  0x00,  0x00,  0x00,  0x00,  0x00,  0x00,
  0x00
};

const UCHAR abc_fontArialNarrow50h_0628[ 194] = { /* code 0628 */
  0x00,  0x00,  0x00,  0x00,  0x00,  0x00,  0x00,  0x00,
  0x00,  0x00,  0x00,  0x00,  0x00,  0x00,  0x00,  0x00,
  0x00,  0x00,  0x00,  0x00,  0x00,  0x00,  0x00,  0x00,
  0x00,  0x00,  0x00,  0x00,  0x00,  0x00,  0x00,  0x00,
  0x00,  0x00,  0x00,  0x00,  0x00,  0x00,  0x00,  0x00,
  0x00,  0x00,  0x00,  0x00,  0x00,  0x00,  0x00,  0x00,
  0x00,  0x00,  0x00,  0x00,  0x00,  0x00,  0x00,  0x00,
  0x00,  0x00,  0x00,  0x00,  0x00,  0x00,  0x00,  0x00,
  0x00,  0x00,  0x00,  0x00,  0x00,  0x00,  0x00,  0x00,
  0x00,  0x00,  0x80,  0x00,  0x00,  0x81,  0x00,  0x00,
  0x01,  0x84,  0x00,  0x00,  0x03,  0x88,  0x00,  0x00,
  0x0F,  0x30,  0x00,  0x00,  0x0E,  0x60,  0x00,  0x00,
  0x0E,  0xC0,  0x00,  0x00,  0x1D,  0x80,  0x00,  0x00,
  0x1B,  0x80,  0x00,  0x00,  0x37,  0x80,  0x00,  0x00,
  0x67,  0xE0,  0x00,  0x00,  0xCF,  0xFF,  0xFF,  0xFF,
  0x8F,  0xFF,  0xFF,  0xFF,  0x0F,  0xFF,  0xFF,  0xFE,
  0x07,  0xFF,  0xFF,  0xFC,  0x00,  0x00,  0x00,  0x00,
  0x00,  0x00,  0x00,  0x00,  0x00,  0x00,  0x00,  0x00,
  0x00,  0x20,  0x00,  0x00,  0x00,  0x70,  0x00,  0x00,
  0x01,  0xF0,  0x00,  0x00,  0x01,  0xC0,  0x00,  0x00,
  0x01,  0x80,  0x00,  0x00,  0x00,  0x00,  0x00,  0x00,
  0x00,  0x00,  0x00,  0x00,  0x00,  0x00,  0x00,  0x00,
  0x00,  0x00,  0x00,  0x00,  0x00,  0x00,  0x00,  0x00,
  0x00,  0x00,  0x00,  0x00,  0x00,  0x00,  0x00,  0x00,
  0x00,  0x00
};

const UCHAR abc_fontArialNarrow50h_0629[  75] = { /* code 0629 */
  0x00,  0x00,  0x00,  0x00,  0x00,  0x00,  0x00,  0x00,
  0x00,  0x00,  0x00,  0x00,  0x00,  0x00,  0x00,  0x00,
  0x00,  0x00,  0x01,  0x80,  0x1C,  0x33,  0xE3,  0x9C,
  0x7C,  0x43,  0x80,  0x08,  0x00,  0x00,  0x10,  0x01,
  0xC0,  0x1F,  0x01,  0xF8,  0x1F,  0xC3,  0x7E,  0x21,
  0xE2,  0x06,  0x60,  0x67,  0x1E,  0x7F,  0xC7,  0xFC,
  0x7F,  0x83,  0xF0,  0x00,  0x00,  0x00,  0x00,  0x00,
  0x00,  0x00,  0x00,  0x00,  0x00,  0x00,  0x00,  0x00,
  0x00,  0x00,  0x00,  0x00,  0x00,  0x00,  0x00,  0x00,
  0x00,  0x00,  0x00
};

const UCHAR abc_fontArialNarrow50h_062A[ 194] = { /* code 062A */
  0x00,  0x00,  0x00,  0x00,  0x00,  0x00,  0x00,  0x00,
  0x00,  0x00,  0x00,  0x00,  0x00,  0x00,  0x00,  0x00,
  0x00,  0x00,  0x00,  0x00,  0x00,  0x00,  0x00,  0x00,
  0x00,  0x00,  0x00,  0x00,  0x00,  0x00,  0x00,  0x00,
  0x00,  0x00,  0x00,  0x00,  0x00,  0x00,  0x00,  0x00,
  0x00,  0x00,  0x00,  0x00,  0x00,  0x00,  0x00,  0x00,
  0x03,  0x00,  0x00,  0x00,  0x07,  0x00,  0x00,  0x01,
  0x9F,  0x00,  0x00,  0x03,  0x9C,  0x00,  0x00,  0x0F,
  0x88,  0x00,  0x00,  0x0E,  0x00,  0x00,  0x00,  0x04,
  0x00,  0x00,  0x80,  0x00,  0x00,  0x81,  0x00,  0x00,
  0x01,  0x84,  0x00,  0x00,  0x03,  0x88,  0x00,  0x00,
  0x0F,  0x30,  0x00,  0x00,  0x0E,  0x60,  0x00,  0x00,
  0x0E,  0xC0,  0x00,  0x00,  0x1D,  0x80,  0x00,  0x00,
  0x1B,  0x80,  0x00,  0x00,  0x37,  0x80,  0x00,  0x00,
  0x67,  0xE0,  0x00,  0x00,  0xCF,  0xFF,  0xFF,  0xFF,
  0x8F,  0xFF,  0xFF,  0xFF,  0x0F,  0xFF,  0xFF,  0xFE,
  0x07,  0xFF,  0xFF,  0xFC,  0x00,  0x00,  0x00,  0x00,
  0x00,  0x00,  0x00,  0x00,  0x00,  0x00,  0x00,  0x00,
  0x00,  0x00,  0x00,  0x00,  0x00,  0x00,  0x00,  0x00,
  0x00,  0x00,  0x00,  0x00,  0x00,  0x00,  0x00,  0x00,
  0x00,  0x00,  0x00,  0x00,  0x00,  0x00,  0x00,  0x00,
  0x00,  0x00,  0x00,  0x00,  0x00,  0x00,  0x00,  0x00,
  0x00,  0x00,  0x00,  0x00,  0x00,  0x00,  0x00,  0x00,
  0x00,  0x00,  0x00,  0x00,  0x00,  0x00,  0x00,  0x00,
  0x00,  0x00
};

const UCHAR abc_fontArialNarrow50h_062C[ 157] = { /* code 062C */
  0x00,  0x00,  0x00,  0x00,  0x00,  0x00,  0x00,  0x00,
  0x00,  0x00,  0x00,  0x00,  0x00,  0x00,  0x00,  0x00,
  0x00,  0x00,  0x00,  0x00,  0x00,  0x00,  0x00,  0x00,
  0x00,  0x00,  0x00,  0x00,  0x00,  0x00,  0x00,  0x00,
  0x00,  0x00,  0x00,  0x00,  0x00,  0x00,  0x00,  0x00,
  0x00,  0x00,  0x00,  0x00,  0x00,  0x00,  0x00,  0x00,
  0x00,  0x00,  0x00,  0x00,  0x00,  0x00,  0x00,  0x00,
  0x00,  0x00,  0x00,  0x00,  0x00,  0x00,  0x00,  0x00,
  0x00,  0x00,  0x3F,  0xFF,  0xE0,  0x3F,  0xFF,  0xF0,
  0x3F,  0xFF,  0xF8,  0x3F,  0xFF,  0xF8,  0x18,  0x1F,
  0xE0,  0x00,  0x3F,  0x00,  0x00,  0x3C,  0x00,  0x00,
  0x38,  0x00,  0x00,  0x30,  0x00,  0x00,  0x30,  0x00,
  0x00,  0x30,  0x00,  0x00,  0x30,  0x08,  0x00,  0x18,
  0x07,  0x00,  0x08,  0x07,  0xC0,  0x0C,  0x01,  0xC0,
  0x06,  0x00,  0x60,  0x03,  0x00,  0x00,  0x01,  0x80,
  0x00,  0x00,  0xE0,  0x00,  0x00,  0x70,  0x00,  0x00,
  0x3C,  0x00,  0x00,  0x0F,  0x80,  0x00,  0x07,  0xF0,
  0x00,  0x01,  0xFF,  0x80,  0x00,  0x7F,  0xFF,  0xF0,
  0x1F,  0xFF,  0xE0,  0x03,  0xFF,  0xE0,  0x00,  0x3F,
  0xE0,  0x00,  0x00,  0x00,  0x00
};

const UCHAR abc_fontArialNarrow50h_062D[ 157] = { /* code 062D */
  0x00,  0x00,  0x00,  0x00,  0x00,  0x00,  0x00,  0x00,
  0x00,  0x00,  0x00,  0x00,  0x00,  0x00,  0x00,  0x00,
  0x00,  0x00,  0x00,  0x00,  0x00,  0x00,  0x00,  0x00,
  0x00,  0x00,  0x00,  0x00,  0x00,  0x00,  0x00,  0x00,
  0x00,  0x00,  0x00,  0x00,  0x00,  0x00,  0x00,  0x00,
  0x00,  0x00,  0x00,  0x00,  0x00,  0x00,  0x00,  0x00,
  0x00,  0x00,  0x00,  0x00,  0x00,  0x00,  0x00,  0x00,
  0x00,  0x00,  0x00,  0x00,  0x00,  0x00,  0x00,  0x00,
  0x00,  0x00,  0x3F,  0xFF,  0xE0,  0x3F,  0xFF,  0xF0,
  0x3F,  0xFF,  0xF8,  0x3F,  0xFF,  0xF8,  0x18,  0x1F,
  0xE0,  0x00,  0x3F,  0x00,  0x00,  0x3C,  0x00,  0x00,
  0x38,  0x00,  0x00,  0x30,  0x00,  0x00,  0x30,  0x00,
  0x00,  0x30,  0x00,  0x00,  0x30,  0x00,  0x00,  0x18,
  0x00,  0x00,  0x08,  0x00,  0x00,  0x0C,  0x00,  0x00,
  0x06,  0x00,  0x00,  0x03,  0x00,  0x00,  0x01,  0x80,
  0x00,  0x00,  0xE0,  0x00,  0x00,  0x70,  0x00,  0x00,
  0x3C,  0x00,  0x00,  0x0F,  0x80,  0x00,  0x07,  0xF0,
  0x00,  0x01,  0xFF,  0x80,  0x00,  0x7F,  0xFF,  0xF0,
  0x1F,  0xFF,  0xE0,  0x03,  0xFF,  0xE0,  0x00,  0x3F,
  0xE0,  0x00,  0x00,  0x00,  0x00
};

const UCHAR abc_fontArialNarrow50h_062E[ 157] = { /* code 062E */
  0x00,  0x00,  0x00,  0x00,  0x00,  0x00,  0x00,  0x00,
  0x00,  0x00,  0x00,  0x00,  0x00,  0x00,  0x00,  0x00,
  0x00,  0x00,  0x00,  0x00,  0x00,  0x00,  0x00,  0x00,
  0x00,  0x00,  0x00,  0x00,  0x00,  0x00,  0x00,  0x00,
  0x00,  0x00,  0x00,  0x00,  0x00,  0x00,  0x02,  0x00,
  0x00,  0x01,  0xC0,  0x00,  0x01,  0xF0,  0x00,  0x00,
  0x70,  0x00,  0x00,  0x18,  0x00,  0x00,  0x00,  0x00,
  0x00,  0x00,  0x00,  0x00,  0x00,  0x00,  0x00,  0x00,
  0x00,  0x00,  0x3F,  0xFF,  0xE0,  0x3F,  0xFF,  0xF0,
  0x3F,  0xFF,  0xF8,  0x3F,  0xFF,  0xF8,  0x18,  0x1F,
  0xE0,  0x00,  0x3F,  0x00,  0x00,  0x3C,  0x00,  0x00,
  0x38,  0x00,  0x00,  0x30,  0x00,  0x00,  0x30,  0x00,
  0x00,  0x30,  0x00,  0x00,  0x30,  0x00,  0x00,  0x18,
  0x00,  0x00,  0x08,  0x00,  0x00,  0x0C,  0x00,  0x00,
  0x06,  0x00,  0x00,  0x03,  0x00,  0x00,  0x01,  0x80,
  0x00,  0x00,  0xE0,  0x00,  0x00,  0x70,  0x00,  0x00,
  0x3C,  0x00,  0x00,  0x0F,  0x80,  0x00,  0x07,  0xF0,
  0x00,  0x01,  0xFF,  0x80,  0x00,  0x7F,  0xFF,  0xF0,
  0x1F,  0xFF,  0xE0,  0x03,  0xFF,  0xE0,  0x00,  0x3F,
  0xE0,  0x00,  0x00,  0x00,  0x00
};

const UCHAR abc_fontArialNarrow50h_062F[  94] = { /* code 062F */
  0x00,  0x00,  0x00,  0x00,  0x00,  0x00,  0x00,  0x00,
  0x00,  0x00,  0x00,  0x00,  0x00,  0x00,  0x00,  0x00,
  0x00,  0x00,  0x00,  0x00,  0x00,  0x00,  0x00,  0x00,
  0x00,  0x00,  0x00,  0x00,  0x00,  0x00,  0x00,  0x80,
  0x01,  0xC0,  0x03,  0xC0,  0x07,  0xC0,  0x07,  0x80,
  0x07,  0x80,  0x07,  0x00,  0x06,  0x00,  0x0E,  0x00,
  0x0C,  0x00,  0x18,  0x00,  0x32,  0x00,  0x66,  0x00,
  0xCF,  0xFF,  0x9F,  0xFF,  0x3F,  0xFE,  0x3F,  0xFC,
  0x00,  0x00,  0x00,  0x00,  0x00,  0x00,  0x00,  0x00,
  0x00,  0x00,  0x00,  0x00,  0x00,  0x00,  0x00,  0x00,
  0x00,  0x00,  0x00,  0x00,  0x00,  0x00,  0x00,  0x00,
  0x00,  0x00,  0x00,  0x00,  0x00,  0x00
};

const UCHAR abc_fontArialNarrow50h_0630[  94] = { /* code 0630 */
  0x00,  0x00,  0x00,  0x00,  0x00,  0x00,  0x00,  0x00,
  0x00,  0x00,  0x00,  0x00,  0x00,  0x02,  0x00,  0x07,
  0x00,  0x1F,  0x00,  0x1C,  0x00,  0x18,  0x00,  0x00,
  0x00,  0x00,  0x00,  0x00,  0x00,  0x00,  0x00,  0x80,
  0x01,  0xC0,  0x03,  0xC0,  0x07,  0xC0,  0x07,  0x80,
  0x07,  0x80,  0x07,  0x00,  0x06,  0x00,  0x0E,  0x00,
  0x0C,  0x00,  0x18,  0x00,  0x32,  0x00,  0x66,  0x00,
  0xCF,  0xFF,  0x9F,  0xFF,  0x3F,  0xFE,  0x3F,  0xFC,
  0x00,  0x00,  0x00,  0x00,  0x00,  0x00,  0x00,  0x00,
  0x00,  0x00,  0x00,  0x00,  0x00,  0x00,  0x00,  0x00,
  0x00,  0x00,  0x00,  0x00,  0x00,  0x00,  0x00,  0x00,
  0x00,  0x00,  0x00,  0x00,  0x00,  0x00
};

const UCHAR abc_fontArialNarrow50h_0631[ 138] = { /* code 0631 */
  0x00,  0x00,  0x00,  0x00,  0x00,  0x00,  0x00,  0x00,
  0x00,  0x00,  0x00,  0x00,  0x00,  0x00,  0x00,  0x00,
  0x00,  0x00,  0x00,  0x00,  0x00,  0x00,  0x00,  0x00,
  0x00,  0x00,  0x00,  0x00,  0x00,  0x00,  0x00,  0x00,
  0x00,  0x00,  0x00,  0x00,  0x00,  0x00,  0x00,  0x00,
  0x00,  0x00,  0x00,  0x00,  0x00,  0x00,  0x00,  0x00,
  0x00,  0x00,  0x00,  0x00,  0x00,  0x00,  0x00,  0x00,
  0x00,  0x00,  0x00,  0x00,  0x80,  0x00,  0x03,  0x00,
  0x00,  0x0E,  0x00,  0x00,  0x78,  0x00,  0x01,  0xF0,
  0x00,  0x03,  0xC0,  0x00,  0x07,  0x00,  0x00,  0x1C,
  0x00,  0x00,  0x30,  0x00,  0x00,  0xC0,  0x00,  0x03,
  0x00,  0x00,  0x0C,  0x00,  0x00,  0x70,  0x00,  0x01,
  0xC0,  0x00,  0x0F,  0x00,  0x00,  0x78,  0x00,  0x03,
  0xE0,  0x00,  0x1F,  0x00,  0x01,  0xF8,  0x38,  0x1F,
  0xC0,  0x3F,  0xFE,  0x00,  0x3F,  0xF0,  0x00,  0x3F,
  0x00,  0x00,  0x00,  0x00,  0x00,  0x00,  0x00,  0x00,
  0x00,  0x00,  0x00,  0x00,  0x00,  0x00,  0x00,  0x00,
  0x00,  0x00
};

const UCHAR abc_fontArialNarrow50h_0632[ 138] = { /* code 0632 */
  0x00,  0x00,  0x00,  0x00,  0x00,  0x00,  0x00,  0x00,
  0x00,  0x00,  0x00,  0x00,  0x00,  0x00,  0x00,  0x00,
  0x00,  0x00,  0x00,  0x00,  0x00,  0x00,  0x00,  0x00,
  0x00,  0x00,  0x00,  0x00,  0x00,  0x00,  0x00,  0x00,
  0x00,  0x00,  0x02,  0x00,  0x00,  0x0E,  0x00,  0x00,
  0x7C,  0x00,  0x00,  0xE0,  0x00,  0x01,  0x80,  0x00,
  0x00,  0x00,  0x00,  0x00,  0x00,  0x00,  0x00,  0x00,
  0x00,  0x00,  0x00,  0x00,  0x80,  0x00,  0x03,  0x00,
  0x00,  0x0E,  0x00,  0x00,  0x78,  0x00,  0x01,  0xF0,
  0x00,  0x03,  0xC0,  0x00,  0x07,  0x00,  0x00,  0x1C,
  0x00,  0x00,  0x30,  0x00,  0x00,  0xC0,  0x00,  0x03,
  0x00,  0x00,  0x0C,  0x00,  0x00,  0x70,  0x00,  0x01,
  0xC0,  0x00,  0x0F,  0x00,  0x00,  0x78,  0x00,  0x03,
  0xE0,  0x00,  0x1F,  0x00,  0x01,  0xF8,  0x38,  0x1F,
  0xC0,  0x3F,  0xFE,  0x00,  0x3F,  0xF0,  0x00,  0x3F,
  0x00,  0x00,  0x00,  0x00,  0x00,  0x00,  0x00,  0x00,
  0x00,  0x00,  0x00,  0x00,  0x00,  0x00,  0x00,  0x00,
  0x00,  0x00
};

const UCHAR abc_fontArialNarrow50h_0633[ 225] = { /* code 0633 */
  0x00,  0x00,  0x00,  0x00,  0x00,  0x00,  0x00,  0x00,
  0x00,  0x00,  0x00,  0x00,  0x00,  0x00,  0x00,  0x00,
  0x00,  0x00,  0x00,  0x00,  0x00,  0x00,  0x00,  0x00,
  0x00,  0x00,  0x00,  0x00,  0x00,  0x00,  0x00,  0x00,
  0x00,  0x00,  0x00,  0x00,  0x00,  0x00,  0x00,  0x00,
  0x00,  0x00,  0x00,  0x00,  0x00,  0x00,  0x00,  0x00,
  0x00,  0x00,  0x00,  0x00,  0x00,  0x00,  0x00,  0x00,
  0x00,  0x00,  0x00,  0x00,  0x00,  0x00,  0x00,  0x00,
  0x00,  0x00,  0x00,  0x00,  0x00,  0x00,  0x00,  0x00,
  0x00,  0x00,  0x00,  0x00,  0x00,  0x00,  0x00,  0x00,
  0x00,  0x00,  0x00,  0x00,  0x00,  0x00,  0x00,  0x00,
  0x00,  0x00,  0x00,  0x00,  0x00,  0x00,  0x00,  0x00,
  0x00,  0x40,  0x00,  0x00,  0x00,  0x04,  0x00,  0x20,
  0x00,  0x00,  0xC0,  0x46,  0x00,  0x00,  0x1E,  0x04,
  0x70,  0x80,  0x01,  0xE0,  0x43,  0x08,  0x00,  0x0E,
  0x04,  0x11,  0x00,  0x00,  0x60,  0x41,  0x10,  0x00,
  0x06,  0x06,  0x13,  0x00,  0x00,  0x20,  0xF1,  0x20,
  0x00,  0x03,  0xFF,  0xF2,  0x00,  0x00,  0x3F,  0xFF,
  0x60,  0x00,  0x03,  0xFF,  0xF6,  0x00,  0x00,  0x3F,
  0x8F,  0x60,  0x00,  0x06,  0x00,  0x06,  0x00,  0x00,
  0x60,  0x00,  0x70,  0x00,  0x0E,  0x00,  0x07,  0x80,
  0x03,  0xC0,  0x00,  0x7E,  0x01,  0xFC,  0x00,  0x03,
  0xFF,  0xFF,  0x80,  0x00,  0x3F,  0xFF,  0xF0,  0x00,
  0x00,  0xFF,  0xFC,  0x00,  0x00,  0x03,  0xFE,  0x00,
  0x00,  0x00,  0x00,  0x00,  0x00,  0x00,  0x00,  0x00,
  0x00,  0x00,  0x00,  0x00,  0x00,  0x00,  0x00,  0x00,
  0x00,  0x00,  0x00,  0x00,  0x00,  0x00,  0x00,  0x00,
  0x00,  0x00,  0x00,  0x00,  0x00,  0x00,  0x00,  0x00,
  0x00
};

const UCHAR abc_fontArialNarrow50h_0634[ 225] = { /* code 0634 */
  0x00,  0x00,  0x00,  0x00,  0x00,  0x00,  0x00,  0x00,
  0x00,  0x00,  0x00,  0x00,  0x00,  0x00,  0x00,  0x00,
  0x00,  0x00,  0x00,  0x00,  0x00,  0x00,  0x00,  0x00,
  0x00,  0x00,  0x00,  0x00,  0x00,  0x00,  0x00,  0x00,
  0x00,  0x00,  0x00,  0x00,  0x00,  0x00,  0x00,  0x00,
  0x00,  0x00,  0x00,  0x01,  0x00,  0x00,  0x00,  0x00,
  0x1C,  0x00,  0x00,  0x00,  0x03,  0xE0,  0x00,  0x00,
  0x00,  0x1C,  0x00,  0x00,  0x00,  0x00,  0xD0,  0x00,
  0x00,  0x00,  0x01,  0xC0,  0x00,  0x00,  0x02,  0x3E,
  0x00,  0x00,  0x00,  0x39,  0xC0,  0x00,  0x00,  0x07,
  0xCC,  0x00,  0x00,  0x00,  0x38,  0x00,  0x00,  0x00,
  0x01,  0x80,  0x00,  0x00,  0x00,  0x00,  0x00,  0x00,
  0x00,  0x40,  0x00,  0x00,  0x00,  0x04,  0x00,  0x20,
  0x00,  0x00,  0xC0,  0x46,  0x00,  0x00,  0x1E,  0x04,
  0x70,  0x80,  0x01,  0xE0,  0x43,  0x08,  0x00,  0x0E,
  0x04,  0x11,  0x00,  0x00,  0x60,  0x41,  0x10,  0x00,
  0x06,  0x06,  0x13,  0x00,  0x00,  0x20,  0xF1,  0x20,
  0x00,  0x03,  0xFF,  0xF2,  0x00,  0x00,  0x3F,  0xFF,
  0x60,  0x00,  0x03,  0xFF,  0xF6,  0x00,  0x00,  0x3F,
  0x8F,  0x60,  0x00,  0x06,  0x00,  0x06,  0x00,  0x00,
  0x60,  0x00,  0x70,  0x00,  0x0E,  0x00,  0x07,  0x80,
  0x03,  0xC0,  0x00,  0x7E,  0x01,  0xFC,  0x00,  0x03,
  0xFF,  0xFF,  0x80,  0x00,  0x3F,  0xFF,  0xF0,  0x00,
  0x00,  0xFF,  0xFC,  0x00,  0x00,  0x03,  0xFE,  0x00,
  0x00,  0x00,  0x00,  0x00,  0x00,  0x00,  0x00,  0x00,
  0x00,  0x00,  0x00,  0x00,  0x00,  0x00,  0x00,  0x00,
  0x00,  0x00,  0x00,  0x00,  0x00,  0x00,  0x00,  0x00,
  0x00,  0x00,  0x00,  0x00,  0x00,  0x00,  0x00,  0x00,
  0x00
};

const UCHAR abc_fontArialNarrow50h_0637[ 175] = { /* code 0637 */
  0x00,  0x00,  0x00,  0x00,  0x00,  0x00,  0x00,  0x00,
  0x00,  0x00,  0x00,  0x00,  0x00,  0x00,  0x00,  0x00,
  0x00,  0x00,  0x00,  0x00,  0x00,  0x00,  0x80,  0x00,
  0x00,  0x0C,  0x00,  0x00,  0x00,  0xF8,  0x00,  0x00,
  0x0F,  0x80,  0x00,  0x00,  0xF8,  0x00,  0x00,  0x07,
  0x00,  0x00,  0x00,  0x60,  0x00,  0x00,  0x03,  0x00,
  0x00,  0x00,  0x30,  0x00,  0x00,  0x03,  0x00,  0x00,
  0x00,  0x30,  0x00,  0x00,  0x03,  0x80,  0x00,  0x00,
  0x18,  0x00,  0x00,  0x01,  0x80,  0x00,  0x00,  0x18,
  0x00,  0x00,  0x01,  0x80,  0x00,  0x00,  0x18,  0x0F,
  0x80,  0x01,  0x87,  0xFC,  0x00,  0x19,  0xFF,  0xE0,
  0x01,  0x7F,  0xFF,  0x00,  0x1F,  0x80,  0xF0,  0x03,
  0xE0,  0x07,  0x00,  0x78,  0x00,  0x70,  0x1E,  0x00,
  0x0F,  0xFF,  0xFF,  0xFF,  0xFF,  0xFF,  0xFF,  0xFF,
  0xFF,  0xFF,  0xFF,  0xFF,  0xFF,  0xFF,  0xFF,  0x00,
  0x00,  0x00,  0x00,  0x00,  0x00,  0x00,  0x00,  0x00,
  0x00,  0x00,  0x00,  0x00,  0x00,  0x00,  0x00,  0x00,
  0x00,  0x00,  0x00,  0x00,  0x00,  0x00,  0x00,  0x00,
  0x00,  0x00,  0x00,  0x00,  0x00,  0x00,  0x00,  0x00,
  0x00,  0x00,  0x00,  0x00,  0x00,  0x00,  0x00,  0x00,
  0x00,  0x00,  0x00,  0x00,  0x00,  0x00,  0x00,  0x00,
  0x00,  0x00,  0x00,  0x00,  0x00,  0x00,  0x00
};

const UCHAR abc_fontArialNarrow50h_0638[ 175] = { /* code 0638 */
  0x00,  0x00,  0x00,  0x00,  0x00,  0x00,  0x00,  0x00,
  0x00,  0x00,  0x00,  0x00,  0x00,  0x00,  0x00,  0x00,
  0x00,  0x00,  0x00,  0x00,  0x00,  0x00,  0x80,  0x00,
  0x00,  0x0C,  0x00,  0x00,  0x00,  0xF8,  0x00,  0x00,
  0x0F,  0x80,  0x00,  0x00,  0xF8,  0x00,  0x00,  0x07,
  0x00,  0x00,  0x00,  0x60,  0x40,  0x00,  0x03,  0x07,
  0x00,  0x00,  0x30,  0xF8,  0x00,  0x03,  0x07,  0x00,
  0x00,  0x30,  0x30,  0x00,  0x03,  0x80,  0x00,  0x00,
  0x18,  0x00,  0x00,  0x01,  0x80,  0x00,  0x00,  0x18,
  0x00,  0x00,  0x01,  0x80,  0x00,  0x00,  0x18,  0x0F,
  0x80,  0x01,  0x87,  0xFC,  0x00,  0x19,  0xFF,  0xE0,
  0x01,  0x7F,  0xFF,  0x00,  0x1F,  0x80,  0xF0,  0x03,
  0xE0,  0x07,  0x00,  0x78,  0x00,  0x70,  0x1E,  0x00,
  0x0F,  0xFF,  0xFF,  0xFF,  0xFF,  0xFF,  0xFF,  0xFF,
  0xFF,  0xFF,  0xFF,  0xFF,  0xFF,  0xFF,  0xFF,  0x00,
  0x00,  0x00,  0x00,  0x00,  0x00,  0x00,  0x00,  0x00,
  0x00,  0x00,  0x00,  0x00,  0x00,  0x00,  0x00,  0x00,
  0x00,  0x00,  0x00,  0x00,  0x00,  0x00,  0x00,  0x00,
  0x00,  0x00,  0x00,  0x00,  0x00,  0x00,  0x00,  0x00,
  0x00,  0x00,  0x00,  0x00,  0x00,  0x00,  0x00,  0x00,
  0x00,  0x00,  0x00,  0x00,  0x00,  0x00,  0x00,  0x00,
  0x00,  0x00,  0x00,  0x00,  0x00,  0x00,  0x00
};

const UCHAR abc_fontArialNarrow50h_0639[ 150] = { /* code 0639 */
  0x00,  0x00,  0x00,  0x00,  0x00,  0x00,  0x00,  0x00,
  0x00,  0x00,  0x00,  0x00,  0x00,  0x00,  0x00,  0x00,
  0x00,  0x00,  0x00,  0x00,  0x00,  0x00,  0x00,  0x00,
  0x00,  0x00,  0x00,  0x00,  0x00,  0x00,  0x00,  0x00,
  0x00,  0x00,  0x00,  0x00,  0x00,  0x00,  0x00,  0x03,
  0xC0,  0x00,  0x0F,  0xF0,  0x00,  0x1F,  0xF8,  0x00,
  0x1F,  0xFC,  0x00,  0x3F,  0x80,  0x00,  0x38,  0x00,
  0x00,  0x70,  0x00,  0x00,  0x60,  0x00,  0x00,  0x60,
  0x00,  0x60,  0x70,  0x01,  0xE0,  0x7C,  0x07,  0xC0,
  0x7F,  0x1F,  0xC0,  0x3F,  0xFF,  0x80,  0x1F,  0xFE,
  0x00,  0x0F,  0xF0,  0x00,  0x07,  0xC0,  0x00,  0x07,
  0x80,  0x00,  0x0E,  0x00,  0x00,  0x0C,  0x00,  0x00,
  0x18,  0x00,  0x00,  0x30,  0x00,  0x00,  0x30,  0x00,
  0x00,  0x20,  0x00,  0x00,  0x60,  0x00,  0x00,  0x60,
  0x00,  0x00,  0x60,  0x00,  0x00,  0x60,  0x00,  0x00,
  0x70,  0x00,  0x00,  0x70,  0x00,  0x00,  0x78,  0x00,
  0x00,  0x3E,  0x00,  0x00,  0x3F,  0xE0,  0x00,  0x1F,
  0xFF,  0xFE,  0x0F,  0xFF,  0xF8,  0x03,  0xFF,  0xF0,
  0x00,  0x3F,  0xC0,  0x00,  0x00,  0x00
};

const UCHAR abc_fontArialNarrow50h_063A[ 150] = { /* code 063A */
  0x00,  0x00,  0x00,  0x00,  0x00,  0x00,  0x00,  0x00,
  0x00,  0x00,  0x00,  0x00,  0x00,  0x00,  0x00,  0x00,
  0x00,  0x00,  0x00,  0x00,  0x00,  0x02,  0x00,  0x00,
  0x03,  0x80,  0x00,  0x07,  0xC0,  0x00,  0x03,  0x80,
  0x00,  0x01,  0x80,  0x00,  0x00,  0x00,  0x00,  0x03,
  0xC0,  0x00,  0x0F,  0xF0,  0x00,  0x1F,  0xF8,  0x00,
  0x1F,  0xFC,  0x00,  0x3F,  0x80,  0x00,  0x38,  0x00,
  0x00,  0x70,  0x00,  0x00,  0x60,  0x00,  0x00,  0x60,
  0x00,  0x60,  0x70,  0x01,  0xE0,  0x7C,  0x07,  0xC0,
  0x7F,  0x1F,  0xC0,  0x3F,  0xFF,  0x80,  0x1F,  0xFE,
  0x00,  0x0F,  0xF0,  0x00,  0x07,  0xC0,  0x00,  0x07,
  0x80,  0x00,  0x0E,  0x00,  0x00,  0x0C,  0x00,  0x00,
  0x18,  0x00,  0x00,  0x30,  0x00,  0x00,  0x30,  0x00,
  0x00,  0x20,  0x00,  0x00,  0x60,  0x00,  0x00,  0x60,
  0x00,  0x00,  0x60,  0x00,  0x00,  0x60,  0x00,  0x00,
  0x70,  0x00,  0x00,  0x70,  0x00,  0x00,  0x78,  0x00,
  0x00,  0x3E,  0x00,  0x00,  0x3F,  0xE0,  0x00,  0x1F,
  0xFF,  0xFE,  0x0F,  0xFF,  0xF8,  0x03,  0xFF,  0xF0,
  0x00,  0x3F,  0xC0,  0x00,  0x00,  0x00
};

const UCHAR abc_fontArialNarrow50h_0641[ 219] = { /* code 0641 */
  0x00,  0x00,  0x00,  0x00,  0x00,  0x00,  0x00,  0x00,
  0x00,  0x00,  0x00,  0x00,  0x00,  0x00,  0x00,  0x00,
  0x00,  0x00,  0x00,  0x00,  0x00,  0x00,  0x00,  0x00,
  0x00,  0x00,  0x00,  0x00,  0x00,  0x00,  0x00,  0x00,
  0x00,  0x00,  0x00,  0x00,  0x00,  0x00,  0x00,  0x00,
  0x00,  0x00,  0x00,  0x00,  0x00,  0x00,  0x00,  0x80,
  0x00,  0x00,  0x00,  0x1C,  0x00,  0x00,  0x00,  0x07,
  0xC0,  0x00,  0x00,  0x00,  0x70,  0x00,  0x00,  0x00,
  0x06,  0x00,  0x00,  0x00,  0x00,  0x00,  0x00,  0x00,
  0x00,  0x00,  0x00,  0x00,  0x00,  0x00,  0x00,  0x00,
  0x00,  0x00,  0x00,  0x08,  0x00,  0x00,  0x01,  0xC1,
  0x00,  0x00,  0x00,  0x7C,  0x40,  0x00,  0x00,  0x1F,
  0x88,  0x00,  0x00,  0x03,  0xF9,  0x00,  0x00,  0x00,
  0xE7,  0x60,  0x00,  0x00,  0x1C,  0x6C,  0x00,  0x00,
  0x03,  0x8D,  0xC0,  0x00,  0x00,  0x79,  0xB8,  0x00,
  0x00,  0x0F,  0xF7,  0xC0,  0x00,  0x00,  0xFE,  0x7F,
  0x00,  0x00,  0x07,  0xCF,  0xFF,  0xFF,  0xFF,  0xF8,
  0xFF,  0xFF,  0xFF,  0xFF,  0x07,  0xFF,  0xFF,  0xFF,
  0xE0,  0x1F,  0xFF,  0xFF,  0xFC,  0x00,  0x00,  0x00,
  0x00,  0x00,  0x00,  0x00,  0x00,  0x00,  0x00,  0x00,
  0x00,  0x00,  0x00,  0x00,  0x00,  0x00,  0x00,  0x00,
  0x00,  0x00,  0x00,  0x00,  0x00,  0x00,  0x00,  0x00,
  0x00,  0x00,  0x00,  0x00,  0x00,  0x00,  0x00,  0x00,
  0x00,  0x00,  0x00,  0x00,  0x00,  0x00,  0x00,  0x00,
  0x00,  0x00,  0x00,  0x00,  0x00,  0x00,  0x00,  0x00,
  0x00,  0x00,  0x00,  0x00,  0x00,  0x00,  0x00,  0x00,
  0x00,  0x00,  0x00,  0x00,  0x00,  0x00,  0x00,  0x00,
  0x00,  0x00,  0x00
};

const UCHAR abc_fontArialNarrow50h_0642[ 163] = { /* code 0642 */
  0x00,  0x00,  0x00,  0x00,  0x00,  0x00,  0x00,  0x00,
  0x00,  0x00,  0x00,  0x00,  0x00,  0x00,  0x00,  0x00,
  0x00,  0x00,  0x00,  0x00,  0x00,  0x00,  0x00,  0x00,
  0x00,  0x00,  0x00,  0x00,  0x00,  0x00,  0x00,  0x00,
  0x00,  0x00,  0x00,  0xC0,  0x00,  0x00,  0x38,  0x00,
  0x01,  0x9F,  0x00,  0x00,  0x73,  0x80,  0x00,  0x3E,
  0x20,  0x00,  0x07,  0x00,  0x00,  0x00,  0x40,  0x00,
  0x00,  0x00,  0x00,  0x00,  0x00,  0x00,  0x00,  0x00,
  0x00,  0x00,  0x00,  0x1C,  0x00,  0x00,  0x0F,  0xC0,
  0x00,  0x07,  0xF0,  0x00,  0x01,  0xFE,  0x00,  0x00,
  0xC7,  0x81,  0x00,  0x30,  0xE0,  0x40,  0x0C,  0x3C,
  0x20,  0x03,  0xFF,  0x08,  0x00,  0xFF,  0xC6,  0x00,
  0x1F,  0xF1,  0x00,  0x03,  0xEC,  0x40,  0x00,  0x03,
  0x30,  0x00,  0x00,  0xCC,  0x00,  0x00,  0x33,  0x00,
  0x00,  0x0C,  0xC0,  0x00,  0x07,  0x38,  0x00,  0x03,
  0xCF,  0x00,  0x03,  0xE1,  0xF0,  0x07,  0xF8,  0x7F,
  0xFF,  0xFC,  0x0F,  0xFF,  0xFE,  0x01,  0xFF,  0xFE,
  0x00,  0x0F,  0xFC,  0x00,  0x00,  0x00,  0x00,  0x00,
  0x00,  0x00,  0x00,  0x00,  0x00,  0x00,  0x00,  0x00,
  0x00,  0x00,  0x00,  0x00,  0x00,  0x00,  0x00,  0x00,
  0x00,  0x00,  0x00
};

const UCHAR abc_fontArialNarrow50h_0643[ 163] = { /* code 0643 */
  0x00,  0x00,  0x00,  0x00,  0x00,  0x00,  0x00,  0x00,
  0x00,  0x00,  0x00,  0x00,  0x00,  0x00,  0x00,  0x00,
  0x00,  0x00,  0x01,  0x00,  0x00,  0x00,  0x40,  0x00,
  0x00,  0x3C,  0x00,  0x00,  0x0F,  0x80,  0x00,  0x03,
  0xE0,  0x00,  0x00,  0xF8,  0x00,  0x02,  0x1C,  0x00,
  0x01,  0x86,  0x00,  0x00,  0xE1,  0x80,  0x00,  0x60,
  0x20,  0x00,  0x30,  0x0C,  0x00,  0x08,  0x03,  0x00,
  0x06,  0x00,  0xC0,  0x01,  0xFC,  0x30,  0x00,  0x7F,
  0x0C,  0x00,  0x1F,  0xC3,  0x04,  0x00,  0x30,  0x63,
  0x00,  0x0C,  0x18,  0x80,  0x0E,  0x06,  0x20,  0xFE,
  0x01,  0x98,  0x00,  0x00,  0x66,  0x00,  0x00,  0x19,
  0x80,  0x00,  0x03,  0x70,  0x00,  0x00,  0xDF,  0x00,
  0x00,  0x37,  0xFF,  0xFF,  0xFC,  0xFF,  0xFF,  0xFF,
  0x1F,  0xFF,  0xFF,  0xC1,  0xFF,  0xFF,  0xF0,  0x00,
  0x00,  0x00,  0x00,  0x00,  0x00,  0x00,  0x00,  0x00,
  0x00,  0x00,  0x00,  0x00,  0x00,  0x00,  0x00,  0x00,
  0x00,  0x00,  0x00,  0x00,  0x00,  0x00,  0x00,  0x00,
  0x00,  0x00,  0x00,  0x00,  0x00,  0x00,  0x00,  0x00,
  0x00,  0x00,  0x00,  0x00,  0x00,  0x00,  0x00,  0x00,
  0x00,  0x00,  0x00,  0x00,  0x00,  0x00,  0x00,  0x00,
  0x00,  0x00,  0x00
};

const UCHAR abc_fontArialNarrow50h_0644[ 138] = { /* code 0644 */
  0x00,  0x00,  0x00,  0x00,  0x00,  0x00,  0x00,  0x00,
  0x00,  0x00,  0x00,  0x00,  0x00,  0x00,  0x00,  0x00,
  0x80,  0x00,  0x02,  0x00,  0x00,  0x1E,  0x00,  0x00,
  0x7C,  0x00,  0x01,  0xF0,  0x00,  0x07,  0xC0,  0x00,
  0x0F,  0x00,  0x00,  0x30,  0x00,  0x00,  0xC0,  0x00,
  0x03,  0x00,  0x00,  0x04,  0x00,  0x00,  0x18,  0x00,
  0x00,  0x60,  0x00,  0x01,  0x80,  0x00,  0x06,  0x00,
  0x00,  0x18,  0x08,  0x00,  0x60,  0x40,  0x01,  0x81,
  0x00,  0x06,  0x08,  0x00,  0x0C,  0x20,  0x00,  0x31,
  0x80,  0x00,  0xC4,  0x00,  0x03,  0x10,  0x00,  0x0C,
  0xC0,  0x00,  0x33,  0x00,  0x00,  0xCC,  0x00,  0x03,
  0x30,  0x00,  0x0C,  0xE0,  0x00,  0x73,  0xC0,  0x07,
  0xCF,  0x80,  0x7E,  0x1F,  0xFF,  0xF8,  0x7F,  0xFF,
  0xC0,  0x7F,  0xFC,  0x00,  0x7F,  0xC0,  0x00,  0x00,
  0x00,  0x00,  0x00,  0x00,  0x00,  0x00,  0x00,  0x00,
  0x00,  0x00,  0x00,  0x00,  0x00,  0x00,  0x00,  0x00,
  0x00,  0x00,  0x00,  0x00,  0x00,  0x00,  0x00,  0x00,
  0x00,  0x00
};

const UCHAR abc_fontArialNarrow50h_0645[  94] = { /* code 0645 */
  0x00,  0x00,  0x00,  0x00,  0x00,  0x00,  0x00,  0x00,
  0x00,  0x00,  0x00,  0x00,  0x00,  0x00,  0x00,  0x00,
  0x00,  0x00,  0x00,  0x00,  0x00,  0x00,  0x00,  0x00,
  0x00,  0x00,  0x00,  0x00,  0x00,  0x00,  0x00,  0x00,
  0x00,  0x00,  0x00,  0x00,  0x00,  0x00,  0x00,  0x00,
  0x00,  0x00,  0x00,  0x00,  0xE0,  0x03,  0xE0,  0x0F,
  0xE0,  0x1F,  0xE0,  0x63,  0xE0,  0x83,  0xC0,  0x03,
  0xC0,  0x7F,  0x87,  0xFF,  0x1F,  0xFE,  0x7F,  0xFD,
  0xF8,  0x03,  0x80,  0x06,  0x00,  0x0C,  0x00,  0x18,
  0x00,  0x10,  0x00,  0x30,  0x00,  0x60,  0x00,  0xC0,
  0x00,  0xC0,  0x01,  0x80,  0x03,  0x00,  0x02,  0x00,
  0x04,  0x00,  0x08,  0x00,  0x00,  0x00
};

const UCHAR abc_fontArialNarrow50h_0646[ 144] = { /* code 0646 */
  0x00,  0x00,  0x00,  0x00,  0x00,  0x00,  0x00,  0x00,
  0x00,  0x00,  0x00,  0x00,  0x00,  0x00,  0x00,  0x00,
  0x00,  0x00,  0x00,  0x00,  0x00,  0x00,  0x00,  0x00,
  0x00,  0x00,  0x00,  0x00,  0x00,  0x00,  0x00,  0x00,
  0x00,  0x00,  0x00,  0x00,  0x00,  0x00,  0x00,  0x00,
  0x00,  0x00,  0x00,  0x00,  0x08,  0x00,  0x00,  0x1C,
  0x00,  0x00,  0x7C,  0x00,  0x00,  0x70,  0x00,  0x00,
  0x60,  0x00,  0x00,  0x00,  0x00,  0x00,  0x01,  0x00,
  0x00,  0x03,  0x00,  0x00,  0x06,  0x00,  0x00,  0x1C,
  0x10,  0x00,  0x3C,  0x20,  0x00,  0x38,  0x80,  0x00,
  0x71,  0x00,  0x00,  0x66,  0x00,  0x00,  0xC8,  0x00,
  0x01,  0x90,  0x00,  0x03,  0x60,  0x00,  0x06,  0xC0,
  0x00,  0x0D,  0x80,  0x00,  0x1B,  0x00,  0x00,  0x77,
  0x00,  0x01,  0xEF,  0x00,  0x0F,  0x9F,  0x80,  0xFF,
  0x1F,  0xFF,  0xFC,  0x3F,  0xFF,  0xF0,  0x1F,  0xFF,
  0xC0,  0x0F,  0xFC,  0x00,  0x00,  0x00,  0x00,  0x00,
  0x00,  0x00,  0x00,  0x00,  0x00,  0x00,  0x00,  0x00,
  0x00,  0x00,  0x00,  0x00,  0x00,  0x00,  0x00,  0x00
};

const UCHAR abc_fontArialNarrow50h_0647[  75] = { /* code 0647 */
  0x00,  0x00,  0x00,  0x00,  0x00,  0x00,  0x00,  0x00,
  0x00,  0x00,  0x00,  0x00,  0x00,  0x00,  0x00,  0x00,
  0x00,  0x00,  0x00,  0x00,  0x00,  0x00,  0x00,  0x00,
  0x00,  0x00,  0x00,  0x00,  0x00,  0x00,  0x10,  0x01,
  0xC0,  0x1F,  0x01,  0xF8,  0x1F,  0xC3,  0x7E,  0x21,
  0xE2,  0x06,  0x60,  0x67,  0x1E,  0x7F,  0xC7,  0xFC,
  0x7F,  0x83,  0xF0,  0x00,  0x00,  0x00,  0x00,  0x00,
  0x00,  0x00,  0x00,  0x00,  0x00,  0x00,  0x00,  0x00,
  0x00,  0x00,  0x00,  0x00,  0x00,  0x00,  0x00,  0x00,
  0x00,  0x00,  0x00
};

const UCHAR abc_fontArialNarrow50h_0648[ 119] = { /* code 0648 */
  0x00,  0x00,  0x00,  0x00,  0x00,  0x00,  0x00,  0x00,
  0x00,  0x00,  0x00,  0x00,  0x00,  0x00,  0x00,  0x00,
  0x00,  0x00,  0x00,  0x00,  0x00,  0x00,  0x00,  0x00,
  0x00,  0x00,  0x00,  0x00,  0x00,  0x00,  0x00,  0x00,
  0x00,  0x00,  0x00,  0x00,  0x00,  0x00,  0x00,  0x00,
  0x00,  0x00,  0x00,  0x00,  0x00,  0x00,  0x00,  0x00,
  0x00,  0x00,  0x00,  0x00,  0x00,  0x00,  0xE0,  0x00,
  0x3E,  0x00,  0x0F,  0xC0,  0x01,  0xFC,  0x00,  0x63,
  0x80,  0x0C,  0x70,  0x01,  0x86,  0x00,  0x38,  0xC0,
  0x07,  0xF8,  0x00,  0xFF,  0x00,  0x0F,  0xE0,  0x00,
  0x7C,  0x00,  0x01,  0x80,  0x00,  0x60,  0x00,  0x1C,
  0x00,  0x07,  0x80,  0x01,  0xE0,  0x00,  0xFC,  0x60,
  0x7F,  0x03,  0xFF,  0xC0,  0x1F,  0xF0,  0x00,  0xF8,
  0x00,  0x00,  0x00,  0x00,  0x00,  0x00,  0x00,  0x00,
  0x00,  0x00,  0x00,  0x00,  0x00,  0x00,  0x00
};

const UCHAR abc_fontArialNarrow50h_0649[ 175] = { /* code 0649 */
  0x00,  0x00,  0x00,  0x00,  0x00,  0x00,  0x00,  0x00,
  0x00,  0x00,  0x00,  0x00,  0x00,  0x00,  0x00,  0x00,
  0x00,  0x00,  0x00,  0x00,  0x00,  0x00,  0x00,  0x00,
  0x00,  0x00,  0x00,  0x00,  0x00,  0x00,  0x00,  0x00,
  0x00,  0x00,  0x00,  0x00,  0x00,  0x00,  0x00,  0x00,
  0x00,  0x00,  0x00,  0x00,  0x00,  0x00,  0x00,  0x00,
  0x00,  0x00,  0x00,  0x00,  0x00,  0x00,  0x00,  0x00,
  0x00,  0x00,  0x00,  0x00,  0x00,  0x00,  0x00,  0x00,
  0x00,  0x00,  0x00,  0x00,  0x00,  0x78,  0x00,  0x00,
  0x1F,  0xC0,  0x00,  0x03,  0xFC,  0x00,  0x00,  0x3F,
  0xC0,  0x00,  0x07,  0x0C,  0x00,  0x00,  0xE0,  0x40,
  0x80,  0x0C,  0x00,  0x08,  0x01,  0x80,  0x01,  0x00,
  0x10,  0x00,  0x10,  0x01,  0x00,  0x03,  0x00,  0x30,
  0x00,  0x20,  0x03,  0xFF,  0x82,  0x00,  0x3F,  0xF8,
  0x60,  0x03,  0xFF,  0x86,  0x00,  0x1F,  0xF8,  0x60,
  0x00,  0x01,  0x87,  0x00,  0x00,  0x70,  0x70,  0x00,
  0x1F,  0x07,  0xC0,  0x3F,  0xE0,  0x7F,  0xFF,  0xFC,
  0x03,  0xFF,  0xFF,  0x00,  0x1F,  0xFF,  0xC0,  0x00,
  0x7F,  0xE0,  0x00,  0x00,  0x00,  0x00,  0x00,  0x00,
  0x00,  0x00,  0x00,  0x00,  0x00,  0x00,  0x00,  0x00,
  0x00,  0x00,  0x00,  0x00,  0x00,  0x00,  0x00,  0x00,
  0x00,  0x00,  0x00,  0x00,  0x00,  0x00,  0x00
};

const UCHAR abc_fontArialNarrow50h_064A[ 175] = { /* code 064A */
  0x00,  0x00,  0x00,  0x00,  0x00,  0x00,  0x00,  0x00,
  0x00,  0x00,  0x00,  0x00,  0x00,  0x00,  0x00,  0x00,
  0x00,  0x00,  0x00,  0x00,  0x00,  0x00,  0x00,  0x00,
  0x00,  0x00,  0x00,  0x00,  0x00,  0x00,  0x00,  0x00,
  0x00,  0x00,  0x00,  0x00,  0x00,  0x00,  0x00,  0x00,
  0x00,  0x00,  0x00,  0x00,  0x00,  0x00,  0x00,  0x00,
  0x00,  0x00,  0x00,  0x00,  0x00,  0x00,  0x00,  0x00,
  0x00,  0x00,  0x00,  0x00,  0x00,  0x00,  0x00,  0x00,
  0x00,  0x00,  0x00,  0x00,  0x00,  0x78,  0x00,  0x00,
  0x1F,  0xC0,  0x00,  0x03,  0xFC,  0x00,  0x00,  0x3F,
  0xC0,  0x00,  0x07,  0x0C,  0x00,  0x00,  0xE0,  0x40,
  0x80,  0x0C,  0x00,  0x08,  0x01,  0x80,  0x01,  0x00,
  0x10,  0x00,  0x10,  0x01,  0x00,  0x03,  0x00,  0x30,
  0x00,  0x20,  0x03,  0xFF,  0x82,  0x00,  0x3F,  0xF8,
  0x60,  0x03,  0xFF,  0x86,  0x00,  0x1F,  0xF8,  0x60,
  0x00,  0x01,  0x87,  0x00,  0x00,  0x70,  0x70,  0x00,
  0x1F,  0x07,  0xC0,  0x3F,  0xE0,  0x7F,  0xFF,  0xFC,
  0x03,  0xFF,  0xFF,  0x00,  0x1F,  0xFF,  0xC0,  0x00,
  0x7F,  0xE0,  0x00,  0x00,  0x01,  0x80,  0x00,  0x00,
  0x1C,  0x00,  0x00,  0x33,  0xE0,  0x00,  0x03,  0x9C,
  0x00,  0x00,  0x7C,  0x40,  0x00,  0x03,  0x80,  0x00,
  0x00,  0x08,  0x00,  0x00,  0x00,  0x00,  0x00
};

const UCHAR abc_fontArialNarrow50h_1EA3[ 150] = { /* code 1EA3 */
  0x00,  0x00,  0x00,  0x00,  0x00,  0x00,  0x00,  0x00,
  0x00,  0x00,  0x00,  0x00,  0x00,  0x00,  0x00,  0x00,
  0x00,  0x00,  0x00,  0x7E,  0x00,  0x00,  0x7F,  0x80,
  0x00,  0x07,  0xC0,  0x00,  0x03,  0xC0,  0x00,  0x03,
  0xC0,  0x00,  0x0F,  0x80,  0x00,  0x0F,  0x00,  0x00,
  0x0C,  0x00,  0x00,  0x00,  0x00,  0x00,  0x00,  0x00,
  0x00,  0x7F,  0x80,  0x03,  0xFF,  0xE0,  0x07,  0xFF,
  0xF0,  0x0F,  0xFF,  0xF0,  0x0F,  0x81,  0xF8,  0x1F,
  0x00,  0xF8,  0x1E,  0x00,  0x78,  0x06,  0x00,  0x78,
  0x00,  0x00,  0x78,  0x00,  0x01,  0xF8,  0x00,  0x7F,
  0xF8,  0x03,  0xFF,  0xF8,  0x0F,  0xFF,  0xF8,  0x1F,
  0xFE,  0x78,  0x1F,  0x80,  0x78,  0x3E,  0x00,  0x78,
  0x3C,  0x00,  0x78,  0x3C,  0x00,  0xF8,  0x3C,  0x01,
  0xF8,  0x3F,  0x07,  0xF8,  0x1F,  0xFF,  0xF8,  0x1F,
  0xFF,  0x78,  0x0F,  0xFE,  0x7C,  0x03,  0xF8,  0x3C,
  0x00,  0x00,  0x00,  0x00,  0x00,  0x00,  0x00,  0x00,
  0x00,  0x00,  0x00,  0x00,  0x00,  0x00,  0x00,  0x00,
  0x00,  0x00,  0x00,  0x00,  0x00,  0x00,  0x00,  0x00,
  0x00,  0x00,  0x00,  0x00,  0x00,  0x00
};

const UCHAR abc_fontArialNarrow50h_1EA5[ 150] = { /* code 1EA5 */
  0x00,  0x00,  0x00,  0x00,  0x07,  0xC0,  0x00,  0x0F,
  0x80,  0x00,  0x0F,  0x00,  0x00,  0x1E,  0x00,  0x00,
  0x1C,  0x00,  0x00,  0x38,  0x00,  0x00,  0x00,  0x00,
  0x00,  0x3C,  0x00,  0x00,  0x7E,  0x00,  0x00,  0xFF,
  0x00,  0x01,  0xE7,  0x80,  0x01,  0xC3,  0x80,  0x03,
  0xC3,  0xC0,  0x00,  0x00,  0x00,  0x00,  0x00,  0x00,
  0x00,  0x7F,  0x80,  0x03,  0xFF,  0xE0,  0x07,  0xFF,
  0xF0,  0x0F,  0xFF,  0xF0,  0x0F,  0x81,  0xF8,  0x1F,
  0x00,  0xF8,  0x1E,  0x00,  0x78,  0x06,  0x00,  0x78,
  0x00,  0x00,  0x78,  0x00,  0x01,  0xF8,  0x00,  0x7F,
  0xF8,  0x03,  0xFF,  0xF8,  0x0F,  0xFF,  0xF8,  0x1F,
  0xFE,  0x78,  0x1F,  0x80,  0x78,  0x3E,  0x00,  0x78,
  0x3C,  0x00,  0x78,  0x3C,  0x00,  0xF8,  0x3C,  0x01,
  0xF8,  0x3F,  0x07,  0xF8,  0x1F,  0xFF,  0xF8,  0x1F,
  0xFF,  0x78,  0x0F,  0xFE,  0x7C,  0x03,  0xF8,  0x3C,
  0x00,  0x00,  0x00,  0x00,  0x00,  0x00,  0x00,  0x00,
  0x00,  0x00,  0x00,  0x00,  0x00,  0x00,  0x00,  0x00,
  0x00,  0x00,  0x00,  0x00,  0x00,  0x00,  0x00,  0x00,
  0x00,  0x00,  0x00,  0x00,  0x00,  0x00
};

const UCHAR abc_fontArialNarrow50h_1EA7[ 150] = { /* code 1EA7 */
  0x00,  0x00,  0x00,  0x01,  0xF0,  0x00,  0x00,  0xF8,
  0x00,  0x00,  0x78,  0x00,  0x00,  0x3C,  0x00,  0x00,
  0x1C,  0x00,  0x00,  0x0E,  0x00,  0x00,  0x00,  0x00,
  0x00,  0x3C,  0x00,  0x00,  0x7E,  0x00,  0x00,  0xFF,
  0x00,  0x01,  0xE7,  0x80,  0x01,  0xC3,  0x80,  0x03,
  0xC3,  0xC0,  0x00,  0x00,  0x00,  0x00,  0x00,  0x00,
  0x00,  0x7F,  0x80,  0x03,  0xFF,  0xE0,  0x07,  0xFF,
  0xF0,  0x0F,  0xFF,  0xF0,  0x0F,  0x81,  0xF8,  0x1F,
  0x00,  0xF8,  0x1E,  0x00,  0x78,  0x06,  0x00,  0x78,
  0x00,  0x00,  0x78,  0x00,  0x01,  0xF8,  0x00,  0x7F,
  0xF8,  0x03,  0xFF,  0xF8,  0x0F,  0xFF,  0xF8,  0x1F,
  0xFE,  0x78,  0x1F,  0x80,  0x78,  0x3E,  0x00,  0x78,
  0x3C,  0x00,  0x78,  0x3C,  0x00,  0xF8,  0x3C,  0x01,
  0xF8,  0x3F,  0x07,  0xF8,  0x1F,  0xFF,  0xF8,  0x1F,
  0xFF,  0x78,  0x0F,  0xFE,  0x7C,  0x03,  0xF8,  0x3C,
  0x00,  0x00,  0x00,  0x00,  0x00,  0x00,  0x00,  0x00,
  0x00,  0x00,  0x00,  0x00,  0x00,  0x00,  0x00,  0x00,
  0x00,  0x00,  0x00,  0x00,  0x00,  0x00,  0x00,  0x00,
  0x00,  0x00,  0x00,  0x00,  0x00,  0x00
};

const UCHAR abc_fontArialNarrow50h_1EA9[ 150] = { /* code 1EA9 */
  0x00,  0xFE,  0x00,  0x00,  0xFF,  0x00,  0x00,  0x07,
  0x80,  0x00,  0x07,  0x80,  0x00,  0x1E,  0x00,  0x00,
  0x18,  0x00,  0x00,  0x00,  0x00,  0x00,  0x00,  0x00,
  0x00,  0x3C,  0x00,  0x00,  0x7E,  0x00,  0x00,  0xFF,
  0x00,  0x01,  0xE7,  0x80,  0x01,  0xC3,  0x80,  0x03,
  0xC3,  0xC0,  0x00,  0x00,  0x00,  0x00,  0x00,  0x00,
  0x00,  0x7F,  0x80,  0x03,  0xFF,  0xE0,  0x07,  0xFF,
  0xF0,  0x0F,  0xFF,  0xF0,  0x0F,  0x81,  0xF8,  0x1F,
  0x00,  0xF8,  0x1E,  0x00,  0x78,  0x06,  0x00,  0x78,
  0x00,  0x00,  0x78,  0x00,  0x01,  0xF8,  0x00,  0x7F,
  0xF8,  0x03,  0xFF,  0xF8,  0x0F,  0xFF,  0xF8,  0x1F,
  0xFE,  0x78,  0x1F,  0x80,  0x78,  0x3E,  0x00,  0x78,
  0x3C,  0x00,  0x78,  0x3C,  0x00,  0xF8,  0x3C,  0x01,
  0xF8,  0x3F,  0x07,  0xF8,  0x1F,  0xFF,  0xF8,  0x1F,
  0xFF,  0x78,  0x0F,  0xFE,  0x7C,  0x03,  0xF8,  0x3C,
  0x00,  0x00,  0x00,  0x00,  0x00,  0x00,  0x00,  0x00,
  0x00,  0x00,  0x00,  0x00,  0x00,  0x00,  0x00,  0x00,
  0x00,  0x00,  0x00,  0x00,  0x00,  0x00,  0x00,  0x00,
  0x00,  0x00,  0x00,  0x00,  0x00,  0x00
};

const UCHAR abc_fontArialNarrow50h_1EAD[ 150] = { /* code 1EAD */
  0x00,  0x00,  0x00,  0x00,  0x00,  0x00,  0x00,  0x00,
  0x00,  0x00,  0x00,  0x00,  0x00,  0x00,  0x00,  0x00,
  0x00,  0x00,  0x00,  0x00,  0x00,  0x00,  0x3C,  0x00,
  0x00,  0x7E,  0x00,  0x00,  0xFF,  0x00,  0x01,  0xE7,
  0x80,  0x01,  0xC3,  0x80,  0x03,  0xC3,  0xC0,  0x00,
  0x00,  0x00,  0x00,  0x00,  0x00,  0x00,  0x00,  0x00,
  0x00,  0x7F,  0x80,  0x03,  0xFF,  0xE0,  0x07,  0xFF,
  0xF0,  0x0F,  0xFF,  0xF0,  0x0F,  0x81,  0xF8,  0x1F,
  0x00,  0xF8,  0x1E,  0x00,  0x78,  0x06,  0x00,  0x78,
  0x00,  0x00,  0x78,  0x00,  0x01,  0xF8,  0x00,  0x7F,
  0xF8,  0x03,  0xFF,  0xF8,  0x0F,  0xFF,  0xF8,  0x1F,
  0xFE,  0x78,  0x1F,  0x80,  0x78,  0x3E,  0x00,  0x78,
  0x3C,  0x00,  0x78,  0x3C,  0x00,  0xF8,  0x3C,  0x01,
  0xF8,  0x3F,  0x07,  0xF8,  0x1F,  0xFF,  0xF8,  0x1F,
  0xFF,  0x78,  0x0F,  0xFE,  0x7C,  0x03,  0xF8,  0x3C,
  0x00,  0x00,  0x00,  0x00,  0x00,  0x00,  0x00,  0x00,
  0x00,  0x00,  0x3C,  0x00,  0x00,  0x3C,  0x00,  0x00,
  0x3C,  0x00,  0x00,  0x3C,  0x00,  0x00,  0x00,  0x00,
  0x00,  0x00,  0x00,  0x00,  0x00,  0x00
};

const UCHAR abc_fontArialNarrow50h_1EAE[ 182] = { /* code 1EAE */
  0x00,  0x03,  0xE0,  0x00,  0x00,  0x3E,  0x00,  0x00,
  0x03,  0xC0,  0x00,  0x00,  0x00,  0x00,  0x00,  0x0E,
  0x03,  0x80,  0x00,  0x3F,  0xF8,  0x00,  0x00,  0x7F,
  0x00,  0x00,  0x00,  0x00,  0x00,  0x00,  0x07,  0x00,
  0x00,  0x00,  0x7C,  0x00,  0x00,  0x03,  0xE0,  0x00,
  0x00,  0x3F,  0x80,  0x00,  0x01,  0xDC,  0x00,  0x00,
  0x0E,  0xE0,  0x00,  0x00,  0xF7,  0x80,  0x00,  0x07,
  0x1C,  0x00,  0x00,  0x78,  0xF0,  0x00,  0x03,  0x83,
  0x80,  0x00,  0x1C,  0x1C,  0x00,  0x01,  0xE0,  0xF0,
  0x00,  0x0E,  0x03,  0x80,  0x00,  0xF0,  0x1E,  0x00,
  0x07,  0x80,  0xF0,  0x00,  0x38,  0x03,  0x80,  0x03,
  0xC0,  0x1E,  0x00,  0x1C,  0x00,  0x70,  0x01,  0xFF,
  0xFF,  0xC0,  0x0F,  0xFF,  0xFE,  0x00,  0x7F,  0xFF,
  0xF0,  0x07,  0xFF,  0xFF,  0xC0,  0x3C,  0x00,  0x1E,
  0x03,  0xC0,  0x00,  0x78,  0x1E,  0x00,  0x03,  0xC1,
  0xE0,  0x00,  0x0F,  0x0F,  0x00,  0x00,  0x78,  0x78,
  0x00,  0x03,  0xC7,  0x80,  0x00,  0x0F,  0x3C,  0x00,
  0x00,  0x7B,  0xE0,  0x00,  0x03,  0xFE,  0x00,  0x00,
  0x0F,  0x00,  0x00,  0x00,  0x00,  0x00,  0x00,  0x00,
  0x00,  0x00,  0x00,  0x00,  0x00,  0x00,  0x00,  0x00,
  0x00,  0x00,  0x00,  0x00,  0x00,  0x00,  0x00,  0x00,
  0x00,  0x00,  0x00,  0x00,  0x00,  0x00,  0x00,  0x00,
  0x00,  0x00,  0x00,  0x00,  0x00,  0x00
};

const UCHAR abc_fontArialNarrow50h_1EAF[ 150] = { /* code 1EAF */
  0x00,  0x00,  0x00,  0x00,  0x07,  0xC0,  0x00,  0x0F,
  0x80,  0x00,  0x0F,  0x00,  0x00,  0x1E,  0x00,  0x00,
  0x1C,  0x00,  0x00,  0x38,  0x00,  0x03,  0x80,  0xE0,
  0x03,  0xC0,  0xE0,  0x01,  0xC1,  0xC0,  0x01,  0xFF,
  0xC0,  0x00,  0xFF,  0x80,  0x00,  0x3E,  0x00,  0x00,
  0x00,  0x00,  0x00,  0x00,  0x00,  0x00,  0x00,  0x00,
  0x00,  0x7F,  0x80,  0x03,  0xFF,  0xE0,  0x07,  0xFF,
  0xF0,  0x0F,  0xFF,  0xF0,  0x0F,  0x81,  0xF8,  0x1F,
  0x00,  0xF8,  0x1E,  0x00,  0x78,  0x06,  0x00,  0x78,
  0x00,  0x00,  0x78,  0x00,  0x01,  0xF8,  0x00,  0x7F,
  0xF8,  0x03,  0xFF,  0xF8,  0x0F,  0xFF,  0xF8,  0x1F,
  0xFE,  0x78,  0x1F,  0x80,  0x78,  0x3E,  0x00,  0x78,
  0x3C,  0x00,  0x78,  0x3C,  0x00,  0xF8,  0x3C,  0x01,
  0xF8,  0x3F,  0x07,  0xF8,  0x1F,  0xFF,  0xF8,  0x1F,
  0xFF,  0x78,  0x0F,  0xFE,  0x7C,  0x03,  0xF8,  0x3C,
  0x00,  0x00,  0x00,  0x00,  0x00,  0x00,  0x00,  0x00,
  0x00,  0x00,  0x00,  0x00,  0x00,  0x00,  0x00,  0x00,
  0x00,  0x00,  0x00,  0x00,  0x00,  0x00,  0x00,  0x00,
  0x00,  0x00,  0x00,  0x00,  0x00,  0x00
};

const UCHAR abc_fontArialNarrow50h_1EB7[ 150] = { /* code 1EB7 */
  0x00,  0x00,  0x00,  0x00,  0x00,  0x00,  0x00,  0x00,
  0x00,  0x00,  0x00,  0x00,  0x00,  0x00,  0x00,  0x00,
  0x00,  0x00,  0x00,  0x00,  0x00,  0x03,  0x80,  0xE0,
  0x03,  0xC0,  0xE0,  0x01,  0xC1,  0xC0,  0x01,  0xFF,
  0xC0,  0x00,  0xFF,  0x80,  0x00,  0x3E,  0x00,  0x00,
  0x00,  0x00,  0x00,  0x00,  0x00,  0x00,  0x00,  0x00,
  0x00,  0x7F,  0x80,  0x03,  0xFF,  0xE0,  0x07,  0xFF,
  0xF0,  0x0F,  0xFF,  0xF0,  0x0F,  0x81,  0xF8,  0x1F,
  0x00,  0xF8,  0x1E,  0x00,  0x78,  0x06,  0x00,  0x78,
  0x00,  0x00,  0x78,  0x00,  0x01,  0xF8,  0x00,  0x7F,
  0xF8,  0x03,  0xFF,  0xF8,  0x0F,  0xFF,  0xF8,  0x1F,
  0xFE,  0x78,  0x1F,  0x80,  0x78,  0x3E,  0x00,  0x78,
  0x3C,  0x00,  0x78,  0x3C,  0x00,  0xF8,  0x3C,  0x01,
  0xF8,  0x3F,  0x07,  0xF8,  0x1F,  0xFF,  0xF8,  0x1F,
  0xFF,  0x78,  0x0F,  0xFE,  0x7C,  0x03,  0xF8,  0x3C,
  0x00,  0x00,  0x00,  0x00,  0x00,  0x00,  0x00,  0x00,
  0x00,  0x00,  0x3C,  0x00,  0x00,  0x3C,  0x00,  0x00,
  0x3C,  0x00,  0x00,  0x3C,  0x00,  0x00,  0x00,  0x00,
  0x00,  0x00,  0x00,  0x00,  0x00,  0x00
};

const UCHAR abc_fontArialNarrow50h_1EBD[ 150] = { /* code 1EBD */
  0x00,  0x00,  0x00,  0x00,  0x00,  0x00,  0x00,  0x00,
  0x00,  0x00,  0x00,  0x00,  0x00,  0x00,  0x00,  0x00,
  0x00,  0x00,  0x00,  0x00,  0x00,  0x00,  0x00,  0x00,
  0x00,  0xF0,  0xE0,  0x01,  0xF8,  0xE0,  0x01,  0xFF,
  0xE0,  0x03,  0xFF,  0xC0,  0x03,  0x8F,  0xC0,  0x03,
  0x87,  0x80,  0x00,  0x00,  0x00,  0x00,  0x00,  0x00,
  0x00,  0x7E,  0x00,  0x01,  0xFF,  0x80,  0x03,  0xFF,
  0xE0,  0x07,  0xFF,  0xF0,  0x0F,  0x81,  0xF0,  0x1F,
  0x00,  0xF8,  0x1E,  0x00,  0x78,  0x1C,  0x00,  0x38,
  0x3C,  0x00,  0x3C,  0x3F,  0xFF,  0xFC,  0x3F,  0xFF,
  0xFC,  0x3F,  0xFF,  0xFC,  0x3F,  0xFF,  0xFC,  0x3C,
  0x00,  0x00,  0x3C,  0x00,  0x00,  0x3C,  0x00,  0x00,
  0x1E,  0x00,  0x30,  0x1E,  0x00,  0x7C,  0x1F,  0x00,
  0xF8,  0x0F,  0xC1,  0xF8,  0x0F,  0xFF,  0xF0,  0x07,
  0xFF,  0xE0,  0x01,  0xFF,  0xC0,  0x00,  0x7F,  0x00,
  0x00,  0x00,  0x00,  0x00,  0x00,  0x00,  0x00,  0x00,
  0x00,  0x00,  0x00,  0x00,  0x00,  0x00,  0x00,  0x00,
  0x00,  0x00,  0x00,  0x00,  0x00,  0x00,  0x00,  0x00,
  0x00,  0x00,  0x00,  0x00,  0x00,  0x00
};

const UCHAR abc_fontArialNarrow50h_1EBF[ 150] = { /* code 1EBF */
  0x00,  0x00,  0x00,  0x00,  0x07,  0xC0,  0x00,  0x0F,
  0x80,  0x00,  0x0F,  0x00,  0x00,  0x1E,  0x00,  0x00,
  0x1C,  0x00,  0x00,  0x38,  0x00,  0x00,  0x00,  0x00,
  0x00,  0x3C,  0x00,  0x00,  0x7E,  0x00,  0x00,  0xFF,
  0x00,  0x01,  0xE7,  0x80,  0x01,  0xC3,  0x80,  0x03,
  0xC3,  0xC0,  0x00,  0x00,  0x00,  0x00,  0x00,  0x00,
  0x00,  0x7E,  0x00,  0x01,  0xFF,  0x80,  0x03,  0xFF,
  0xE0,  0x07,  0xFF,  0xF0,  0x0F,  0x81,  0xF0,  0x1F,
  0x00,  0xF8,  0x1E,  0x00,  0x78,  0x1C,  0x00,  0x38,
  0x3C,  0x00,  0x3C,  0x3F,  0xFF,  0xFC,  0x3F,  0xFF,
  0xFC,  0x3F,  0xFF,  0xFC,  0x3F,  0xFF,  0xFC,  0x3C,
  0x00,  0x00,  0x3C,  0x00,  0x00,  0x3C,  0x00,  0x00,
  0x1E,  0x00,  0x30,  0x1E,  0x00,  0x7C,  0x1F,  0x00,
  0xF8,  0x0F,  0xC1,  0xF8,  0x0F,  0xFF,  0xF0,  0x07,
  0xFF,  0xE0,  0x01,  0xFF,  0xC0,  0x00,  0x7F,  0x00,
  0x00,  0x00,  0x00,  0x00,  0x00,  0x00,  0x00,  0x00,
  0x00,  0x00,  0x00,  0x00,  0x00,  0x00,  0x00,  0x00,
  0x00,  0x00,  0x00,  0x00,  0x00,  0x00,  0x00,  0x00,
  0x00,  0x00,  0x00,  0x00,  0x00,  0x00
};

const UCHAR abc_fontArialNarrow50h_1EC7[ 150] = { /* code 1EC7 */
  0x00,  0x00,  0x00,  0x00,  0x00,  0x00,  0x00,  0x00,
  0x00,  0x00,  0x00,  0x00,  0x00,  0x00,  0x00,  0x00,
  0x00,  0x00,  0x00,  0x00,  0x00,  0x00,  0x3C,  0x00,
  0x00,  0x7E,  0x00,  0x00,  0xFF,  0x00,  0x01,  0xE7,
  0x80,  0x01,  0xC3,  0x80,  0x03,  0xC3,  0xC0,  0x00,
  0x00,  0x00,  0x00,  0x00,  0x00,  0x00,  0x00,  0x00,
  0x00,  0x7E,  0x00,  0x01,  0xFF,  0x80,  0x03,  0xFF,
  0xE0,  0x07,  0xFF,  0xF0,  0x0F,  0x81,  0xF0,  0x1F,
  0x00,  0xF8,  0x1E,  0x00,  0x78,  0x1C,  0x00,  0x38,
  0x3C,  0x00,  0x3C,  0x3F,  0xFF,  0xFC,  0x3F,  0xFF,
  0xFC,  0x3F,  0xFF,  0xFC,  0x3F,  0xFF,  0xFC,  0x3C,
  0x00,  0x00,  0x3C,  0x00,  0x00,  0x3C,  0x00,  0x00,
  0x1E,  0x00,  0x30,  0x1E,  0x00,  0x7C,  0x1F,  0x00,
  0xF8,  0x0F,  0xC1,  0xF8,  0x0F,  0xFF,  0xF0,  0x07,
  0xFF,  0xE0,  0x01,  0xFF,  0xC0,  0x00,  0x7F,  0x00,
  0x00,  0x00,  0x00,  0x00,  0x00,  0x00,  0x00,  0x00,
  0x00,  0x00,  0x3C,  0x00,  0x00,  0x3C,  0x00,  0x00,
  0x3C,  0x00,  0x00,  0x3C,  0x00,  0x00,  0x00,  0x00,
  0x00,  0x00,  0x00,  0x00,  0x00,  0x00
};

const UCHAR abc_fontArialNarrow50h_1ECB[  63] = { /* code 1ECB */
  0x00,  0x00,  0x00,  0x00,  0x00,  0x00,  0x00,  0x00,
  0x00,  0x00,  0x1E,  0x07,  0x81,  0xE0,  0x78,  0x00,
  0x00,  0x00,  0x00,  0x00,  0x00,  0x07,  0x81,  0xE0,
  0x78,  0x1E,  0x07,  0x81,  0xE0,  0x78,  0x1E,  0x07,
  0x81,  0xE0,  0x78,  0x1E,  0x07,  0x81,  0xE0,  0x78,
  0x1E,  0x07,  0x81,  0xE0,  0x78,  0x1E,  0x07,  0x81,
  0xE0,  0x78,  0x00,  0x00,  0x00,  0x00,  0x78,  0x1E,
  0x07,  0x81,  0xE0,  0x00,  0x00,  0x00,  0x00
};

const UCHAR abc_fontArialNarrow50h_1ED1[ 150] = { /* code 1ED1 */
  0x00,  0x00,  0x00,  0x00,  0x07,  0xC0,  0x00,  0x0F,
  0x80,  0x00,  0x0F,  0x00,  0x00,  0x1E,  0x00,  0x00,
  0x1C,  0x00,  0x00,  0x38,  0x00,  0x00,  0x00,  0x00,
  0x00,  0x3C,  0x00,  0x00,  0x7E,  0x00,  0x00,  0xFF,
  0x00,  0x01,  0xE7,  0x80,  0x01,  0xC3,  0x80,  0x03,
  0xC3,  0xC0,  0x00,  0x00,  0x00,  0x00,  0x00,  0x00,
  0x00,  0x7E,  0x00,  0x01,  0xFF,  0x80,  0x07,  0xFF,
  0xE0,  0x0F,  0xFF,  0xF0,  0x0F,  0xC3,  0xF0,  0x1F,
  0x00,  0xF8,  0x1E,  0x00,  0x78,  0x1E,  0x00,  0x7C,
  0x3C,  0x00,  0x3C,  0x3C,  0x00,  0x3C,  0x3C,  0x00,
  0x3C,  0x3C,  0x00,  0x3C,  0x3C,  0x00,  0x3C,  0x3C,
  0x00,  0x3C,  0x3C,  0x00,  0x3C,  0x3C,  0x00,  0x3C,
  0x1E,  0x00,  0x7C,  0x1E,  0x00,  0x78,  0x1F,  0x00,
  0xF8,  0x0F,  0xC3,  0xF0,  0x0F,  0xFF,  0xF0,  0x07,
  0xFF,  0xE0,  0x01,  0xFF,  0x80,  0x00,  0x7E,  0x00,
  0x00,  0x00,  0x00,  0x00,  0x00,  0x00,  0x00,  0x00,
  0x00,  0x00,  0x00,  0x00,  0x00,  0x00,  0x00,  0x00,
  0x00,  0x00,  0x00,  0x00,  0x00,  0x00,  0x00,  0x00,
  0x00,  0x00,  0x00,  0x00,  0x00,  0x00
};

const UCHAR abc_fontArialNarrow50h_1ED5[ 150] = { /* code 1ED5 */
  0x00,  0xFE,  0x00,  0x00,  0xFF,  0x00,  0x00,  0x07,
  0x80,  0x00,  0x07,  0x80,  0x00,  0x1E,  0x00,  0x00,
  0x18,  0x00,  0x00,  0x00,  0x00,  0x00,  0x00,  0x00,
  0x00,  0x3C,  0x00,  0x00,  0x7E,  0x00,  0x00,  0xFF,
  0x00,  0x01,  0xE7,  0x80,  0x01,  0xC3,  0x80,  0x03,
  0xC3,  0xC0,  0x00,  0x00,  0x00,  0x00,  0x00,  0x00,
  0x00,  0x7E,  0x00,  0x01,  0xFF,  0x80,  0x07,  0xFF,
  0xE0,  0x0F,  0xFF,  0xF0,  0x0F,  0xC3,  0xF0,  0x1F,
  0x00,  0xF8,  0x1E,  0x00,  0x78,  0x1E,  0x00,  0x7C,
  0x3C,  0x00,  0x3C,  0x3C,  0x00,  0x3C,  0x3C,  0x00,
  0x3C,  0x3C,  0x00,  0x3C,  0x3C,  0x00,  0x3C,  0x3C,
  0x00,  0x3C,  0x3C,  0x00,  0x3C,  0x3C,  0x00,  0x3C,
  0x1E,  0x00,  0x7C,  0x1E,  0x00,  0x78,  0x1F,  0x00,
  0xF8,  0x0F,  0xC3,  0xF0,  0x0F,  0xFF,  0xF0,  0x07,
  0xFF,  0xE0,  0x01,  0xFF,  0x80,  0x00,  0x7E,  0x00,
  0x00,  0x00,  0x00,  0x00,  0x00,  0x00,  0x00,  0x00,
  0x00,  0x00,  0x00,  0x00,  0x00,  0x00,  0x00,  0x00,
  0x00,  0x00,  0x00,  0x00,  0x00,  0x00,  0x00,  0x00,
  0x00,  0x00,  0x00,  0x00,  0x00,  0x00
};

const UCHAR abc_fontArialNarrow50h_1ED7[ 150] = { /* code 1ED7 */
  0x00,  0x00,  0x00,  0x01,  0xF0,  0x70,  0x03,  0xFC,
  0xF0,  0x07,  0xFF,  0xF0,  0x07,  0x1F,  0xE0,  0x07,
  0x07,  0xC0,  0x00,  0x00,  0x00,  0x00,  0x00,  0x00,
  0x00,  0x3C,  0x00,  0x00,  0x7E,  0x00,  0x00,  0xFF,
  0x00,  0x01,  0xE7,  0x80,  0x01,  0xC3,  0x80,  0x03,
  0xC3,  0xC0,  0x00,  0x00,  0x00,  0x00,  0x00,  0x00,
  0x00,  0x7E,  0x00,  0x01,  0xFF,  0x80,  0x07,  0xFF,
  0xE0,  0x0F,  0xFF,  0xF0,  0x0F,  0xC3,  0xF0,  0x1F,
  0x00,  0xF8,  0x1E,  0x00,  0x78,  0x1E,  0x00,  0x7C,
  0x3C,  0x00,  0x3C,  0x3C,  0x00,  0x3C,  0x3C,  0x00,
  0x3C,  0x3C,  0x00,  0x3C,  0x3C,  0x00,  0x3C,  0x3C,
  0x00,  0x3C,  0x3C,  0x00,  0x3C,  0x3C,  0x00,  0x3C,
  0x1E,  0x00,  0x7C,  0x1E,  0x00,  0x78,  0x1F,  0x00,
  0xF8,  0x0F,  0xC3,  0xF0,  0x0F,  0xFF,  0xF0,  0x07,
  0xFF,  0xE0,  0x01,  0xFF,  0x80,  0x00,  0x7E,  0x00,
  0x00,  0x00,  0x00,  0x00,  0x00,  0x00,  0x00,  0x00,
  0x00,  0x00,  0x00,  0x00,  0x00,  0x00,  0x00,  0x00,
  0x00,  0x00,  0x00,  0x00,  0x00,  0x00,  0x00,  0x00,
  0x00,  0x00,  0x00,  0x00,  0x00,  0x00
};

const UCHAR abc_fontArialNarrow50h_1EDD[ 182] = { /* code 1EDD */
  0x00,  0x00,  0x00,  0x00,  0x00,  0x00,  0x00,  0x00,
  0x00,  0x00,  0x00,  0x00,  0x00,  0x00,  0x00,  0x00,
  0x00,  0x00,  0x00,  0x00,  0x00,  0x00,  0x00,  0x00,
  0x00,  0x00,  0x1F,  0x00,  0x00,  0x00,  0x7C,  0x00,
  0x00,  0x01,  0xE0,  0x00,  0x00,  0x07,  0x80,  0x00,
  0x00,  0x1C,  0x00,  0x00,  0x00,  0x70,  0x00,  0x00,
  0x00,  0x00,  0x00,  0x00,  0x00,  0x00,  0x00,  0x00,
  0x00,  0x00,  0x00,  0x7F,  0x00,  0xF0,  0x0F,  0xFE,
  0x07,  0x80,  0xFF,  0xF8,  0x3C,  0x0F,  0xFF,  0xE1,
  0xE0,  0xFC,  0x1F,  0x83,  0x0F,  0x80,  0x3E,  0x18,
  0x78,  0x00,  0xF0,  0xC3,  0xC0,  0x07,  0xCC,  0x3C,
  0x00,  0x1E,  0xC1,  0xE0,  0x00,  0xFC,  0x0F,  0x00,
  0x07,  0xC0,  0x78,  0x00,  0x3C,  0x03,  0xC0,  0x01,
  0xE0,  0x1E,  0x00,  0x0F,  0x00,  0xF0,  0x00,  0x78,
  0x07,  0x80,  0x03,  0xC0,  0x1E,  0x00,  0x3C,  0x00,
  0xF0,  0x01,  0xE0,  0x07,  0xC0,  0x1F,  0x00,  0x1F,
  0x83,  0xF0,  0x00,  0x7F,  0xFF,  0x00,  0x03,  0xFF,
  0xF0,  0x00,  0x07,  0xFF,  0x00,  0x00,  0x0F,  0xE0,
  0x00,  0x00,  0x00,  0x00,  0x00,  0x00,  0x00,  0x00,
  0x00,  0x00,  0x00,  0x00,  0x00,  0x00,  0x00,  0x00,
  0x00,  0x00,  0x00,  0x00,  0x00,  0x00,  0x00,  0x00,
  0x00,  0x00,  0x00,  0x00,  0x00,  0x00,  0x00,  0x00,
  0x00,  0x00,  0x00,  0x00,  0x00,  0x00
};

const UCHAR abc_fontArialNarrow50h_1EDF[ 182] = { /* code 1EDF */
  0x00,  0x00,  0x00,  0x00,  0x00,  0x00,  0x00,  0x00,
  0x00,  0x00,  0x00,  0x00,  0x00,  0x00,  0x00,  0x00,
  0x00,  0x00,  0x00,  0x00,  0x00,  0x00,  0x01,  0xF8,
  0x00,  0x00,  0x0F,  0xF0,  0x00,  0x00,  0x07,  0xC0,
  0x00,  0x00,  0x1E,  0x00,  0x00,  0x00,  0xF0,  0x00,
  0x00,  0x1F,  0x00,  0x00,  0x00,  0xF0,  0x00,  0x00,
  0x06,  0x00,  0x00,  0x00,  0x00,  0x00,  0x00,  0x00,
  0x00,  0x00,  0x00,  0x7F,  0x00,  0xF0,  0x0F,  0xFE,
  0x07,  0x80,  0xFF,  0xF8,  0x3C,  0x0F,  0xFF,  0xE1,
  0xE0,  0xFC,  0x1F,  0x83,  0x0F,  0x80,  0x3E,  0x18,
  0x78,  0x00,  0xF0,  0xC3,  0xC0,  0x07,  0xCC,  0x3C,
  0x00,  0x1E,  0xC1,  0xE0,  0x00,  0xFC,  0x0F,  0x00,
  0x07,  0xC0,  0x78,  0x00,  0x3C,  0x03,  0xC0,  0x01,
  0xE0,  0x1E,  0x00,  0x0F,  0x00,  0xF0,  0x00,  0x78,
  0x07,  0x80,  0x03,  0xC0,  0x1E,  0x00,  0x3C,  0x00,
  0xF0,  0x01,  0xE0,  0x07,  0xC0,  0x1F,  0x00,  0x1F,
  0x83,  0xF0,  0x00,  0x7F,  0xFF,  0x00,  0x03,  0xFF,
  0xF0,  0x00,  0x07,  0xFF,  0x00,  0x00,  0x0F,  0xE0,
  0x00,  0x00,  0x00,  0x00,  0x00,  0x00,  0x00,  0x00,
  0x00,  0x00,  0x00,  0x00,  0x00,  0x00,  0x00,  0x00,
  0x00,  0x00,  0x00,  0x00,  0x00,  0x00,  0x00,  0x00,
  0x00,  0x00,  0x00,  0x00,  0x00,  0x00,  0x00,  0x00,
  0x00,  0x00,  0x00,  0x00,  0x00,  0x00
};

const UCHAR abc_fontArialNarrow50h_1EE3[ 182] = { /* code 1EE3 */
  0x00,  0x00,  0x00,  0x00,  0x00,  0x00,  0x00,  0x00,
  0x00,  0x00,  0x00,  0x00,  0x00,  0x00,  0x00,  0x00,
  0x00,  0x00,  0x00,  0x00,  0x00,  0x00,  0x00,  0x00,
  0x00,  0x00,  0x00,  0x00,  0x00,  0x00,  0x00,  0x00,
  0x00,  0x00,  0x00,  0x00,  0x00,  0x00,  0x00,  0x00,
  0x00,  0x00,  0x00,  0x00,  0x00,  0x00,  0x00,  0x00,
  0x00,  0x00,  0x00,  0x00,  0x00,  0x00,  0x00,  0x00,
  0x00,  0x00,  0x00,  0x7F,  0x00,  0xF0,  0x0F,  0xFE,
  0x07,  0x80,  0xFF,  0xF8,  0x3C,  0x0F,  0xFF,  0xE1,
  0xE0,  0xFC,  0x1F,  0x83,  0x0F,  0x80,  0x3E,  0x18,
  0x78,  0x00,  0xF0,  0xC3,  0xC0,  0x07,  0xCC,  0x3C,
  0x00,  0x1E,  0xC1,  0xE0,  0x00,  0xFC,  0x0F,  0x00,
  0x07,  0xC0,  0x78,  0x00,  0x3C,  0x03,  0xC0,  0x01,
  0xE0,  0x1E,  0x00,  0x0F,  0x00,  0xF0,  0x00,  0x78,
  0x07,  0x80,  0x03,  0xC0,  0x1E,  0x00,  0x3C,  0x00,
  0xF0,  0x01,  0xE0,  0x07,  0xC0,  0x1F,  0x00,  0x1F,
  0x83,  0xF0,  0x00,  0x7F,  0xFF,  0x00,  0x03,  0xFF,
  0xF0,  0x00,  0x07,  0xFF,  0x00,  0x00,  0x0F,  0xE0,
  0x00,  0x00,  0x00,  0x00,  0x00,  0x00,  0x00,  0x00,
  0x00,  0x00,  0x00,  0x00,  0x00,  0x3C,  0x00,  0x00,
  0x01,  0xE0,  0x00,  0x00,  0x0F,  0x00,  0x00,  0x00,
  0x78,  0x00,  0x00,  0x00,  0x00,  0x00,  0x00,  0x00,
  0x00,  0x00,  0x00,  0x00,  0x00,  0x00
};

const UCHAR abc_fontArialNarrow50h_1EE9[ 182] = { /* code 1EE9 */
  0x00,  0x00,  0x00,  0x00,  0x00,  0x00,  0x00,  0x00,
  0x00,  0x00,  0x00,  0x00,  0x00,  0x00,  0x00,  0x00,
  0x00,  0x00,  0x00,  0x00,  0x00,  0x00,  0x00,  0x00,
  0x00,  0x00,  0x00,  0xF8,  0x00,  0x00,  0x0F,  0x80,
  0x00,  0x00,  0x78,  0x00,  0x00,  0x07,  0x80,  0x00,
  0x00,  0x38,  0x00,  0x00,  0x03,  0x80,  0x00,  0x00,
  0x00,  0x00,  0x00,  0x00,  0x00,  0x00,  0x00,  0x00,
  0x00,  0x00,  0x00,  0x00,  0x00,  0x00,  0xF0,  0x03,
  0xC7,  0x87,  0x80,  0x1E,  0x3C,  0x3C,  0x00,  0xF1,
  0xE1,  0xE0,  0x07,  0x8F,  0x0F,  0x00,  0x3C,  0x18,
  0x78,  0x01,  0xE0,  0xC3,  0xC0,  0x0F,  0x06,  0x1E,
  0x00,  0x78,  0x70,  0xF0,  0x03,  0xC3,  0x07,  0x80,
  0x1E,  0x70,  0x3C,  0x00,  0xFF,  0x01,  0xE0,  0x07,
  0xE0,  0x0F,  0x00,  0x3C,  0x00,  0x78,  0x01,  0xE0,
  0x03,  0xC0,  0x0F,  0x00,  0x1E,  0x00,  0x78,  0x00,
  0xF0,  0x07,  0xC0,  0x07,  0x80,  0x3E,  0x00,  0x3E,
  0x03,  0xF0,  0x00,  0xF8,  0x3F,  0x80,  0x07,  0xFF,
  0xBC,  0x00,  0x1F,  0xFD,  0xE0,  0x00,  0x7F,  0xCF,
  0x00,  0x01,  0xF8,  0x00,  0x00,  0x00,  0x00,  0x00,
  0x00,  0x00,  0x00,  0x00,  0x00,  0x00,  0x00,  0x00,
  0x00,  0x00,  0x00,  0x00,  0x00,  0x00,  0x00,  0x00,
  0x00,  0x00,  0x00,  0x00,  0x00,  0x00,  0x00,  0x00,
  0x00,  0x00,  0x00,  0x00,  0x00,  0x00
};

const UCHAR abc_fontArialNarrow50h_1EEB[ 182] = { /* code 1EEB */
  0x00,  0x00,  0x00,  0x00,  0x00,  0x00,  0x00,  0x00,
  0x00,  0x00,  0x00,  0x00,  0x00,  0x00,  0x00,  0x00,
  0x00,  0x00,  0x00,  0x00,  0x00,  0x00,  0x00,  0x00,
  0x00,  0x00,  0x3E,  0x00,  0x00,  0x00,  0xF8,  0x00,
  0x00,  0x03,  0xC0,  0x00,  0x00,  0x0F,  0x00,  0x00,
  0x00,  0x38,  0x00,  0x00,  0x00,  0xE0,  0x00,  0x00,
  0x00,  0x00,  0x00,  0x00,  0x00,  0x00,  0x00,  0x00,
  0x00,  0x00,  0x00,  0x00,  0x00,  0x00,  0xF0,  0x03,
  0xC7,  0x87,  0x80,  0x1E,  0x3C,  0x3C,  0x00,  0xF1,
  0xE1,  0xE0,  0x07,  0x8F,  0x0F,  0x00,  0x3C,  0x18,
  0x78,  0x01,  0xE0,  0xC3,  0xC0,  0x0F,  0x06,  0x1E,
  0x00,  0x78,  0x70,  0xF0,  0x03,  0xC3,  0x07,  0x80,
  0x1E,  0x70,  0x3C,  0x00,  0xFF,  0x01,  0xE0,  0x07,
  0xE0,  0x0F,  0x00,  0x3C,  0x00,  0x78,  0x01,  0xE0,
  0x03,  0xC0,  0x0F,  0x00,  0x1E,  0x00,  0x78,  0x00,
  0xF0,  0x07,  0xC0,  0x07,  0x80,  0x3E,  0x00,  0x3E,
  0x03,  0xF0,  0x00,  0xF8,  0x3F,  0x80,  0x07,  0xFF,
  0xBC,  0x00,  0x1F,  0xFD,  0xE0,  0x00,  0x7F,  0xCF,
  0x00,  0x01,  0xF8,  0x00,  0x00,  0x00,  0x00,  0x00,
  0x00,  0x00,  0x00,  0x00,  0x00,  0x00,  0x00,  0x00,
  0x00,  0x00,  0x00,  0x00,  0x00,  0x00,  0x00,  0x00,
  0x00,  0x00,  0x00,  0x00,  0x00,  0x00,  0x00,  0x00,
  0x00,  0x00,  0x00,  0x00,  0x00,  0x00
};

const UCHAR abc_fontArialNarrow50h_1EF1[ 182] = { /* code 1EF1 */
  0x00,  0x00,  0x00,  0x00,  0x00,  0x00,  0x00,  0x00,
  0x00,  0x00,  0x00,  0x00,  0x00,  0x00,  0x00,  0x00,
  0x00,  0x00,  0x00,  0x00,  0x00,  0x00,  0x00,  0x00,
  0x00,  0x00,  0x00,  0x00,  0x00,  0x00,  0x00,  0x00,
  0x00,  0x00,  0x00,  0x00,  0x00,  0x00,  0x00,  0x00,
  0x00,  0x00,  0x00,  0x00,  0x00,  0x00,  0x00,  0x00,
  0x00,  0x00,  0x00,  0x00,  0x00,  0x00,  0x00,  0x00,
  0x00,  0x00,  0x00,  0x00,  0x00,  0x00,  0xF0,  0x03,
  0xC7,  0x87,  0x80,  0x1E,  0x3C,  0x3C,  0x00,  0xF1,
  0xE1,  0xE0,  0x07,  0x8F,  0x0F,  0x00,  0x3C,  0x18,
  0x78,  0x01,  0xE0,  0xC3,  0xC0,  0x0F,  0x06,  0x1E,
  0x00,  0x78,  0x70,  0xF0,  0x03,  0xC3,  0x07,  0x80,
  0x1E,  0x70,  0x3C,  0x00,  0xFF,  0x01,  0xE0,  0x07,
  0xE0,  0x0F,  0x00,  0x3C,  0x00,  0x78,  0x01,  0xE0,
  0x03,  0xC0,  0x0F,  0x00,  0x1E,  0x00,  0x78,  0x00,
  0xF0,  0x07,  0xC0,  0x07,  0x80,  0x3E,  0x00,  0x3E,
  0x03,  0xF0,  0x00,  0xF8,  0x3F,  0x80,  0x07,  0xFF,
  0xBC,  0x00,  0x1F,  0xFD,  0xE0,  0x00,  0x7F,  0xCF,
  0x00,  0x01,  0xF8,  0x00,  0x00,  0x00,  0x00,  0x00,
  0x00,  0x00,  0x00,  0x00,  0x00,  0x78,  0x00,  0x00,
  0x03,  0xC0,  0x00,  0x00,  0x1E,  0x00,  0x00,  0x00,
  0xF0,  0x00,  0x00,  0x00,  0x00,  0x00,  0x00,  0x00,
  0x00,  0x00,  0x00,  0x00,  0x00,  0x00
};

const BFC_CHARINFO fontArialNarrow50h_CharInfo[281] = {
   {  10,  63, {abc_fontArialNarrow50h_0020} }, /* code 0020 */
   {  10,  63, {abc_fontArialNarrow50h_0021} }, /* code 0021 */
   {  13,  82, {abc_fontArialNarrow50h_0022} }, /* code 0022 */
   {  21, 132, {abc_fontArialNarrow50h_0023} }, /* code 0023 */
   {  20, 125, {abc_fontArialNarrow50h_0024} }, /* code 0024 */
   {  31, 194, {abc_fontArialNarrow50h_0025} }, /* code 0025 */
   {  24, 150, {abc_fontArialNarrow50h_0026} }, /* code 0026 */
   {   7,  44, {abc_fontArialNarrow50h_0027} }, /* code 0027 */
   {  12,  75, {abc_fontArialNarrow50h_0028} }, /* code 0028 */
   {  12,  75, {abc_fontArialNarrow50h_0029} }, /* code 0029 */
   {  14,  88, {abc_fontArialNarrow50h_002A} }, /* code 002A */
   {  21, 132, {abc_fontArialNarrow50h_002B} }, /* code 002B */
   {  10,  63, {abc_fontArialNarrow50h_002C} }, /* code 002C */
   {  12,  75, {abc_fontArialNarrow50h_002D} }, /* code 002D */
   {  10,  63, {abc_fontArialNarrow50h_002E} }, /* code 002E */
   {  12,  75, {abc_fontArialNarrow50h_002F} }, /* code 002F */
   {  20, 125, {abc_fontArialNarrow50h_0030} }, /* code 0030 */
   {  20, 125, {abc_fontArialNarrow50h_0031} }, /* code 0031 */
   {  20, 125, {abc_fontArialNarrow50h_0032} }, /* code 0032 */
   {  20, 125, {abc_fontArialNarrow50h_0033} }, /* code 0033 */
   {  20, 125, {abc_fontArialNarrow50h_0034} }, /* code 0034 */
   {  20, 125, {abc_fontArialNarrow50h_0035} }, /* code 0035 */
   {  20, 125, {abc_fontArialNarrow50h_0036} }, /* code 0036 */
   {  20, 125, {abc_fontArialNarrow50h_0037} }, /* code 0037 */
   {  20, 125, {abc_fontArialNarrow50h_0038} }, /* code 0038 */
   {  20, 125, {abc_fontArialNarrow50h_0039} }, /* code 0039 */
   {  10,  63, {abc_fontArialNarrow50h_003A} }, /* code 003A */
   {  10,  63, {abc_fontArialNarrow50h_003B} }, /* code 003B */
   {  21, 132, {abc_fontArialNarrow50h_003C} }, /* code 003C */
   {  21, 132, {abc_fontArialNarrow50h_003D} }, /* code 003D */
   {  21, 132, {abc_fontArialNarrow50h_003E} }, /* code 003E */
   {  20, 125, {abc_fontArialNarrow50h_003F} }, /* code 003F */
   {  36, 225, {abc_fontArialNarrow50h_0040} }, /* code 0040 */
   {  24, 150, {abc_fontArialNarrow50h_0041} }, /* code 0041 */
   {  24, 150, {abc_fontArialNarrow50h_0042} }, /* code 0042 */
   {  25, 157, {abc_fontArialNarrow50h_0043} }, /* code 0043 */
   {  25, 157, {abc_fontArialNarrow50h_0044} }, /* code 0044 */
   {  24, 150, {abc_fontArialNarrow50h_0045} }, /* code 0045 */
   {  22, 138, {abc_fontArialNarrow50h_0046} }, /* code 0046 */
   {  27, 169, {abc_fontArialNarrow50h_0047} }, /* code 0047 */
   {  25, 157, {abc_fontArialNarrow50h_0048} }, /* code 0048 */
   {  10,  63, {abc_fontArialNarrow50h_0049} }, /* code 0049 */
   {  18, 113, {abc_fontArialNarrow50h_004A} }, /* code 004A */
   {  24, 150, {abc_fontArialNarrow50h_004B} }, /* code 004B */
   {  20, 125, {abc_fontArialNarrow50h_004C} }, /* code 004C */
   {  29, 182, {abc_fontArialNarrow50h_004D} }, /* code 004D */
   {  25, 157, {abc_fontArialNarrow50h_004E} }, /* code 004E */
   {  27, 169, {abc_fontArialNarrow50h_004F} }, /* code 004F */
   {  24, 150, {abc_fontArialNarrow50h_0050} }, /* code 0050 */
   {  27, 169, {abc_fontArialNarrow50h_0051} }, /* code 0051 */
   {  25, 157, {abc_fontArialNarrow50h_0052} }, /* code 0052 */
   {  24, 150, {abc_fontArialNarrow50h_0053} }, /* code 0053 */
   {  22, 138, {abc_fontArialNarrow50h_0054} }, /* code 0054 */
   {  25, 157, {abc_fontArialNarrow50h_0055} }, /* code 0055 */
   {  24, 150, {abc_fontArialNarrow50h_0056} }, /* code 0056 */
   {  33, 207, {abc_fontArialNarrow50h_0057} }, /* code 0057 */
   {  24, 150, {abc_fontArialNarrow50h_0058} }, /* code 0058 */
   {  24, 150, {abc_fontArialNarrow50h_0059} }, /* code 0059 */
   {  22, 138, {abc_fontArialNarrow50h_005A} }, /* code 005A */
   {  10,  63, {abc_fontArialNarrow50h_005B} }, /* code 005B */
   {  10,  63, {abc_fontArialNarrow50h_005C} }, /* code 005C */
   {  10,  63, {abc_fontArialNarrow50h_005D} }, /* code 005D */
   {  17, 107, {abc_fontArialNarrow50h_005E} }, /* code 005E */
   {  20, 125, {abc_fontArialNarrow50h_005F} }, /* code 005F */
   {  12,  75, {abc_fontArialNarrow50h_0060} }, /* code 0060 */
   {  20, 125, {abc_fontArialNarrow50h_0061} }, /* code 0061 */
   {  20, 125, {abc_fontArialNarrow50h_0062} }, /* code 0062 */
   {  18, 113, {abc_fontArialNarrow50h_0063} }, /* code 0063 */
   {  20, 125, {abc_fontArialNarrow50h_0064} }, /* code 0064 */
   {  20, 125, {abc_fontArialNarrow50h_0065} }, /* code 0065 */
   {  10,  63, {abc_fontArialNarrow50h_0066} }, /* code 0066 */
   {  20, 125, {abc_fontArialNarrow50h_0067} }, /* code 0067 */
   {  20, 125, {abc_fontArialNarrow50h_0068} }, /* code 0068 */
   {   8,  50, {abc_fontArialNarrow50h_0069} }, /* code 0069 */
   {   8,  50, {abc_fontArialNarrow50h_006A} }, /* code 006A */
   {  18, 113, {abc_fontArialNarrow50h_006B} }, /* code 006B */
   {   8,  50, {abc_fontArialNarrow50h_006C} }, /* code 006C */
   {  29, 182, {abc_fontArialNarrow50h_006D} }, /* code 006D */
   {  20, 125, {abc_fontArialNarrow50h_006E} }, /* code 006E */
   {  20, 125, {abc_fontArialNarrow50h_006F} }, /* code 006F */
   {  20, 125, {abc_fontArialNarrow50h_0070} }, /* code 0070 */
   {  20, 125, {abc_fontArialNarrow50h_0071} }, /* code 0071 */
   {  12,  75, {abc_fontArialNarrow50h_0072} }, /* code 0072 */
   {  18, 113, {abc_fontArialNarrow50h_0073} }, /* code 0073 */
   {  10,  63, {abc_fontArialNarrow50h_0074} }, /* code 0074 */
   {  20, 125, {abc_fontArialNarrow50h_0075} }, /* code 0075 */
   {  18, 113, {abc_fontArialNarrow50h_0076} }, /* code 0076 */
   {  25, 157, {abc_fontArialNarrow50h_0077} }, /* code 0077 */
   {  18, 113, {abc_fontArialNarrow50h_0078} }, /* code 0078 */
   {  18, 113, {abc_fontArialNarrow50h_0079} }, /* code 0079 */
   {  18, 113, {abc_fontArialNarrow50h_007A} }, /* code 007A */
   {  12,  75, {abc_fontArialNarrow50h_007B} }, /* code 007B */
   {   9,  57, {abc_fontArialNarrow50h_007C} }, /* code 007C */
   {  12,  75, {abc_fontArialNarrow50h_007D} }, /* code 007D */
   {  21, 132, {abc_fontArialNarrow50h_007E} }, /* code 007E */
   {  12,  75, {abc_fontArialNarrow50h_00B2} }, /* code 00B2 */
   {  22, 138, {abc_fontArialNarrow50h_00BF} }, /* code 00BF */
   {  24, 150, {abc_fontArialNarrow50h_00C0} }, /* code 00C0 */
   {  24, 150, {abc_fontArialNarrow50h_00C1} }, /* code 00C1 */
   {  24, 150, {abc_fontArialNarrow50h_00C2} }, /* code 00C2 */
   {  24, 150, {abc_fontArialNarrow50h_00C3} }, /* code 00C3 */
   {  24, 150, {abc_fontArialNarrow50h_00C4} }, /* code 00C4 */
   {  24, 150, {abc_fontArialNarrow50h_00C5} }, /* code 00C5 */
   {  35, 219, {abc_fontArialNarrow50h_00C6} }, /* code 00C6 */
   {  25, 157, {abc_fontArialNarrow50h_00C7} }, /* code 00C7 */
   {  24, 150, {abc_fontArialNarrow50h_00C8} }, /* code 00C8 */
   {  24, 150, {abc_fontArialNarrow50h_00C9} }, /* code 00C9 */
   {  24, 150, {abc_fontArialNarrow50h_00CA} }, /* code 00CA */
   {  24, 150, {abc_fontArialNarrow50h_00CB} }, /* code 00CB */
   {  10,  63, {abc_fontArialNarrow50h_00CC} }, /* code 00CC */
   {  10,  63, {abc_fontArialNarrow50h_00CD} }, /* code 00CD */
   {  11,  69, {abc_fontArialNarrow50h_00CE} }, /* code 00CE */
   {  10,  63, {abc_fontArialNarrow50h_00CF} }, /* code 00CF */
   {  25, 157, {abc_fontArialNarrow50h_00D1} }, /* code 00D1 */
   {  27, 169, {abc_fontArialNarrow50h_00D2} }, /* code 00D2 */
   {  27, 169, {abc_fontArialNarrow50h_00D3} }, /* code 00D3 */
   {  27, 169, {abc_fontArialNarrow50h_00D4} }, /* code 00D4 */
   {  27, 169, {abc_fontArialNarrow50h_00D5} }, /* code 00D5 */
   {  27, 169, {abc_fontArialNarrow50h_00D6} }, /* code 00D6 */
   {  25, 157, {abc_fontArialNarrow50h_00D9} }, /* code 00D9 */
   {  25, 157, {abc_fontArialNarrow50h_00DA} }, /* code 00DA */
   {  25, 157, {abc_fontArialNarrow50h_00DB} }, /* code 00DB */
   {  25, 157, {abc_fontArialNarrow50h_00DC} }, /* code 00DC */
   {  20, 125, {abc_fontArialNarrow50h_00E0} }, /* code 00E0 */
   {  20, 125, {abc_fontArialNarrow50h_00E1} }, /* code 00E1 */
   {  20, 125, {abc_fontArialNarrow50h_00E2} }, /* code 00E2 */
   {  20, 125, {abc_fontArialNarrow50h_00E3} }, /* code 00E3 */
   {  20, 125, {abc_fontArialNarrow50h_00E4} }, /* code 00E4 */
   {  20, 125, {abc_fontArialNarrow50h_00E5} }, /* code 00E5 */
   {  31, 194, {abc_fontArialNarrow50h_00E6} }, /* code 00E6 */
   {  18, 113, {abc_fontArialNarrow50h_00E7} }, /* code 00E7 */
   {  20, 125, {abc_fontArialNarrow50h_00E8} }, /* code 00E8 */
   {  20, 125, {abc_fontArialNarrow50h_00E9} }, /* code 00E9 */
   {  20, 125, {abc_fontArialNarrow50h_00EA} }, /* code 00EA */
   {  20, 125, {abc_fontArialNarrow50h_00EB} }, /* code 00EB */
   {  10,  63, {abc_fontArialNarrow50h_00EC} }, /* code 00EC */
   {  10,  63, {abc_fontArialNarrow50h_00ED} }, /* code 00ED */
   {  11,  69, {abc_fontArialNarrow50h_00EE} }, /* code 00EE */
   {  10,  63, {abc_fontArialNarrow50h_00EF} }, /* code 00EF */
   {  20, 125, {abc_fontArialNarrow50h_00F1} }, /* code 00F1 */
   {  20, 125, {abc_fontArialNarrow50h_00F2} }, /* code 00F2 */
   {  20, 125, {abc_fontArialNarrow50h_00F3} }, /* code 00F3 */
   {  20, 125, {abc_fontArialNarrow50h_00F4} }, /* code 00F4 */
   {  20, 125, {abc_fontArialNarrow50h_00F5} }, /* code 00F5 */
   {  20, 125, {abc_fontArialNarrow50h_00F6} }, /* code 00F6 */
   {  20, 125, {abc_fontArialNarrow50h_00F9} }, /* code 00F9 */
   {  20, 125, {abc_fontArialNarrow50h_00FA} }, /* code 00FA */
   {  20, 125, {abc_fontArialNarrow50h_00FB} }, /* code 00FB */
   {  20, 125, {abc_fontArialNarrow50h_00FC} }, /* code 00FC */
   {  24, 150, {abc_fontArialNarrow50h_0100} }, /* code 0100 */
   {  20, 125, {abc_fontArialNarrow50h_0101} }, /* code 0101 */
   {  20, 125, {abc_fontArialNarrow50h_0103} }, /* code 0103 */
   {  26, 163, {abc_fontArialNarrow50h_0104} }, /* code 0104 */
   {  20, 125, {abc_fontArialNarrow50h_0105} }, /* code 0105 */
   {  18, 113, {abc_fontArialNarrow50h_0107} }, /* code 0107 */
   {  19, 119, {abc_fontArialNarrow50h_0111} }, /* code 0111 */
   {  24, 150, {abc_fontArialNarrow50h_0112} }, /* code 0112 */
   {  20, 125, {abc_fontArialNarrow50h_0113} }, /* code 0113 */
   {  20, 125, {abc_fontArialNarrow50h_0119} }, /* code 0119 */
   {  20, 125, {abc_fontArialNarrow50h_011F} }, /* code 011F */
   {  11,  69, {abc_fontArialNarrow50h_012B} }, /* code 012B */
   {  10,  63, {abc_fontArialNarrow50h_0130} }, /* code 0130 */
   {  10,  63, {abc_fontArialNarrow50h_0131} }, /* code 0131 */
   {  18, 113, {abc_fontArialNarrow50h_0137} }, /* code 0137 */
   {  20, 125, {abc_fontArialNarrow50h_013B} }, /* code 013B */
   {   8,  50, {abc_fontArialNarrow50h_013C} }, /* code 013C */
   {  20, 125, {abc_fontArialNarrow50h_0141} }, /* code 0141 */
   {   8,  50, {abc_fontArialNarrow50h_0142} }, /* code 0142 */
   {  20, 125, {abc_fontArialNarrow50h_0144} }, /* code 0144 */
   {  20, 125, {abc_fontArialNarrow50h_0146} }, /* code 0146 */
   {  24, 150, {abc_fontArialNarrow50h_015E} }, /* code 015E */
   {  18, 113, {abc_fontArialNarrow50h_015F} }, /* code 015F */
   {  24, 150, {abc_fontArialNarrow50h_0160} }, /* code 0160 */
   {  18, 113, {abc_fontArialNarrow50h_0161} }, /* code 0161 */
   {  20, 125, {abc_fontArialNarrow50h_0169} }, /* code 0169 */
   {  20, 125, {abc_fontArialNarrow50h_016B} }, /* code 016B */
   {  22, 138, {abc_fontArialNarrow50h_017A} }, /* code 017A */
   {  22, 138, {abc_fontArialNarrow50h_017B} }, /* code 017B */
   {  29, 182, {abc_fontArialNarrow50h_01B0} }, /* code 01B0 */
   {  10,  63, {abc_fontArialNarrow50h_021B} }, /* code 021B */
   {  29, 182, {abc_fontArialNarrow50h_0388} }, /* code 0388 */
   {  30, 188, {abc_fontArialNarrow50h_038C} }, /* code 038C */
   {  24, 150, {abc_fontArialNarrow50h_0391} }, /* code 0391 */
   {  24, 150, {abc_fontArialNarrow50h_0392} }, /* code 0392 */
   {  19, 119, {abc_fontArialNarrow50h_0393} }, /* code 0393 */
   {  24, 150, {abc_fontArialNarrow50h_0394} }, /* code 0394 */
   {  24, 150, {abc_fontArialNarrow50h_0395} }, /* code 0395 */
   {  25, 157, {abc_fontArialNarrow50h_0397} }, /* code 0397 */
   {  10,  63, {abc_fontArialNarrow50h_0399} }, /* code 0399 */
   {  24, 150, {abc_fontArialNarrow50h_039B} }, /* code 039B */
   {  29, 182, {abc_fontArialNarrow50h_039C} }, /* code 039C */
   {  25, 157, {abc_fontArialNarrow50h_039D} }, /* code 039D */
   {  23, 144, {abc_fontArialNarrow50h_039E} }, /* code 039E */
   {  27, 169, {abc_fontArialNarrow50h_039F} }, /* code 039F */
   {  24, 150, {abc_fontArialNarrow50h_03A1} }, /* code 03A1 */
   {  21, 132, {abc_fontArialNarrow50h_03A3} }, /* code 03A3 */
   {  22, 138, {abc_fontArialNarrow50h_03A4} }, /* code 03A4 */
   {  24, 150, {abc_fontArialNarrow50h_03A5} }, /* code 03A5 */
   {  21, 132, {abc_fontArialNarrow50h_03AC} }, /* code 03AC */
   {  15,  94, {abc_fontArialNarrow50h_03AD} }, /* code 03AD */
   {  20, 125, {abc_fontArialNarrow50h_03AE} }, /* code 03AE */
   {  10,  63, {abc_fontArialNarrow50h_03AF} }, /* code 03AF */
   {  21, 132, {abc_fontArialNarrow50h_03B1} }, /* code 03B1 */
   {  20, 125, {abc_fontArialNarrow50h_03B2} }, /* code 03B2 */
   {  18, 113, {abc_fontArialNarrow50h_03B3} }, /* code 03B3 */
   {  20, 125, {abc_fontArialNarrow50h_03B4} }, /* code 03B4 */
   {  15,  94, {abc_fontArialNarrow50h_03B5} }, /* code 03B5 */
   {  20, 125, {abc_fontArialNarrow50h_03B7} }, /* code 03B7 */
   {  20, 125, {abc_fontArialNarrow50h_03B8} }, /* code 03B8 */
   {  10,  63, {abc_fontArialNarrow50h_03B9} }, /* code 03B9 */
   {  18, 113, {abc_fontArialNarrow50h_03BA} }, /* code 03BA */
   {  18, 113, {abc_fontArialNarrow50h_03BB} }, /* code 03BB */
   {  20, 125, {abc_fontArialNarrow50h_03BC} }, /* code 03BC */
   {  18, 113, {abc_fontArialNarrow50h_03BD} }, /* code 03BD */
   {  14,  88, {abc_fontArialNarrow50h_03BE} }, /* code 03BE */
   {  20, 125, {abc_fontArialNarrow50h_03BF} }, /* code 03BF */
   {  24, 150, {abc_fontArialNarrow50h_03C0} }, /* code 03C0 */
   {  20, 125, {abc_fontArialNarrow50h_03C1} }, /* code 03C1 */
   {  17, 107, {abc_fontArialNarrow50h_03C2} }, /* code 03C2 */
   {  23, 144, {abc_fontArialNarrow50h_03C3} }, /* code 03C3 */
   {  13,  82, {abc_fontArialNarrow50h_03C4} }, /* code 03C4 */
   {  20, 125, {abc_fontArialNarrow50h_03C5} }, /* code 03C5 */
   {  23, 144, {abc_fontArialNarrow50h_03C6} }, /* code 03C6 */
   {  18, 113, {abc_fontArialNarrow50h_03C7} }, /* code 03C7 */
   {  27, 169, {abc_fontArialNarrow50h_03C9} }, /* code 03C9 */
   {  20, 125, {abc_fontArialNarrow50h_03CC} }, /* code 03CC */
   {  20, 125, {abc_fontArialNarrow50h_03CD} }, /* code 03CD */
   {  27, 169, {abc_fontArialNarrow50h_03CE} }, /* code 03CE */
   {  16, 100, {abc_fontArialNarrow50h_061F} }, /* code 061F */
   {  18, 113, {abc_fontArialNarrow50h_0621} }, /* code 0621 */
   {   9,  57, {abc_fontArialNarrow50h_0622} }, /* code 0622 */
   {   9,  57, {abc_fontArialNarrow50h_0623} }, /* code 0623 */
   {   9,  57, {abc_fontArialNarrow50h_0625} }, /* code 0625 */
   {   9,  57, {abc_fontArialNarrow50h_0627} }, /* code 0627 */
   {  31, 194, {abc_fontArialNarrow50h_0628} }, /* code 0628 */
   {  12,  75, {abc_fontArialNarrow50h_0629} }, /* code 0629 */
   {  31, 194, {abc_fontArialNarrow50h_062A} }, /* code 062A */
   {  25, 157, {abc_fontArialNarrow50h_062C} }, /* code 062C */
   {  25, 157, {abc_fontArialNarrow50h_062D} }, /* code 062D */
   {  25, 157, {abc_fontArialNarrow50h_062E} }, /* code 062E */
   {  15,  94, {abc_fontArialNarrow50h_062F} }, /* code 062F */
   {  15,  94, {abc_fontArialNarrow50h_0630} }, /* code 0630 */
   {  22, 138, {abc_fontArialNarrow50h_0631} }, /* code 0631 */
   {  22, 138, {abc_fontArialNarrow50h_0632} }, /* code 0632 */
   {  36, 225, {abc_fontArialNarrow50h_0633} }, /* code 0633 */
   {  36, 225, {abc_fontArialNarrow50h_0634} }, /* code 0634 */
   {  28, 175, {abc_fontArialNarrow50h_0637} }, /* code 0637 */
   {  28, 175, {abc_fontArialNarrow50h_0638} }, /* code 0638 */
   {  24, 150, {abc_fontArialNarrow50h_0639} }, /* code 0639 */
   {  24, 150, {abc_fontArialNarrow50h_063A} }, /* code 063A */
   {  35, 219, {abc_fontArialNarrow50h_0641} }, /* code 0641 */
   {  26, 163, {abc_fontArialNarrow50h_0642} }, /* code 0642 */
   {  26, 163, {abc_fontArialNarrow50h_0643} }, /* code 0643 */
   {  22, 138, {abc_fontArialNarrow50h_0644} }, /* code 0644 */
   {  15,  94, {abc_fontArialNarrow50h_0645} }, /* code 0645 */
   {  23, 144, {abc_fontArialNarrow50h_0646} }, /* code 0646 */
   {  12,  75, {abc_fontArialNarrow50h_0647} }, /* code 0647 */
   {  19, 119, {abc_fontArialNarrow50h_0648} }, /* code 0648 */
   {  28, 175, {abc_fontArialNarrow50h_0649} }, /* code 0649 */
   {  28, 175, {abc_fontArialNarrow50h_064A} }, /* code 064A */
   {  24, 150, {abc_fontArialNarrow50h_1EA3} }, /* code 1EA3 */
   {  24, 150, {abc_fontArialNarrow50h_1EA5} }, /* code 1EA5 */
   {  24, 150, {abc_fontArialNarrow50h_1EA7} }, /* code 1EA7 */
   {  24, 150, {abc_fontArialNarrow50h_1EA9} }, /* code 1EA9 */
   {  24, 150, {abc_fontArialNarrow50h_1EAD} }, /* code 1EAD */
   {  29, 182, {abc_fontArialNarrow50h_1EAE} }, /* code 1EAE */
   {  24, 150, {abc_fontArialNarrow50h_1EAF} }, /* code 1EAF */
   {  24, 150, {abc_fontArialNarrow50h_1EB7} }, /* code 1EB7 */
   {  24, 150, {abc_fontArialNarrow50h_1EBD} }, /* code 1EBD */
   {  24, 150, {abc_fontArialNarrow50h_1EBF} }, /* code 1EBF */
   {  24, 150, {abc_fontArialNarrow50h_1EC7} }, /* code 1EC7 */
   {  10,  63, {abc_fontArialNarrow50h_1ECB} }, /* code 1ECB */
   {  24, 150, {abc_fontArialNarrow50h_1ED1} }, /* code 1ED1 */
   {  24, 150, {abc_fontArialNarrow50h_1ED5} }, /* code 1ED5 */
   {  24, 150, {abc_fontArialNarrow50h_1ED7} }, /* code 1ED7 */
   {  29, 182, {abc_fontArialNarrow50h_1EDD} }, /* code 1EDD */
   {  29, 182, {abc_fontArialNarrow50h_1EDF} }, /* code 1EDF */
   {  29, 182, {abc_fontArialNarrow50h_1EE3} }, /* code 1EE3 */
   {  29, 182, {abc_fontArialNarrow50h_1EE9} }, /* code 1EE9 */
   {  29, 182, {abc_fontArialNarrow50h_1EEB} }, /* code 1EEB */
   {  29, 182, {abc_fontArialNarrow50h_1EF1} }  /* code 1EF1 */
};

const BFC_FONT_PROP fontArialNarrow50h_Prop66 = {
   0x1EF1, /* first character */
   0x1EF1, /* last character  */
   &fontArialNarrow50h_CharInfo[ 280],  /* address of first character */
   (const BFC_FONT_PROP *)0				/* pointer to next BFC_FONT_PROP */
};

const BFC_FONT_PROP fontArialNarrow50h_Prop65 = {
   0x1EEB, /* first character */
   0x1EEB, /* last character  */
   &fontArialNarrow50h_CharInfo[ 279],  /* address of first character */
   &fontArialNarrow50h_Prop66			/* pointer to next BFC_FONT_PROP */
};

const BFC_FONT_PROP fontArialNarrow50h_Prop64 = {
   0x1EE9, /* first character */
   0x1EE9, /* last character  */
   &fontArialNarrow50h_CharInfo[ 278],  /* address of first character */
   &fontArialNarrow50h_Prop65			/* pointer to next BFC_FONT_PROP */
};

const BFC_FONT_PROP fontArialNarrow50h_Prop63 = {
   0x1EE3, /* first character */
   0x1EE3, /* last character  */
   &fontArialNarrow50h_CharInfo[ 277],  /* address of first character */
   &fontArialNarrow50h_Prop64			/* pointer to next BFC_FONT_PROP */
};

const BFC_FONT_PROP fontArialNarrow50h_Prop62 = {
   0x1EDF, /* first character */
   0x1EDF, /* last character  */
   &fontArialNarrow50h_CharInfo[ 276],  /* address of first character */
   &fontArialNarrow50h_Prop63			/* pointer to next BFC_FONT_PROP */
};

const BFC_FONT_PROP fontArialNarrow50h_Prop61 = {
   0x1EDD, /* first character */
   0x1EDD, /* last character  */
   &fontArialNarrow50h_CharInfo[ 275],  /* address of first character */
   &fontArialNarrow50h_Prop62			/* pointer to next BFC_FONT_PROP */
};

const BFC_FONT_PROP fontArialNarrow50h_Prop60 = {
   0x1ED7, /* first character */
   0x1ED7, /* last character  */
   &fontArialNarrow50h_CharInfo[ 274],  /* address of first character */
   &fontArialNarrow50h_Prop61			/* pointer to next BFC_FONT_PROP */
};

const BFC_FONT_PROP fontArialNarrow50h_Prop59 = {
   0x1ED5, /* first character */
   0x1ED5, /* last character  */
   &fontArialNarrow50h_CharInfo[ 273],  /* address of first character */
   &fontArialNarrow50h_Prop60			/* pointer to next BFC_FONT_PROP */
};

const BFC_FONT_PROP fontArialNarrow50h_Prop58 = {
   0x1ED1, /* first character */
   0x1ED1, /* last character  */
   &fontArialNarrow50h_CharInfo[ 272],  /* address of first character */
   &fontArialNarrow50h_Prop59			/* pointer to next BFC_FONT_PROP */
};

const BFC_FONT_PROP fontArialNarrow50h_Prop57 = {
   0x1ECB, /* first character */
   0x1ECB, /* last character  */
   &fontArialNarrow50h_CharInfo[ 271],  /* address of first character */
   &fontArialNarrow50h_Prop58			/* pointer to next BFC_FONT_PROP */
};

const BFC_FONT_PROP fontArialNarrow50h_Prop56 = {
   0x1EC7, /* first character */
   0x1EC7, /* last character  */
   &fontArialNarrow50h_CharInfo[ 270],  /* address of first character */
   &fontArialNarrow50h_Prop57			/* pointer to next BFC_FONT_PROP */
};

const BFC_FONT_PROP fontArialNarrow50h_Prop55 = {
   0x1EBF, /* first character */
   0x1EBF, /* last character  */
   &fontArialNarrow50h_CharInfo[ 269],  /* address of first character */
   &fontArialNarrow50h_Prop56			/* pointer to next BFC_FONT_PROP */
};

const BFC_FONT_PROP fontArialNarrow50h_Prop54 = {
   0x1EBD, /* first character */
   0x1EBD, /* last character  */
   &fontArialNarrow50h_CharInfo[ 268],  /* address of first character */
   &fontArialNarrow50h_Prop55			/* pointer to next BFC_FONT_PROP */
};

const BFC_FONT_PROP fontArialNarrow50h_Prop53 = {
   0x1EB7, /* first character */
   0x1EB7, /* last character  */
   &fontArialNarrow50h_CharInfo[ 267],  /* address of first character */
   &fontArialNarrow50h_Prop54			/* pointer to next BFC_FONT_PROP */
};

const BFC_FONT_PROP fontArialNarrow50h_Prop52 = {
   0x1EAD, /* first character */
   0x1EAF, /* last character  */
   &fontArialNarrow50h_CharInfo[ 264],  /* address of first character */
   &fontArialNarrow50h_Prop53			/* pointer to next BFC_FONT_PROP */
};

const BFC_FONT_PROP fontArialNarrow50h_Prop51 = {
   0x1EA9, /* first character */
   0x1EA9, /* last character  */
   &fontArialNarrow50h_CharInfo[ 263],  /* address of first character */
   &fontArialNarrow50h_Prop52			/* pointer to next BFC_FONT_PROP */
};

const BFC_FONT_PROP fontArialNarrow50h_Prop50 = {
   0x1EA7, /* first character */
   0x1EA7, /* last character  */
   &fontArialNarrow50h_CharInfo[ 262],  /* address of first character */
   &fontArialNarrow50h_Prop51			/* pointer to next BFC_FONT_PROP */
};

const BFC_FONT_PROP fontArialNarrow50h_Prop49 = {
   0x1EA5, /* first character */
   0x1EA5, /* last character  */
   &fontArialNarrow50h_CharInfo[ 261],  /* address of first character */
   &fontArialNarrow50h_Prop50			/* pointer to next BFC_FONT_PROP */
};

const BFC_FONT_PROP fontArialNarrow50h_Prop48 = {
   0x1EA3, /* first character */
   0x1EA3, /* last character  */
   &fontArialNarrow50h_CharInfo[ 260],  /* address of first character */
   &fontArialNarrow50h_Prop49			/* pointer to next BFC_FONT_PROP */
};

const BFC_FONT_PROP fontArialNarrow50h_Prop47 = {
   0x0641, /* first character */
   0x064A, /* last character  */
   &fontArialNarrow50h_CharInfo[ 250],  /* address of first character */
   &fontArialNarrow50h_Prop48			/* pointer to next BFC_FONT_PROP */
};

const BFC_FONT_PROP fontArialNarrow50h_Prop46 = {
   0x0637, /* first character */
   0x063A, /* last character  */
   &fontArialNarrow50h_CharInfo[ 246],  /* address of first character */
   &fontArialNarrow50h_Prop47			/* pointer to next BFC_FONT_PROP */
};

const BFC_FONT_PROP fontArialNarrow50h_Prop45 = {
   0x062C, /* first character */
   0x0634, /* last character  */
   &fontArialNarrow50h_CharInfo[ 237],  /* address of first character */
   &fontArialNarrow50h_Prop46			/* pointer to next BFC_FONT_PROP */
};

const BFC_FONT_PROP fontArialNarrow50h_Prop44 = {
   0x0627, /* first character */
   0x062A, /* last character  */
   &fontArialNarrow50h_CharInfo[ 233],  /* address of first character */
   &fontArialNarrow50h_Prop45			/* pointer to next BFC_FONT_PROP */
};

const BFC_FONT_PROP fontArialNarrow50h_Prop43 = {
   0x0625, /* first character */
   0x0625, /* last character  */
   &fontArialNarrow50h_CharInfo[ 232],  /* address of first character */
   &fontArialNarrow50h_Prop44			/* pointer to next BFC_FONT_PROP */
};

const BFC_FONT_PROP fontArialNarrow50h_Prop42 = {
   0x0621, /* first character */
   0x0623, /* last character  */
   &fontArialNarrow50h_CharInfo[ 229],  /* address of first character */
   &fontArialNarrow50h_Prop43			/* pointer to next BFC_FONT_PROP */
};

const BFC_FONT_PROP fontArialNarrow50h_Prop41 = {
   0x061F, /* first character */
   0x061F, /* last character  */
   &fontArialNarrow50h_CharInfo[ 228],  /* address of first character */
   &fontArialNarrow50h_Prop42			/* pointer to next BFC_FONT_PROP */
};

const BFC_FONT_PROP fontArialNarrow50h_Prop40 = {
   0x03CC, /* first character */
   0x03CE, /* last character  */
   &fontArialNarrow50h_CharInfo[ 225],  /* address of first character */
   &fontArialNarrow50h_Prop41			/* pointer to next BFC_FONT_PROP */
};

const BFC_FONT_PROP fontArialNarrow50h_Prop39 = {
   0x03C9, /* first character */
   0x03C9, /* last character  */
   &fontArialNarrow50h_CharInfo[ 224],  /* address of first character */
   &fontArialNarrow50h_Prop40			/* pointer to next BFC_FONT_PROP */
};

const BFC_FONT_PROP fontArialNarrow50h_Prop38 = {
   0x03B7, /* first character */
   0x03C7, /* last character  */
   &fontArialNarrow50h_CharInfo[ 207],  /* address of first character */
   &fontArialNarrow50h_Prop39			/* pointer to next BFC_FONT_PROP */
};

const BFC_FONT_PROP fontArialNarrow50h_Prop37 = {
   0x03B1, /* first character */
   0x03B5, /* last character  */
   &fontArialNarrow50h_CharInfo[ 202],  /* address of first character */
   &fontArialNarrow50h_Prop38			/* pointer to next BFC_FONT_PROP */
};

const BFC_FONT_PROP fontArialNarrow50h_Prop36 = {
   0x03AC, /* first character */
   0x03AF, /* last character  */
   &fontArialNarrow50h_CharInfo[ 198],  /* address of first character */
   &fontArialNarrow50h_Prop37			/* pointer to next BFC_FONT_PROP */
};

const BFC_FONT_PROP fontArialNarrow50h_Prop35 = {
   0x03A3, /* first character */
   0x03A5, /* last character  */
   &fontArialNarrow50h_CharInfo[ 195],  /* address of first character */
   &fontArialNarrow50h_Prop36			/* pointer to next BFC_FONT_PROP */
};

const BFC_FONT_PROP fontArialNarrow50h_Prop34 = {
   0x03A1, /* first character */
   0x03A1, /* last character  */
   &fontArialNarrow50h_CharInfo[ 194],  /* address of first character */
   &fontArialNarrow50h_Prop35			/* pointer to next BFC_FONT_PROP */
};

const BFC_FONT_PROP fontArialNarrow50h_Prop33 = {
   0x039B, /* first character */
   0x039F, /* last character  */
   &fontArialNarrow50h_CharInfo[ 189],  /* address of first character */
   &fontArialNarrow50h_Prop34			/* pointer to next BFC_FONT_PROP */
};

const BFC_FONT_PROP fontArialNarrow50h_Prop32 = {
   0x0399, /* first character */
   0x0399, /* last character  */
   &fontArialNarrow50h_CharInfo[ 188],  /* address of first character */
   &fontArialNarrow50h_Prop33			/* pointer to next BFC_FONT_PROP */
};

const BFC_FONT_PROP fontArialNarrow50h_Prop31 = {
   0x0397, /* first character */
   0x0397, /* last character  */
   &fontArialNarrow50h_CharInfo[ 187],  /* address of first character */
   &fontArialNarrow50h_Prop32			/* pointer to next BFC_FONT_PROP */
};

const BFC_FONT_PROP fontArialNarrow50h_Prop30 = {
   0x0391, /* first character */
   0x0395, /* last character  */
   &fontArialNarrow50h_CharInfo[ 182],  /* address of first character */
   &fontArialNarrow50h_Prop31			/* pointer to next BFC_FONT_PROP */
};

const BFC_FONT_PROP fontArialNarrow50h_Prop29 = {
   0x038C, /* first character */
   0x038C, /* last character  */
   &fontArialNarrow50h_CharInfo[ 181],  /* address of first character */
   &fontArialNarrow50h_Prop30			/* pointer to next BFC_FONT_PROP */
};

const BFC_FONT_PROP fontArialNarrow50h_Prop28 = {
   0x0388, /* first character */
   0x0388, /* last character  */
   &fontArialNarrow50h_CharInfo[ 180],  /* address of first character */
   &fontArialNarrow50h_Prop29			/* pointer to next BFC_FONT_PROP */
};

const BFC_FONT_PROP fontArialNarrow50h_Prop27 = {
   0x021B, /* first character */
   0x021B, /* last character  */
   &fontArialNarrow50h_CharInfo[ 179],  /* address of first character */
   &fontArialNarrow50h_Prop28			/* pointer to next BFC_FONT_PROP */
};

const BFC_FONT_PROP fontArialNarrow50h_Prop26 = {
   0x01B0, /* first character */
   0x01B0, /* last character  */
   &fontArialNarrow50h_CharInfo[ 178],  /* address of first character */
   &fontArialNarrow50h_Prop27			/* pointer to next BFC_FONT_PROP */
};

const BFC_FONT_PROP fontArialNarrow50h_Prop25 = {
   0x017A, /* first character */
   0x017B, /* last character  */
   &fontArialNarrow50h_CharInfo[ 176],  /* address of first character */
   &fontArialNarrow50h_Prop26			/* pointer to next BFC_FONT_PROP */
};

const BFC_FONT_PROP fontArialNarrow50h_Prop24 = {
   0x016B, /* first character */
   0x016B, /* last character  */
   &fontArialNarrow50h_CharInfo[ 175],  /* address of first character */
   &fontArialNarrow50h_Prop25			/* pointer to next BFC_FONT_PROP */
};

const BFC_FONT_PROP fontArialNarrow50h_Prop23 = {
   0x0169, /* first character */
   0x0169, /* last character  */
   &fontArialNarrow50h_CharInfo[ 174],  /* address of first character */
   &fontArialNarrow50h_Prop24			/* pointer to next BFC_FONT_PROP */
};

const BFC_FONT_PROP fontArialNarrow50h_Prop22 = {
   0x015E, /* first character */
   0x0161, /* last character  */
   &fontArialNarrow50h_CharInfo[ 170],  /* address of first character */
   &fontArialNarrow50h_Prop23			/* pointer to next BFC_FONT_PROP */
};

const BFC_FONT_PROP fontArialNarrow50h_Prop21 = {
   0x0146, /* first character */
   0x0146, /* last character  */
   &fontArialNarrow50h_CharInfo[ 169],  /* address of first character */
   &fontArialNarrow50h_Prop22			/* pointer to next BFC_FONT_PROP */
};

const BFC_FONT_PROP fontArialNarrow50h_Prop20 = {
   0x0144, /* first character */
   0x0144, /* last character  */
   &fontArialNarrow50h_CharInfo[ 168],  /* address of first character */
   &fontArialNarrow50h_Prop21			/* pointer to next BFC_FONT_PROP */
};

const BFC_FONT_PROP fontArialNarrow50h_Prop19 = {
   0x0141, /* first character */
   0x0142, /* last character  */
   &fontArialNarrow50h_CharInfo[ 166],  /* address of first character */
   &fontArialNarrow50h_Prop20			/* pointer to next BFC_FONT_PROP */
};

const BFC_FONT_PROP fontArialNarrow50h_Prop18 = {
   0x013B, /* first character */
   0x013C, /* last character  */
   &fontArialNarrow50h_CharInfo[ 164],  /* address of first character */
   &fontArialNarrow50h_Prop19			/* pointer to next BFC_FONT_PROP */
};

const BFC_FONT_PROP fontArialNarrow50h_Prop17 = {
   0x0137, /* first character */
   0x0137, /* last character  */
   &fontArialNarrow50h_CharInfo[ 163],  /* address of first character */
   &fontArialNarrow50h_Prop18			/* pointer to next BFC_FONT_PROP */
};

const BFC_FONT_PROP fontArialNarrow50h_Prop16 = {
   0x0130, /* first character */
   0x0131, /* last character  */
   &fontArialNarrow50h_CharInfo[ 161],  /* address of first character */
   &fontArialNarrow50h_Prop17			/* pointer to next BFC_FONT_PROP */
};

const BFC_FONT_PROP fontArialNarrow50h_Prop15 = {
   0x012B, /* first character */
   0x012B, /* last character  */
   &fontArialNarrow50h_CharInfo[ 160],  /* address of first character */
   &fontArialNarrow50h_Prop16			/* pointer to next BFC_FONT_PROP */
};

const BFC_FONT_PROP fontArialNarrow50h_Prop14 = {
   0x011F, /* first character */
   0x011F, /* last character  */
   &fontArialNarrow50h_CharInfo[ 159],  /* address of first character */
   &fontArialNarrow50h_Prop15			/* pointer to next BFC_FONT_PROP */
};

const BFC_FONT_PROP fontArialNarrow50h_Prop13 = {
   0x0119, /* first character */
   0x0119, /* last character  */
   &fontArialNarrow50h_CharInfo[ 158],  /* address of first character */
   &fontArialNarrow50h_Prop14			/* pointer to next BFC_FONT_PROP */
};

const BFC_FONT_PROP fontArialNarrow50h_Prop12 = {
   0x0111, /* first character */
   0x0113, /* last character  */
   &fontArialNarrow50h_CharInfo[ 155],  /* address of first character */
   &fontArialNarrow50h_Prop13			/* pointer to next BFC_FONT_PROP */
};

const BFC_FONT_PROP fontArialNarrow50h_Prop11 = {
   0x0107, /* first character */
   0x0107, /* last character  */
   &fontArialNarrow50h_CharInfo[ 154],  /* address of first character */
   &fontArialNarrow50h_Prop12			/* pointer to next BFC_FONT_PROP */
};

const BFC_FONT_PROP fontArialNarrow50h_Prop10 = {
   0x0103, /* first character */
   0x0105, /* last character  */
   &fontArialNarrow50h_CharInfo[ 151],  /* address of first character */
   &fontArialNarrow50h_Prop11			/* pointer to next BFC_FONT_PROP */
};

const BFC_FONT_PROP fontArialNarrow50h_Prop9 = {
   0x0100, /* first character */
   0x0101, /* last character  */
   &fontArialNarrow50h_CharInfo[ 149],  /* address of first character */
   &fontArialNarrow50h_Prop10			/* pointer to next BFC_FONT_PROP */
};

const BFC_FONT_PROP fontArialNarrow50h_Prop8 = {
   0x00F9, /* first character */
   0x00FC, /* last character  */
   &fontArialNarrow50h_CharInfo[ 145],  /* address of first character */
   &fontArialNarrow50h_Prop9			/* pointer to next BFC_FONT_PROP */
};

const BFC_FONT_PROP fontArialNarrow50h_Prop7 = {
   0x00F1, /* first character */
   0x00F6, /* last character  */
   &fontArialNarrow50h_CharInfo[ 139],  /* address of first character */
   &fontArialNarrow50h_Prop8			/* pointer to next BFC_FONT_PROP */
};

const BFC_FONT_PROP fontArialNarrow50h_Prop6 = {
   0x00E0, /* first character */
   0x00EF, /* last character  */
   &fontArialNarrow50h_CharInfo[ 123],  /* address of first character */
   &fontArialNarrow50h_Prop7			/* pointer to next BFC_FONT_PROP */
};

const BFC_FONT_PROP fontArialNarrow50h_Prop5 = {
   0x00D9, /* first character */
   0x00DC, /* last character  */
   &fontArialNarrow50h_CharInfo[ 119],  /* address of first character */
   &fontArialNarrow50h_Prop6			/* pointer to next BFC_FONT_PROP */
};

const BFC_FONT_PROP fontArialNarrow50h_Prop4 = {
   0x00D1, /* first character */
   0x00D6, /* last character  */
   &fontArialNarrow50h_CharInfo[ 113],  /* address of first character */
   &fontArialNarrow50h_Prop5			/* pointer to next BFC_FONT_PROP */
};

const BFC_FONT_PROP fontArialNarrow50h_Prop3 = {
   0x00BF, /* first character */
   0x00CF, /* last character  */
   &fontArialNarrow50h_CharInfo[  96],  /* address of first character */
   &fontArialNarrow50h_Prop4			/* pointer to next BFC_FONT_PROP */
};

const BFC_FONT_PROP fontArialNarrow50h_Prop2 = {
   0x00B2, /* first character */
   0x00B2, /* last character  */
   &fontArialNarrow50h_CharInfo[  95],  /* address of first character */
   &fontArialNarrow50h_Prop3			/* pointer to next BFC_FONT_PROP */
};

const BFC_FONT_PROP fontArialNarrow50h_Prop1 = {
   0x0020, /* first character */
   0x007E, /* last character  */
   &fontArialNarrow50h_CharInfo[   0],  /* address of first character */
   &fontArialNarrow50h_Prop2			/* pointer to next BFC_FONT_PROP */
};

const BFC_FONT fontArialNarrow50h = {
   0x01020802,  /* font type = FONTTYPE_PROP | DATA_PACKED | ENCODING_UNICODE | DATALENGTH_8 */
   50,  /* font height in pixels   */
   41,  /* font ascent (baseline) in pixels  */
   0 ,  /* reversed, =0 */
   {&fontArialNarrow50h_Prop1}  
};
