/*******************************************************************************
 *                                                                             *
 * This file is generated by BitFontCreator Pro v3.8                           *
 * by Iseatech Software   http://www.iseasoft.com/bitfontcreator.html          *
 *                        support@iseasoft.com                                 *
 *                                                                             *
 * Font name: Arial                                                            *
 * Font width: 0 (proportional font)                                           *
 * Font height: 22                                                             *
 * Encode: Unicode                                                             *
 * Data length: 8 bits                                                         *
 * Invert bits: No                                                             *
 * Data format: Big Endian, Row based, Row preferred, Packed                   *
 *                                                                             *
 * Create time: 05:39 08-20-2026                                               *
 *******************************************************************************/

#include "bfcfont.h"

/* The following line needs to be included in any file selecting the
   font.
*/
extern const BFC_FONT fontArial22h;

const UCHAR abc_fontArial22h_0020[  14] = { /* code 0020 */
  0x00,  0x00,  0x00,  0x00,  0x00,  0x00,  0x00,  0x00,
  0x00,  0x00,  0x00,  0x00,  0x00,  0x00
};

const UCHAR abc_fontArial22h_0021[  17] = { /* code 0021 */
  0x00,  0x00,  0x00,  0x30,  0xC3,  0x0C,  0x30,  0xC3,
  0x0C,  0x30,  0xC3,  0x00,  0x30,  0xC0,  0x00,  0x00,
  0x00
};

const UCHAR abc_fontArial22h_0022[  20] = { /* code 0022 */
  0x00,  0x00,  0x00,  0x06,  0xCD,  0x9B,  0x36,  0x6C,
  0x00,  0x00,  0x00,  0x00,  0x00,  0x00,  0x00,  0x00,
  0x00,  0x00,  0x00,  0x00
};

const UCHAR abc_fontArial22h_0023[  31] = { /* code 0023 */
  0x00,  0x00,  0x00,  0x00,  0x00,  0x00,  0xCC,  0x19,
  0x86,  0x67,  0xFF,  0xFF,  0xE3,  0x30,  0x66,  0x19,
  0x8F,  0xFF,  0xFF,  0xCC,  0xC1,  0x98,  0x66,  0x0C,
  0xC0,  0x00,  0x00,  0x00,  0x00,  0x00,  0x00
};

const UCHAR abc_fontArial22h_0024[  31] = { /* code 0024 */
  0x00,  0x00,  0x00,  0x00,  0x02,  0x01,  0xF0,  0x7F,
  0x1D,  0x33,  0x20,  0x64,  0x07,  0x80,  0x7C,  0x03,
  0xC0,  0x5C,  0x09,  0x99,  0x33,  0xAE,  0x3F,  0x83,
  0xE0,  0x10,  0x02,  0x00,  0x00,  0x00,  0x00
};

const UCHAR abc_fontArial22h_0025[  47] = { /* code 0025 */
  0x00,  0x00,  0x00,  0x00,  0x00,  0x00,  0x00,  0x00,
  0x03,  0xC0,  0xC3,  0x30,  0xC1,  0x98,  0x60,  0xCC,
  0x60,  0x66,  0x60,  0x33,  0x30,  0x0F,  0x30,  0x00,
  0x1B,  0xC0,  0x1B,  0x30,  0x0D,  0x98,  0x0C,  0xCC,
  0x0C,  0x66,  0x06,  0x33,  0x06,  0x0F,  0x00,  0x00,
  0x00,  0x00,  0x00,  0x00,  0x00,  0x00,  0x00
};

const UCHAR abc_fontArial22h_0026[  36] = { /* code 0026 */
  0x00,  0x00,  0x00,  0x00,  0x00,  0x00,  0x00,  0xF0,
  0x0F,  0xC0,  0xC6,  0x06,  0x30,  0x39,  0x80,  0xF8,
  0x07,  0x80,  0x7C,  0x07,  0x33,  0x30,  0xD9,  0x83,
  0x8E,  0x3C,  0x3F,  0xB0,  0xF0,  0xC0,  0x00,  0x00,
  0x00,  0x00,  0x00,  0x00
};

const UCHAR abc_fontArial22h_0027[  11] = { /* code 0027 */
  0x00,  0x00,  0x66,  0x66,  0x60,  0x00,  0x00,  0x00,
  0x00,  0x00,  0x00
};

const UCHAR abc_fontArial22h_0028[  17] = { /* code 0028 */
  0x00,  0x00,  0x00,  0x04,  0x21,  0x8C,  0x30,  0x86,
  0x18,  0x61,  0x86,  0x18,  0x20,  0xC3,  0x06,  0x08,
  0x10
};

const UCHAR abc_fontArial22h_0029[  17] = { /* code 0029 */
  0x00,  0x00,  0x00,  0x81,  0x06,  0x0C,  0x30,  0x41,
  0x86,  0x18,  0x61,  0x86,  0x10,  0xC3,  0x18,  0x42,
  0x00
};

const UCHAR abc_fontArial22h_002A[  20] = { /* code 002A */
  0x00,  0x00,  0x00,  0x01,  0x02,  0x1F,  0x08,  0x28,
  0x50,  0x00,  0x00,  0x00,  0x00,  0x00,  0x00,  0x00,
  0x00,  0x00,  0x00,  0x00
};

const UCHAR abc_fontArial22h_002B[  31] = { /* code 002B */
  0x00,  0x00,  0x00,  0x00,  0x00,  0x00,  0x00,  0x00,
  0x00,  0x00,  0x30,  0x06,  0x00,  0xC0,  0x18,  0x3F,
  0xF7,  0xFE,  0x0C,  0x01,  0x80,  0x30,  0x06,  0x00,
  0x00,  0x00,  0x00,  0x00,  0x00,  0x00,  0x00
};

const UCHAR abc_fontArial22h_002C[  14] = { /* code 002C */
  0x00,  0x00,  0x00,  0x00,  0x00,  0x00,  0x00,  0x00,
  0x00,  0x00,  0x63,  0x08,  0x44,  0x00
};

const UCHAR abc_fontArial22h_002D[  17] = { /* code 002D */
  0x00,  0x00,  0x00,  0x00,  0x00,  0x00,  0x00,  0x00,
  0x00,  0xFB,  0xE0,  0x00,  0x00,  0x00,  0x00,  0x00,
  0x00
};

const UCHAR abc_fontArial22h_002E[  14] = { /* code 002E */
  0x00,  0x00,  0x00,  0x00,  0x00,  0x00,  0x00,  0x00,
  0x00,  0x00,  0x31,  0x80,  0x00,  0x00
};

const UCHAR abc_fontArial22h_002F[  17] = { /* code 002F */
  0x00,  0x00,  0x00,  0x0C,  0x31,  0x86,  0x18,  0xC3,
  0x0C,  0x31,  0x86,  0x18,  0xC3,  0x00,  0x00,  0x00,
  0x00
};

const UCHAR abc_fontArial22h_0030[  31] = { /* code 0030 */
  0x00,  0x00,  0x00,  0x00,  0x00,  0x01,  0xF0,  0x7F,
  0x0C,  0x63,  0x06,  0x60,  0xCC,  0x19,  0x83,  0x30,
  0x66,  0x0C,  0xC1,  0x98,  0x31,  0x8C,  0x3F,  0x83,
  0xE0,  0x00,  0x00,  0x00,  0x00,  0x00,  0x00
};

const UCHAR abc_fontArial22h_0031[  31] = { /* code 0031 */
  0x00,  0x00,  0x00,  0x00,  0x00,  0x00,  0x60,  0x0C,
  0x03,  0x81,  0xF0,  0x36,  0x00,  0xC0,  0x18,  0x03,
  0x00,  0x60,  0x0C,  0x01,  0x80,  0x30,  0x06,  0x00,
  0xC0,  0x00,  0x00,  0x00,  0x00,  0x00,  0x00
};

const UCHAR abc_fontArial22h_0032[  31] = { /* code 0032 */
  0x00,  0x00,  0x00,  0x00,  0x00,  0x01,  0xF0,  0x7F,
  0x1C,  0x73,  0x06,  0x00,  0xC0,  0x18,  0x06,  0x01,
  0x80,  0x60,  0x18,  0x06,  0x01,  0x80,  0x7F,  0xCF,
  0xF8,  0x00,  0x00,  0x00,  0x00,  0x00,  0x00
};

const UCHAR abc_fontArial22h_0033[  31] = { /* code 0033 */
  0x00,  0x00,  0x00,  0x00,  0x00,  0x01,  0xE0,  0x7E,
  0x1C,  0x63,  0x0C,  0x01,  0x81,  0xE0,  0x3E,  0x00,
  0xE0,  0x0C,  0x01,  0x98,  0x33,  0x8E,  0x3F,  0x83,
  0xE0,  0x00,  0x00,  0x00,  0x00,  0x00,  0x00
};

const UCHAR abc_fontArial22h_0034[  31] = { /* code 0034 */
  0x00,  0x00,  0x00,  0x00,  0x00,  0x00,  0x10,  0x06,
  0x01,  0xC0,  0x78,  0x1B,  0x03,  0x60,  0xCC,  0x31,
  0x8C,  0x31,  0xFF,  0xBF,  0xF0,  0x18,  0x03,  0x00,
  0x60,  0x00,  0x00,  0x00,  0x00,  0x00,  0x00
};

const UCHAR abc_fontArial22h_0035[  31] = { /* code 0035 */
  0x00,  0x00,  0x00,  0x00,  0x00,  0x03,  0xF8,  0x7F,
  0x0C,  0x01,  0x80,  0x60,  0x0D,  0xE1,  0xFE,  0x30,
  0x60,  0x0C,  0x01,  0x98,  0x33,  0x8E,  0x3F,  0x83,
  0xE0,  0x00,  0x00,  0x00,  0x00,  0x00,  0x00
};

const UCHAR abc_fontArial22h_0036[  31] = { /* code 0036 */
  0x00,  0x00,  0x00,  0x00,  0x00,  0x00,  0xF0,  0x3F,
  0x0C,  0x73,  0x86,  0x60,  0x0D,  0xE1,  0xFE,  0x38,
  0xE6,  0x0C,  0xC1,  0x98,  0x31,  0x8E,  0x3F,  0x81,
  0xE0,  0x00,  0x00,  0x00,  0x00,  0x00,  0x00
};

const UCHAR abc_fontArial22h_0037[  31] = { /* code 0037 */
  0x00,  0x00,  0x00,  0x00,  0x00,  0x07,  0xFC,  0xFF,
  0x80,  0x20,  0x0C,  0x03,  0x00,  0x40,  0x18,  0x03,
  0x00,  0xC0,  0x18,  0x03,  0x00,  0xC0,  0x18,  0x03,
  0x00,  0x00,  0x00,  0x00,  0x00,  0x00,  0x00
};

const UCHAR abc_fontArial22h_0038[  31] = { /* code 0038 */
  0x00,  0x00,  0x00,  0x00,  0x00,  0x01,  0xF0,  0x7F,
  0x1C,  0x73,  0x06,  0x60,  0xCE,  0x38,  0xFE,  0x1F,
  0xC7,  0x1C,  0xC1,  0x98,  0x33,  0x0E,  0x3F,  0x83,
  0xE0,  0x00,  0x00,  0x00,  0x00,  0x00,  0x00
};

const UCHAR abc_fontArial22h_0039[  31] = { /* code 0039 */
  0x00,  0x00,  0x00,  0x00,  0x00,  0x01,  0xE0,  0x7F,
  0x1C,  0x63,  0x06,  0x60,  0xCC,  0x19,  0xC7,  0x1F,
  0xE1,  0xEC,  0x01,  0x98,  0x33,  0x8C,  0x3F,  0x83,
  0xC0,  0x00,  0x00,  0x00,  0x00,  0x00,  0x00
};

const UCHAR abc_fontArial22h_003A[  14] = { /* code 003A */
  0x00,  0x00,  0x00,  0x00,  0x00,  0x31,  0x80,  0x00,
  0x00,  0x00,  0x31,  0x80,  0x00,  0x00
};

const UCHAR abc_fontArial22h_003B[  14] = { /* code 003B */
  0x00,  0x00,  0x00,  0x00,  0x00,  0x31,  0x80,  0x00,
  0x00,  0x00,  0x31,  0x84,  0x22,  0x00
};

const UCHAR abc_fontArial22h_003C[  31] = { /* code 003C */
  0x00,  0x00,  0x00,  0x00,  0x00,  0x00,  0x00,  0x00,
  0x00,  0x00,  0x02,  0x01,  0xC1,  0xF0,  0xF0,  0x30,
  0x03,  0xC0,  0x1F,  0x00,  0x70,  0x02,  0x00,  0x00,
  0x00,  0x00,  0x00,  0x00,  0x00,  0x00,  0x00
};

const UCHAR abc_fontArial22h_003D[  31] = { /* code 003D */
  0x00,  0x00,  0x00,  0x00,  0x00,  0x00,  0x00,  0x00,
  0x00,  0x00,  0x00,  0x7F,  0xCF,  0xF8,  0x00,  0x00,
  0x07,  0xFC,  0xFF,  0x80,  0x00,  0x00,  0x00,  0x00,
  0x00,  0x00,  0x00,  0x00,  0x00,  0x00,  0x00
};

const UCHAR abc_fontArial22h_003E[  31] = { /* code 003E */
  0x00,  0x00,  0x00,  0x00,  0x00,  0x00,  0x00,  0x00,
  0x00,  0x02,  0x00,  0x70,  0x07,  0xC0,  0x1E,  0x00,
  0x60,  0x78,  0x7C,  0x1C,  0x02,  0x00,  0x00,  0x00,
  0x00,  0x00,  0x00,  0x00,  0x00,  0x00,  0x00
};

const UCHAR abc_fontArial22h_003F[  31] = { /* code 003F */
  0x00,  0x00,  0x00,  0x00,  0x00,  0x01,  0xF0,  0x7F,
  0x1C,  0x73,  0x06,  0x00,  0xC0,  0x30,  0x0E,  0x03,
  0x80,  0xE0,  0x18,  0x03,  0x00,  0x00,  0x0C,  0x01,
  0x80,  0x00,  0x00,  0x00,  0x00,  0x00,  0x00
};

const UCHAR abc_fontArial22h_0040[  53] = { /* code 0040 */
  0x00,  0x00,  0x00,  0x00,  0x00,  0x00,  0x00,  0x00,
  0x00,  0x00,  0x1F,  0xC0,  0x0F,  0xFE,  0x03,  0xC1,
  0xE0,  0xE0,  0x0E,  0x38,  0xF6,  0xC6,  0x3F,  0xCD,
  0xCE,  0x71,  0xB1,  0x86,  0x36,  0x60,  0xC6,  0xCC,
  0x10,  0xD9,  0x86,  0x33,  0x39,  0xCC,  0x73,  0xFF,
  0x86,  0x3B,  0xC0,  0xE0,  0x03,  0x8F,  0x01,  0xE0,
  0x7F,  0xF8,  0x03,  0xF8,  0x00
};

const UCHAR abc_fontArial22h_0041[  36] = { /* code 0041 */
  0x00,  0x00,  0x00,  0x00,  0x00,  0x00,  0x00,  0x70,
  0x03,  0x80,  0x36,  0x01,  0xB0,  0x0D,  0x80,  0xC6,
  0x06,  0x30,  0x60,  0xC3,  0xFE,  0x1F,  0xF1,  0x80,
  0xCC,  0x06,  0xC0,  0x1E,  0x00,  0xC0,  0x00,  0x00,
  0x00,  0x00,  0x00,  0x00
};

const UCHAR abc_fontArial22h_0042[  36] = { /* code 0042 */
  0x00,  0x00,  0x00,  0x00,  0x00,  0x00,  0x03,  0xF8,
  0x1F,  0xE0,  0xC3,  0x86,  0x0C,  0x30,  0x61,  0x87,
  0x0F,  0xF0,  0x7F,  0x83,  0x06,  0x18,  0x18,  0xC0,
  0xC6,  0x0E,  0x3F,  0xE1,  0xFE,  0x00,  0x00,  0x00,
  0x00,  0x00,  0x00,  0x00
};

const UCHAR abc_fontArial22h_0043[  39] = { /* code 0043 */
  0x00,  0x00,  0x00,  0x00,  0x00,  0x00,  0x00,  0x07,
  0x80,  0x7F,  0x83,  0x83,  0x0C,  0x06,  0x60,  0x01,
  0x80,  0x06,  0x00,  0x18,  0x00,  0x60,  0x01,  0x80,
  0x63,  0x03,  0x0E,  0x1C,  0x1F,  0xE0,  0x1E,  0x00,
  0x00,  0x00,  0x00,  0x00,  0x00,  0x00,  0x00
};

const UCHAR abc_fontArial22h_0044[  39] = { /* code 0044 */
  0x00,  0x00,  0x00,  0x00,  0x00,  0x00,  0x00,  0x3F,
  0xC0,  0xFF,  0x83,  0x07,  0x0C,  0x0C,  0x30,  0x18,
  0xC0,  0x63,  0x01,  0x8C,  0x06,  0x30,  0x18,  0xC0,
  0x63,  0x03,  0x0C,  0x1C,  0x3F,  0xE0,  0xFF,  0x00,
  0x00,  0x00,  0x00,  0x00,  0x00,  0x00,  0x00
};

const UCHAR abc_fontArial22h_0045[  36] = { /* code 0045 */
  0x00,  0x00,  0x00,  0x00,  0x00,  0x00,  0x03,  0xFF,
  0x1F,  0xF8,  0xC0,  0x06,  0x00,  0x30,  0x01,  0x80,
  0x0F,  0xF8,  0x7F,  0xC3,  0x00,  0x18,  0x00,  0xC0,
  0x06,  0x00,  0x3F,  0xF1,  0xFF,  0x80,  0x00,  0x00,
  0x00,  0x00,  0x00,  0x00
};

const UCHAR abc_fontArial22h_0046[  33] = { /* code 0046 */
  0x00,  0x00,  0x00,  0x00,  0x00,  0x00,  0x3F,  0xE3,
  0xFE,  0x30,  0x03,  0x00,  0x30,  0x03,  0x00,  0x3F,
  0xC3,  0xFC,  0x30,  0x03,  0x00,  0x30,  0x03,  0x00,
  0x30,  0x03,  0x00,  0x00,  0x00,  0x00,  0x00,  0x00,
  0x00
};

const UCHAR abc_fontArial22h_0047[  42] = { /* code 0047 */
  0x00,  0x00,  0x00,  0x00,  0x00,  0x00,  0x00,  0x00,
  0x7E,  0x03,  0xFE,  0x0E,  0x0E,  0x18,  0x0E,  0x70,
  0x08,  0xC0,  0x01,  0x80,  0x03,  0x07,  0xE6,  0x0F,
  0xCC,  0x01,  0x8C,  0x03,  0x1E,  0x0E,  0x1F,  0xF8,
  0x0F,  0xC0,  0x00,  0x00,  0x00,  0x00,  0x00,  0x00,
  0x00,  0x00
};

const UCHAR abc_fontArial22h_0048[  36] = { /* code 0048 */
  0x00,  0x00,  0x00,  0x00,  0x00,  0x00,  0x06,  0x03,
  0x30,  0x19,  0x80,  0xCC,  0x06,  0x60,  0x33,  0x01,
  0x9F,  0xFC,  0xFF,  0xE6,  0x03,  0x30,  0x19,  0x80,
  0xCC,  0x06,  0x60,  0x33,  0x01,  0x80,  0x00,  0x00,
  0x00,  0x00,  0x00,  0x00
};

const UCHAR abc_fontArial22h_0049[  17] = { /* code 0049 */
  0x00,  0x00,  0x00,  0x30,  0xC3,  0x0C,  0x30,  0xC3,
  0x0C,  0x30,  0xC3,  0x0C,  0x30,  0xC0,  0x00,  0x00,
  0x00
};

const UCHAR abc_fontArial22h_004A[  28] = { /* code 004A */
  0x00,  0x00,  0x00,  0x00,  0x00,  0x03,  0x00,  0xC0,
  0x30,  0x0C,  0x03,  0x00,  0xC0,  0x30,  0x0C,  0x03,
  0x00,  0xC6,  0x31,  0x8C,  0x7E,  0x0F,  0x00,  0x00,
  0x00,  0x00,  0x00,  0x00
};

const UCHAR abc_fontArial22h_004B[  36] = { /* code 004B */
  0x00,  0x00,  0x00,  0x00,  0x00,  0x00,  0x03,  0x07,
  0x18,  0x70,  0xC7,  0x06,  0x70,  0x37,  0x01,  0xB0,
  0x0F,  0x80,  0x7E,  0x03,  0x38,  0x18,  0xC0,  0xC3,
  0x06,  0x1C,  0x30,  0x71,  0x81,  0xC0,  0x00,  0x00,
  0x00,  0x00,  0x00,  0x00
};

const UCHAR abc_fontArial22h_004C[  31] = { /* code 004C */
  0x00,  0x00,  0x00,  0x00,  0x00,  0x03,  0x00,  0x60,
  0x0C,  0x01,  0x80,  0x30,  0x06,  0x00,  0xC0,  0x18,
  0x03,  0x00,  0x60,  0x0C,  0x01,  0x80,  0x3F,  0xC7,
  0xF8,  0x00,  0x00,  0x00,  0x00,  0x00,  0x00
};

const UCHAR abc_fontArial22h_004D[  42] = { /* code 004D */
  0x00,  0x00,  0x00,  0x00,  0x00,  0x00,  0x00,  0x07,
  0x01,  0xCF,  0x07,  0x9E,  0x0F,  0x3C,  0x1E,  0x6C,
  0x6C,  0xD8,  0xD9,  0xB1,  0xB3,  0x63,  0x66,  0x6C,
  0xCC,  0xD9,  0x99,  0xB3,  0x31,  0x46,  0x63,  0x8C,
  0xC7,  0x18,  0x00,  0x00,  0x00,  0x00,  0x00,  0x00,
  0x00,  0x00
};

const UCHAR abc_fontArial22h_004E[  36] = { /* code 004E */
  0x00,  0x00,  0x00,  0x00,  0x00,  0x00,  0x06,  0x03,
  0x38,  0x19,  0xE0,  0xCF,  0x06,  0x6C,  0x33,  0x31,
  0x99,  0x8C,  0xC6,  0x66,  0x33,  0x30,  0xD9,  0x83,
  0xCC,  0x1E,  0x60,  0x73,  0x01,  0x80,  0x00,  0x00,
  0x00,  0x00,  0x00,  0x00
};

const UCHAR abc_fontArial22h_004F[  42] = { /* code 004F */
  0x00,  0x00,  0x00,  0x00,  0x00,  0x00,  0x00,  0x00,
  0x7C,  0x03,  0xFE,  0x0E,  0x0E,  0x18,  0x0C,  0x60,
  0x0C,  0xC0,  0x19,  0x80,  0x33,  0x00,  0x66,  0x00,
  0xCC,  0x01,  0x8C,  0x06,  0x1C,  0x1C,  0x1F,  0xF0,
  0x0F,  0x80,  0x00,  0x00,  0x00,  0x00,  0x00,  0x00,
  0x00,  0x00
};

const UCHAR abc_fontArial22h_0050[  36] = { /* code 0050 */
  0x00,  0x00,  0x00,  0x00,  0x00,  0x00,  0x03,  0xFC,
  0x1F,  0xF0,  0xC1,  0xC6,  0x06,  0x30,  0x31,  0x81,
  0x8C,  0x1C,  0x7F,  0xC3,  0xFC,  0x18,  0x00,  0xC0,
  0x06,  0x00,  0x30,  0x01,  0x80,  0x00,  0x00,  0x00,
  0x00,  0x00,  0x00,  0x00
};

const UCHAR abc_fontArial22h_0051[  42] = { /* code 0051 */
  0x00,  0x00,  0x00,  0x00,  0x00,  0x00,  0x00,  0x00,
  0x7C,  0x03,  0xFE,  0x0E,  0x0E,  0x18,  0x0C,  0x60,
  0x0C,  0xC0,  0x19,  0x80,  0x33,  0x00,  0x66,  0x00,
  0xCC,  0x01,  0x8C,  0x36,  0x1C,  0x38,  0x1F,  0xF0,
  0x0F,  0xB8,  0x00,  0x00,  0x00,  0x00,  0x00,  0x00,
  0x00,  0x00
};

const UCHAR abc_fontArial22h_0052[  39] = { /* code 0052 */
  0x00,  0x00,  0x00,  0x00,  0x00,  0x00,  0x00,  0x3F,
  0xC0,  0xFF,  0x83,  0x07,  0x0C,  0x0C,  0x30,  0x30,
  0xC1,  0xC3,  0xFE,  0x0F,  0xF0,  0x31,  0x80,  0xC3,
  0x03,  0x0E,  0x0C,  0x1C,  0x30,  0x30,  0xC0,  0xE0,
  0x00,  0x00,  0x00,  0x00,  0x00,  0x00,  0x00
};

const UCHAR abc_fontArial22h_0053[  36] = { /* code 0053 */
  0x00,  0x00,  0x00,  0x00,  0x00,  0x00,  0x00,  0xFC,
  0x0F,  0xF0,  0xE1,  0xC6,  0x06,  0x30,  0x00,  0xE0,
  0x03,  0xE0,  0x03,  0xC0,  0x03,  0x30,  0x19,  0x80,
  0xC7,  0x0E,  0x3F,  0xE0,  0x7C,  0x00,  0x00,  0x00,
  0x00,  0x00,  0x00,  0x00
};

const UCHAR abc_fontArial22h_0054[  33] = { /* code 0054 */
  0x00,  0x00,  0x00,  0x00,  0x00,  0x00,  0x7F,  0xE7,
  0xFE,  0x06,  0x00,  0x60,  0x06,  0x00,  0x60,  0x06,
  0x00,  0x60,  0x06,  0x00,  0x60,  0x06,  0x00,  0x60,
  0x06,  0x00,  0x60,  0x00,  0x00,  0x00,  0x00,  0x00,
  0x00
};

const UCHAR abc_fontArial22h_0055[  36] = { /* code 0055 */
  0x00,  0x00,  0x00,  0x00,  0x00,  0x00,  0x06,  0x03,
  0x30,  0x19,  0x80,  0xCC,  0x06,  0x60,  0x33,  0x01,
  0x98,  0x0C,  0xC0,  0x66,  0x03,  0x30,  0x19,  0x80,
  0xC6,  0x0C,  0x3F,  0xE0,  0x7C,  0x00,  0x00,  0x00,
  0x00,  0x00,  0x00,  0x00
};

const UCHAR abc_fontArial22h_0056[  36] = { /* code 0056 */
  0x00,  0x00,  0x00,  0x00,  0x00,  0x00,  0x0C,  0x01,
  0xE0,  0x0D,  0x80,  0xCC,  0x06,  0x60,  0x31,  0x83,
  0x0C,  0x18,  0x31,  0x81,  0x8C,  0x0C,  0x60,  0x36,
  0x01,  0xB0,  0x07,  0x00,  0x38,  0x00,  0x00,  0x00,
  0x00,  0x00,  0x00,  0x00
};

const UCHAR abc_fontArial22h_0057[  53] = { /* code 0057 */
  0x00,  0x00,  0x00,  0x00,  0x00,  0x00,  0x00,  0x00,
  0x00,  0x0C,  0x0E,  0x07,  0x81,  0xC0,  0xD8,  0x6C,
  0x33,  0x0D,  0x86,  0x61,  0xB0,  0xCC,  0x63,  0x19,
  0x8C,  0x63,  0x19,  0x8C,  0xC3,  0x31,  0x98,  0x6C,
  0x1B,  0x0D,  0x83,  0x61,  0xB0,  0x6C,  0x1C,  0x07,
  0x03,  0x80,  0xE0,  0x00,  0x00,  0x00,  0x00,  0x00,
  0x00,  0x00,  0x00,  0x00,  0x00
};

const UCHAR abc_fontArial22h_0058[  36] = { /* code 0058 */
  0x00,  0x00,  0x00,  0x00,  0x00,  0x00,  0x07,  0x07,
  0x1C,  0x70,  0x63,  0x03,  0xB8,  0x0D,  0x80,  0x38,
  0x01,  0xC0,  0x0E,  0x00,  0xD8,  0x0E,  0xE0,  0xE3,
  0x86,  0x0C,  0x70,  0x77,  0x01,  0xC0,  0x00,  0x00,
  0x00,  0x00,  0x00,  0x00
};

const UCHAR abc_fontArial22h_0059[  33] = { /* code 0059 */
  0x00,  0x00,  0x00,  0x00,  0x00,  0x00,  0xE0,  0x76,
  0x06,  0x30,  0xC3,  0x9C,  0x19,  0x81,  0xD8,  0x0F,
  0x00,  0x60,  0x06,  0x00,  0x60,  0x06,  0x00,  0x60,
  0x06,  0x00,  0x60,  0x00,  0x00,  0x00,  0x00,  0x00,
  0x00
};

const UCHAR abc_fontArial22h_005A[  33] = { /* code 005A */
  0x00,  0x00,  0x00,  0x00,  0x00,  0x00,  0x7F,  0xE7,
  0xFE,  0x00,  0xC0,  0x18,  0x03,  0x00,  0x30,  0x06,
  0x00,  0xC0,  0x18,  0x01,  0x80,  0x30,  0x06,  0x00,
  0xFF,  0xEF,  0xFE,  0x00,  0x00,  0x00,  0x00,  0x00,
  0x00
};

const UCHAR abc_fontArial22h_005B[  14] = { /* code 005B */
  0x00,  0x00,  0x07,  0xBD,  0x8C,  0x63,  0x18,  0xC6,
  0x31,  0x8C,  0x63,  0x18,  0xC7,  0xBC
};

const UCHAR abc_fontArial22h_005C[  17] = { /* code 005C */
  0x00,  0x00,  0x00,  0xC3,  0x06,  0x18,  0x60,  0xC3,
  0x0C,  0x30,  0x61,  0x86,  0x0C,  0x30,  0x00,  0x00,
  0x00
};

const UCHAR abc_fontArial22h_005D[  14] = { /* code 005D */
  0x00,  0x00,  0x0F,  0x78,  0xC6,  0x31,  0x8C,  0x63,
  0x18,  0xC6,  0x31,  0x8C,  0x6F,  0x78
};

const UCHAR abc_fontArial22h_005E[  20] = { /* code 005E */
  0x00,  0x00,  0x00,  0x01,  0x07,  0x0A,  0x36,  0x6C,
  0x8B,  0x18,  0x00,  0x00,  0x00,  0x00,  0x00,  0x00,
  0x00,  0x00,  0x00,  0x00
};

const UCHAR abc_fontArial22h_005F[  31] = { /* code 005F */
  0x00,  0x00,  0x00,  0x00,  0x00,  0x00,  0x00,  0x00,
  0x00,  0x00,  0x00,  0x00,  0x00,  0x00,  0x00,  0x00,
  0x00,  0x00,  0x00,  0x00,  0x00,  0x00,  0x00,  0x00,
  0x00,  0x00,  0x00,  0x0F,  0xFF,  0xFF,  0xC0
};

const UCHAR abc_fontArial22h_0060[  17] = { /* code 0060 */
  0x00,  0x00,  0x00,  0x60,  0xC1,  0x00,  0x00,  0x00,
  0x00,  0x00,  0x00,  0x00,  0x00,  0x00,  0x00,  0x00,
  0x00
};

const UCHAR abc_fontArial22h_0061[  28] = { /* code 0061 */
  0x00,  0x00,  0x00,  0x00,  0x00,  0x00,  0x00,  0x00,
  0x00,  0x00,  0x1F,  0x1F,  0xE6,  0x18,  0x1E,  0x3F,
  0x9E,  0x66,  0x19,  0x8E,  0x7F,  0x8F,  0x30,  0x00,
  0x00,  0x00,  0x00,  0x00
};

const UCHAR abc_fontArial22h_0062[  31] = { /* code 0062 */
  0x00,  0x00,  0x00,  0x00,  0x00,  0x06,  0x00,  0xC0,
  0x18,  0x03,  0x00,  0x6F,  0x0F,  0xF1,  0xC7,  0x30,
  0x66,  0x0C,  0xC1,  0x98,  0x33,  0x8E,  0x7F,  0x8D,
  0xE0,  0x00,  0x00,  0x00,  0x00,  0x00,  0x00
};

const UCHAR abc_fontArial22h_0063[  28] = { /* code 0063 */
  0x00,  0x00,  0x00,  0x00,  0x00,  0x00,  0x00,  0x00,
  0x00,  0x00,  0x1E,  0x0F,  0xC7,  0x39,  0x80,  0x60,
  0x18,  0x06,  0x01,  0xCE,  0x3F,  0x07,  0x80,  0x00,
  0x00,  0x00,  0x00,  0x00
};

const UCHAR abc_fontArial22h_0064[  31] = { /* code 0064 */
  0x00,  0x00,  0x00,  0x00,  0x00,  0x00,  0x0C,  0x01,
  0x80,  0x30,  0x06,  0x1E,  0xC7,  0xF9,  0xC7,  0x30,
  0x66,  0x0C,  0xC1,  0x98,  0x33,  0x8E,  0x3F,  0xC3,
  0xD8,  0x00,  0x00,  0x00,  0x00,  0x00,  0x00
};

const UCHAR abc_fontArial22h_0065[  31] = { /* code 0065 */
  0x00,  0x00,  0x00,  0x00,  0x00,  0x00,  0x00,  0x00,
  0x00,  0x00,  0x00,  0x1F,  0x07,  0xF1,  0xC6,  0x30,
  0x67,  0xFC,  0xFF,  0x98,  0x03,  0x86,  0x3F,  0x83,
  0xE0,  0x00,  0x00,  0x00,  0x00,  0x00,  0x00
};

const UCHAR abc_fontArial22h_0066[  17] = { /* code 0066 */
  0x00,  0x00,  0x00,  0x3D,  0xF6,  0x18,  0xFB,  0xE6,
  0x18,  0x61,  0x86,  0x18,  0x61,  0x80,  0x00,  0x00,
  0x00
};

const UCHAR abc_fontArial22h_0067[  31] = { /* code 0067 */
  0x00,  0x00,  0x00,  0x00,  0x00,  0x00,  0x00,  0x00,
  0x00,  0x00,  0x00,  0x1E,  0xC7,  0xF9,  0xC7,  0x30,
  0x66,  0x0C,  0xC1,  0x98,  0x33,  0x8E,  0x3F,  0xC3,
  0xD8,  0x03,  0x30,  0xE7,  0xF8,  0x3E,  0x00
};

const UCHAR abc_fontArial22h_0068[  28] = { /* code 0068 */
  0x00,  0x00,  0x00,  0x00,  0x00,  0x60,  0x18,  0x06,
  0x01,  0x80,  0x6F,  0x1F,  0xE7,  0x19,  0x86,  0x61,
  0x98,  0x66,  0x19,  0x86,  0x61,  0x98,  0x60,  0x00,
  0x00,  0x00,  0x00,  0x00
};

const UCHAR abc_fontArial22h_0069[  11] = { /* code 0069 */
  0x00,  0x00,  0x66,  0x00,  0x66,  0x66,  0x66,  0x66,
  0x66,  0x00,  0x00
};

const UCHAR abc_fontArial22h_006A[  11] = { /* code 006A */
  0x00,  0x00,  0x33,  0x00,  0x33,  0x33,  0x33,  0x33,
  0x33,  0x33,  0xFE
};

const UCHAR abc_fontArial22h_006B[  25] = { /* code 006B */
  0x00,  0x00,  0x00,  0x00,  0x06,  0x03,  0x01,  0x80,
  0xC0,  0x63,  0xB3,  0x9B,  0x8F,  0x87,  0xC3,  0x71,
  0x98,  0xCE,  0x63,  0x31,  0xC0,  0x00,  0x00,  0x00,
  0x00
};

const UCHAR abc_fontArial22h_006C[  11] = { /* code 006C */
  0x00,  0x00,  0x66,  0x66,  0x66,  0x66,  0x66,  0x66,
  0x66,  0x00,  0x00
};

const UCHAR abc_fontArial22h_006D[  44] = { /* code 006D */
  0x00,  0x00,  0x00,  0x00,  0x00,  0x00,  0x00,  0x00,
  0x00,  0x00,  0x00,  0x00,  0x00,  0x00,  0x00,  0x00,
  0x6F,  0x3C,  0x7F,  0x7E,  0x71,  0xC6,  0x61,  0x86,
  0x61,  0x86,  0x61,  0x86,  0x61,  0x86,  0x61,  0x86,
  0x61,  0x86,  0x61,  0x86,  0x00,  0x00,  0x00,  0x00,
  0x00,  0x00,  0x00,  0x00
};

const UCHAR abc_fontArial22h_006E[  28] = { /* code 006E */
  0x00,  0x00,  0x00,  0x00,  0x00,  0x00,  0x00,  0x00,
  0x00,  0x00,  0x6F,  0x1F,  0xE7,  0x19,  0x86,  0x61,
  0x98,  0x66,  0x19,  0x86,  0x61,  0x98,  0x60,  0x00,
  0x00,  0x00,  0x00,  0x00
};

const UCHAR abc_fontArial22h_006F[  31] = { /* code 006F */
  0x00,  0x00,  0x00,  0x00,  0x00,  0x00,  0x00,  0x00,
  0x00,  0x00,  0x00,  0x1F,  0x07,  0xF1,  0xC7,  0x30,
  0x66,  0x0C,  0xC1,  0x98,  0x33,  0x8E,  0x3F,  0x83,
  0xE0,  0x00,  0x00,  0x00,  0x00,  0x00,  0x00
};

const UCHAR abc_fontArial22h_0070[  31] = { /* code 0070 */
  0x00,  0x00,  0x00,  0x00,  0x00,  0x00,  0x00,  0x00,
  0x00,  0x00,  0x00,  0x6F,  0x0F,  0xF1,  0xC7,  0x30,
  0x66,  0x0C,  0xC1,  0x98,  0x33,  0x8C,  0x7F,  0x8D,
  0xE1,  0x80,  0x30,  0x06,  0x00,  0xC0,  0x00
};

const UCHAR abc_fontArial22h_0071[  31] = { /* code 0071 */
  0x00,  0x00,  0x00,  0x00,  0x00,  0x00,  0x00,  0x00,
  0x00,  0x00,  0x00,  0x1E,  0xC7,  0xF9,  0xC7,  0x30,
  0x66,  0x0C,  0xC1,  0x98,  0x31,  0x8E,  0x3F,  0xC3,
  0xD8,  0x03,  0x00,  0x60,  0x0C,  0x01,  0x80
};

const UCHAR abc_fontArial22h_0072[  17] = { /* code 0072 */
  0x00,  0x00,  0x00,  0x00,  0x00,  0x00,  0x6D,  0xF7,
  0x18,  0x61,  0x86,  0x18,  0x61,  0x80,  0x00,  0x00,
  0x00
};

const UCHAR abc_fontArial22h_0073[  28] = { /* code 0073 */
  0x00,  0x00,  0x00,  0x00,  0x00,  0x00,  0x00,  0x00,
  0x00,  0x00,  0x3E,  0x1F,  0xC6,  0x19,  0xC0,  0x3C,
  0x03,  0xC0,  0x39,  0x86,  0x3F,  0x87,  0xC0,  0x00,
  0x00,  0x00,  0x00,  0x00
};

const UCHAR abc_fontArial22h_0074[  14] = { /* code 0074 */
  0x00,  0x00,  0x00,  0x31,  0x8C,  0xFF,  0xD8,  0xC6,
  0x31,  0x8C,  0x79,  0xC0,  0x00,  0x00
};

const UCHAR abc_fontArial22h_0075[  28] = { /* code 0075 */
  0x00,  0x00,  0x00,  0x00,  0x00,  0x00,  0x00,  0x00,
  0x00,  0x00,  0x61,  0x98,  0x66,  0x19,  0x86,  0x61,
  0x98,  0x66,  0x19,  0x8E,  0x7F,  0x8F,  0x60,  0x00,
  0x00,  0x00,  0x00,  0x00
};

const UCHAR abc_fontArial22h_0076[  25] = { /* code 0076 */
  0x00,  0x00,  0x00,  0x00,  0x00,  0x00,  0x00,  0x00,
  0x00,  0xC1,  0xE0,  0xD8,  0xCC,  0x66,  0x31,  0xB0,
  0xD8,  0x38,  0x1C,  0x04,  0x00,  0x00,  0x00,  0x00,
  0x00
};

const UCHAR abc_fontArial22h_0077[  42] = { /* code 0077 */
  0x00,  0x00,  0x00,  0x00,  0x00,  0x00,  0x00,  0x00,
  0x00,  0x00,  0x00,  0x00,  0x00,  0x00,  0x00,  0x61,
  0x0C,  0xC7,  0x19,  0x8E,  0x31,  0x94,  0xC3,  0x6D,
  0x86,  0xDB,  0x05,  0x14,  0x0E,  0x38,  0x1C,  0x70,
  0x18,  0xC0,  0x00,  0x00,  0x00,  0x00,  0x00,  0x00,
  0x00,  0x00
};

const UCHAR abc_fontArial22h_0078[  25] = { /* code 0078 */
  0x00,  0x00,  0x00,  0x00,  0x00,  0x00,  0x00,  0x00,
  0x00,  0xC1,  0xB1,  0x8D,  0x86,  0xC1,  0xC0,  0xE0,
  0xD8,  0x6C,  0x63,  0x60,  0xC0,  0x00,  0x00,  0x00,
  0x00
};

const UCHAR abc_fontArial22h_0079[  25] = { /* code 0079 */
  0x00,  0x00,  0x00,  0x00,  0x00,  0x00,  0x00,  0x00,
  0x00,  0xC1,  0xE0,  0xD8,  0xCC,  0x63,  0x31,  0xB0,
  0x78,  0x3C,  0x0C,  0x06,  0x03,  0x03,  0x07,  0x83,
  0x80
};

const UCHAR abc_fontArial22h_007A[  25] = { /* code 007A */
  0x00,  0x00,  0x00,  0x00,  0x00,  0x00,  0x00,  0x00,
  0x00,  0x7F,  0xBF,  0xC0,  0xE0,  0xE1,  0xE1,  0xC1,
  0xC1,  0xC0,  0xFF,  0xFF,  0xC0,  0x00,  0x00,  0x00,
  0x00
};

const UCHAR abc_fontArial22h_007B[  17] = { /* code 007B */
  0x00,  0x00,  0x00,  0x1C,  0xF3,  0x0C,  0x30,  0xC3,
  0x1C,  0xE3,  0x87,  0x0C,  0x30,  0xC3,  0x0C,  0x3C,
  0x70
};

const UCHAR abc_fontArial22h_007C[  17] = { /* code 007C */
  0x00,  0x00,  0x00,  0x30,  0xC3,  0x0C,  0x30,  0xC3,
  0x0C,  0x30,  0xC3,  0x0C,  0x30,  0xC3,  0x0C,  0x30,
  0xC0
};

const UCHAR abc_fontArial22h_007D[  17] = { /* code 007D */
  0x00,  0x00,  0x00,  0xE3,  0xC3,  0x0C,  0x30,  0xC3,
  0x0E,  0x1C,  0x73,  0x8C,  0x30,  0xC3,  0x0C,  0xF3,
  0x80
};

const UCHAR abc_fontArial22h_007E[  31] = { /* code 007E */
  0x00,  0x00,  0x00,  0x00,  0x00,  0x00,  0x00,  0x00,
  0x00,  0x00,  0x00,  0x00,  0x00,  0x00,  0xE0,  0x3E,
  0x24,  0x7C,  0x07,  0x00,  0x00,  0x00,  0x00,  0x00,
  0x00,  0x00,  0x00,  0x00,  0x00,  0x00,  0x00
};

const UCHAR abc_fontArial22h_00B2[  17] = { /* code 00B2 */
  0x00,  0x00,  0x00,  0x00,  0x00,  0x00,  0x00,  0x00,
  0x00,  0x01,  0xEC,  0xC3,  0x18,  0xC6,  0x3F,  0x00,
  0x00
};

const UCHAR abc_fontArial22h_00BF[  33] = { /* code 00BF */
  0x00,  0x00,  0x00,  0x00,  0x00,  0x00,  0x00,  0x00,
  0x00,  0x00,  0x00,  0x00,  0x06,  0x00,  0x60,  0x00,
  0x00,  0x60,  0x06,  0x00,  0xE0,  0x1C,  0x03,  0x80,
  0x30,  0x06,  0x00,  0x60,  0x67,  0x0E,  0x3F,  0xC1,
  0xF8
};

const UCHAR abc_fontArial22h_00C0[  36] = { /* code 00C0 */
  0x06,  0x00,  0x18,  0x00,  0x40,  0x00,  0x00,  0x70,
  0x03,  0x80,  0x36,  0x01,  0xB0,  0x0D,  0x80,  0xC6,
  0x06,  0x30,  0x60,  0xC3,  0xFE,  0x1F,  0xF1,  0x80,
  0xCC,  0x06,  0xC0,  0x1E,  0x00,  0xC0,  0x00,  0x00,
  0x00,  0x00,  0x00,  0x00
};

const UCHAR abc_fontArial22h_00C1[  36] = { /* code 00C1 */
  0x03,  0x00,  0x30,  0x01,  0x00,  0x00,  0x00,  0x70,
  0x03,  0x80,  0x36,  0x01,  0xB0,  0x0D,  0x80,  0xC6,
  0x06,  0x30,  0x60,  0xC3,  0xFE,  0x1F,  0xF1,  0x80,
  0xCC,  0x06,  0xC0,  0x1E,  0x00,  0xC0,  0x00,  0x00,
  0x00,  0x00,  0x00,  0x00
};

const UCHAR abc_fontArial22h_00C2[  36] = { /* code 00C2 */
  0x03,  0x00,  0x3C,  0x03,  0x30,  0x00,  0x00,  0x70,
  0x03,  0x80,  0x36,  0x01,  0xB0,  0x0D,  0x80,  0xC6,
  0x06,  0x30,  0x60,  0xC3,  0xFE,  0x1F,  0xF1,  0x80,
  0xCC,  0x06,  0xC0,  0x1E,  0x00,  0xC0,  0x00,  0x00,
  0x00,  0x00,  0x00,  0x00
};

const UCHAR abc_fontArial22h_00C3[  36] = { /* code 00C3 */
  0x06,  0x80,  0x7C,  0x02,  0xC0,  0x00,  0x00,  0x70,
  0x03,  0x80,  0x36,  0x01,  0xB0,  0x0D,  0x80,  0xC6,
  0x06,  0x30,  0x60,  0xC3,  0xFE,  0x1F,  0xF1,  0x80,
  0xCC,  0x06,  0xC0,  0x1E,  0x00,  0xC0,  0x00,  0x00,
  0x00,  0x00,  0x00,  0x00
};

const UCHAR abc_fontArial22h_00C4[  36] = { /* code 00C4 */
  0x00,  0x00,  0x66,  0x03,  0x30,  0x00,  0x00,  0x70,
  0x03,  0x80,  0x36,  0x01,  0xB0,  0x0D,  0x80,  0xC6,
  0x06,  0x30,  0x60,  0xC3,  0xFE,  0x1F,  0xF1,  0x80,
  0xCC,  0x06,  0xC0,  0x1E,  0x00,  0xC0,  0x00,  0x00,
  0x00,  0x00,  0x00,  0x00
};

const UCHAR abc_fontArial22h_00C5[  36] = { /* code 00C5 */
  0x07,  0x00,  0x44,  0x02,  0x20,  0x11,  0x00,  0x70,
  0x03,  0x80,  0x36,  0x01,  0xB0,  0x0D,  0x80,  0xC6,
  0x06,  0x30,  0x60,  0xC3,  0xFE,  0x1F,  0xF1,  0x80,
  0xCC,  0x06,  0xC0,  0x1E,  0x00,  0xC0,  0x00,  0x00,
  0x00,  0x00,  0x00,  0x00
};

const UCHAR abc_fontArial22h_00C6[  53] = { /* code 00C6 */
  0x00,  0x00,  0x00,  0x00,  0x00,  0x00,  0x00,  0x00,
  0x00,  0x00,  0x1F,  0xFE,  0x03,  0xFF,  0xC0,  0xCC,
  0x00,  0x19,  0x80,  0x06,  0x30,  0x00,  0xC6,  0x00,
  0x30,  0xFF,  0x06,  0x1F,  0xE1,  0xFF,  0x00,  0x3F,
  0xE0,  0x0C,  0x0C,  0x01,  0x81,  0x80,  0x60,  0x3F,
  0xEC,  0x07,  0xFC,  0x00,  0x00,  0x00,  0x00,  0x00,
  0x00,  0x00,  0x00,  0x00,  0x00
};

const UCHAR abc_fontArial22h_00C7[  39] = { /* code 00C7 */
  0x00,  0x00,  0x00,  0x00,  0x00,  0x00,  0x00,  0x07,
  0x80,  0x7F,  0x83,  0x83,  0x0C,  0x06,  0x60,  0x01,
  0x80,  0x06,  0x00,  0x18,  0x00,  0x60,  0x01,  0x80,
  0x63,  0x03,  0x0E,  0x1C,  0x1F,  0xE0,  0x1E,  0x00,
  0x20,  0x00,  0xC0,  0x01,  0x00,  0x18,  0x00
};

const UCHAR abc_fontArial22h_00C8[  36] = { /* code 00C8 */
  0x06,  0x00,  0x18,  0x00,  0x40,  0x00,  0x03,  0xFF,
  0x1F,  0xF8,  0xC0,  0x06,  0x00,  0x30,  0x01,  0x80,
  0x0F,  0xF8,  0x7F,  0xC3,  0x00,  0x18,  0x00,  0xC0,
  0x06,  0x00,  0x3F,  0xF1,  0xFF,  0x80,  0x00,  0x00,
  0x00,  0x00,  0x00,  0x00
};

const UCHAR abc_fontArial22h_00C9[  36] = { /* code 00C9 */
  0x01,  0x80,  0x18,  0x00,  0x80,  0x00,  0x03,  0xFF,
  0x1F,  0xF8,  0xC0,  0x06,  0x00,  0x30,  0x01,  0x80,
  0x0F,  0xF8,  0x7F,  0xC3,  0x00,  0x18,  0x00,  0xC0,
  0x06,  0x00,  0x3F,  0xF1,  0xFF,  0x80,  0x00,  0x00,
  0x00,  0x00,  0x00,  0x00
};

const UCHAR abc_fontArial22h_00CA[  36] = { /* code 00CA */
  0x03,  0x00,  0x3C,  0x03,  0x30,  0x00,  0x03,  0xFF,
  0x1F,  0xF8,  0xC0,  0x06,  0x00,  0x30,  0x01,  0x80,
  0x0F,  0xF8,  0x7F,  0xC3,  0x00,  0x18,  0x00,  0xC0,
  0x06,  0x00,  0x3F,  0xF1,  0xFF,  0x80,  0x00,  0x00,
  0x00,  0x00,  0x00,  0x00
};

const UCHAR abc_fontArial22h_00CB[  36] = { /* code 00CB */
  0x00,  0x00,  0x66,  0x03,  0x30,  0x00,  0x03,  0xFF,
  0x1F,  0xF8,  0xC0,  0x06,  0x00,  0x30,  0x01,  0x80,
  0x0F,  0xF8,  0x7F,  0xC3,  0x00,  0x18,  0x00,  0xC0,
  0x06,  0x00,  0x3F,  0xF1,  0xFF,  0x80,  0x00,  0x00,
  0x00,  0x00,  0x00,  0x00
};

const UCHAR abc_fontArial22h_00CC[  17] = { /* code 00CC */
  0x60,  0xC1,  0x00,  0x30,  0xC3,  0x0C,  0x30,  0xC3,
  0x0C,  0x30,  0xC3,  0x0C,  0x30,  0xC0,  0x00,  0x00,
  0x00
};

const UCHAR abc_fontArial22h_00CD[  17] = { /* code 00CD */
  0x18,  0xC2,  0x00,  0x30,  0xC3,  0x0C,  0x30,  0xC3,
  0x0C,  0x30,  0xC3,  0x0C,  0x30,  0xC0,  0x00,  0x00,
  0x00
};

const UCHAR abc_fontArial22h_00CE[  22] = { /* code 00CE */
  0x18,  0x3C,  0x66,  0x00,  0x18,  0x18,  0x18,  0x18,
  0x18,  0x18,  0x18,  0x18,  0x18,  0x18,  0x18,  0x18,
  0x18,  0x18,  0x00,  0x00,  0x00,  0x00
};

const UCHAR abc_fontArial22h_00CF[  17] = { /* code 00CF */
  0x03,  0x3C,  0xC0,  0x30,  0xC3,  0x0C,  0x30,  0xC3,
  0x0C,  0x30,  0xC3,  0x0C,  0x30,  0xC0,  0x00,  0x00,
  0x00
};

const UCHAR abc_fontArial22h_00D1[  36] = { /* code 00D1 */
  0x06,  0x80,  0x7C,  0x02,  0xC0,  0x00,  0x06,  0x03,
  0x38,  0x19,  0xE0,  0xCF,  0x06,  0x6C,  0x33,  0x31,
  0x99,  0x8C,  0xC6,  0x66,  0x33,  0x30,  0xD9,  0x83,
  0xCC,  0x1E,  0x60,  0x73,  0x01,  0x80,  0x00,  0x00,
  0x00,  0x00,  0x00,  0x00
};

const UCHAR abc_fontArial22h_00D2[  42] = { /* code 00D2 */
  0x03,  0x00,  0x03,  0x00,  0x02,  0x00,  0x00,  0x00,
  0x7C,  0x03,  0xFE,  0x0E,  0x0E,  0x18,  0x0C,  0x60,
  0x0C,  0xC0,  0x19,  0x80,  0x33,  0x00,  0x66,  0x00,
  0xCC,  0x01,  0x8C,  0x06,  0x1C,  0x1C,  0x1F,  0xF0,
  0x0F,  0x80,  0x00,  0x00,  0x00,  0x00,  0x00,  0x00,
  0x00,  0x00
};

const UCHAR abc_fontArial22h_00D3[  42] = { /* code 00D3 */
  0x00,  0xC0,  0x03,  0x00,  0x04,  0x00,  0x00,  0x00,
  0x7C,  0x03,  0xFE,  0x0E,  0x0E,  0x18,  0x0C,  0x60,
  0x0C,  0xC0,  0x19,  0x80,  0x33,  0x00,  0x66,  0x00,
  0xCC,  0x01,  0x8C,  0x06,  0x1C,  0x1C,  0x1F,  0xF0,
  0x0F,  0x80,  0x00,  0x00,  0x00,  0x00,  0x00,  0x00,
  0x00,  0x00
};

const UCHAR abc_fontArial22h_00D4[  42] = { /* code 00D4 */
  0x01,  0x80,  0x07,  0x80,  0x19,  0x80,  0x00,  0x00,
  0x7C,  0x03,  0xFE,  0x0E,  0x0E,  0x18,  0x0C,  0x60,
  0x0C,  0xC0,  0x19,  0x80,  0x33,  0x00,  0x66,  0x00,
  0xCC,  0x01,  0x8C,  0x06,  0x1C,  0x1C,  0x1F,  0xF0,
  0x0F,  0x80,  0x00,  0x00,  0x00,  0x00,  0x00,  0x00,
  0x00,  0x00
};

const UCHAR abc_fontArial22h_00D5[  42] = { /* code 00D5 */
  0x03,  0x40,  0x0F,  0x80,  0x16,  0x00,  0x00,  0x00,
  0x7C,  0x03,  0xFE,  0x0E,  0x0E,  0x18,  0x0C,  0x60,
  0x0C,  0xC0,  0x19,  0x80,  0x33,  0x00,  0x66,  0x00,
  0xCC,  0x01,  0x8C,  0x06,  0x1C,  0x1C,  0x1F,  0xF0,
  0x0F,  0x80,  0x00,  0x00,  0x00,  0x00,  0x00,  0x00,
  0x00,  0x00
};

const UCHAR abc_fontArial22h_00D6[  42] = { /* code 00D6 */
  0x00,  0x00,  0x0C,  0xC0,  0x19,  0x80,  0x00,  0x00,
  0x7C,  0x03,  0xFE,  0x0E,  0x0E,  0x18,  0x0C,  0x60,
  0x0C,  0xC0,  0x19,  0x80,  0x33,  0x00,  0x66,  0x00,
  0xCC,  0x01,  0x8C,  0x06,  0x1C,  0x1C,  0x1F,  0xF0,
  0x0F,  0x80,  0x00,  0x00,  0x00,  0x00,  0x00,  0x00,
  0x00,  0x00
};

const UCHAR abc_fontArial22h_00D8[  42] = { /* code 00D8 */
  0x00,  0x00,  0x00,  0x00,  0x00,  0x00,  0x00,  0x00,
  0x7C,  0x43,  0xFD,  0x8E,  0x0E,  0x18,  0x1C,  0x60,
  0x6C,  0xC1,  0x99,  0x86,  0x33,  0x18,  0x66,  0x30,
  0xCE,  0xC1,  0x8F,  0x06,  0x1C,  0x18,  0x3F,  0xE0,
  0xCF,  0x80,  0x00,  0x00,  0x00,  0x00,  0x00,  0x00,
  0x00,  0x00
};

const UCHAR abc_fontArial22h_00D9[  36] = { /* code 00D9 */
  0x0C,  0x00,  0x30,  0x00,  0x80,  0x00,  0x06,  0x03,
  0x30,  0x19,  0x80,  0xCC,  0x06,  0x60,  0x33,  0x01,
  0x98,  0x0C,  0xC0,  0x66,  0x03,  0x30,  0x19,  0x80,
  0xC6,  0x0C,  0x3F,  0xE0,  0x7C,  0x00,  0x00,  0x00,
  0x00,  0x00,  0x00,  0x00
};

const UCHAR abc_fontArial22h_00DA[  36] = { /* code 00DA */
  0x03,  0x00,  0x30,  0x01,  0x00,  0x00,  0x06,  0x03,
  0x30,  0x19,  0x80,  0xCC,  0x06,  0x60,  0x33,  0x01,
  0x98,  0x0C,  0xC0,  0x66,  0x03,  0x30,  0x19,  0x80,
  0xC6,  0x0C,  0x3F,  0xE0,  0x7C,  0x00,  0x00,  0x00,
  0x00,  0x00,  0x00,  0x00
};

const UCHAR abc_fontArial22h_00DB[  36] = { /* code 00DB */
  0x03,  0x00,  0x3C,  0x03,  0x30,  0x00,  0x06,  0x03,
  0x30,  0x19,  0x80,  0xCC,  0x06,  0x60,  0x33,  0x01,
  0x98,  0x0C,  0xC0,  0x66,  0x03,  0x30,  0x19,  0x80,
  0xC6,  0x0C,  0x3F,  0xE0,  0x7C,  0x00,  0x00,  0x00,
  0x00,  0x00,  0x00,  0x00
};

const UCHAR abc_fontArial22h_00DC[  36] = { /* code 00DC */
  0x00,  0x00,  0x66,  0x03,  0x30,  0x00,  0x06,  0x03,
  0x30,  0x19,  0x80,  0xCC,  0x06,  0x60,  0x33,  0x01,
  0x98,  0x0C,  0xC0,  0x66,  0x03,  0x30,  0x19,  0x80,
  0xC6,  0x0C,  0x3F,  0xE0,  0x7C,  0x00,  0x00,  0x00,
  0x00,  0x00,  0x00,  0x00
};

const UCHAR abc_fontArial22h_00E0[  28] = { /* code 00E0 */
  0x00,  0x00,  0x00,  0x00,  0x00,  0x18,  0x03,  0x00,
  0x40,  0x00,  0x1F,  0x1F,  0xE6,  0x18,  0x1E,  0x3F,
  0x9E,  0x66,  0x19,  0x8E,  0x7F,  0x8F,  0x30,  0x00,
  0x00,  0x00,  0x00,  0x00
};

const UCHAR abc_fontArial22h_00E1[  28] = { /* code 00E1 */
  0x00,  0x00,  0x00,  0x00,  0x00,  0x06,  0x03,  0x00,
  0x80,  0x00,  0x1F,  0x1F,  0xE6,  0x18,  0x1E,  0x3F,
  0x9E,  0x66,  0x19,  0x8E,  0x7F,  0x8F,  0x30,  0x00,
  0x00,  0x00,  0x00,  0x00
};

const UCHAR abc_fontArial22h_00E2[  28] = { /* code 00E2 */
  0x00,  0x00,  0x00,  0x00,  0x00,  0x0C,  0x07,  0x83,
  0x30,  0x00,  0x1F,  0x1F,  0xE6,  0x18,  0x1E,  0x3F,
  0x9E,  0x66,  0x19,  0x8E,  0x7F,  0x8F,  0x30,  0x00,
  0x00,  0x00,  0x00,  0x00
};

const UCHAR abc_fontArial22h_00E3[  28] = { /* code 00E3 */
  0x00,  0x00,  0x00,  0x00,  0x00,  0x0D,  0x07,  0xC1,
  0x60,  0x00,  0x1F,  0x1F,  0xE6,  0x18,  0x1E,  0x3F,
  0x9E,  0x66,  0x19,  0x8E,  0x7F,  0x8F,  0x30,  0x00,
  0x00,  0x00,  0x00,  0x00
};

const UCHAR abc_fontArial22h_00E4[  28] = { /* code 00E4 */
  0x00,  0x00,  0x00,  0x00,  0x00,  0x00,  0x0C,  0xC3,
  0x30,  0x00,  0x1F,  0x1F,  0xE6,  0x18,  0x1E,  0x3F,
  0x9E,  0x66,  0x19,  0x8E,  0x7F,  0x8F,  0x30,  0x00,
  0x00,  0x00,  0x00,  0x00
};

const UCHAR abc_fontArial22h_00E5[  28] = { /* code 00E5 */
  0x00,  0x00,  0x00,  0xE0,  0x44,  0x11,  0x04,  0x40,
  0xE0,  0x00,  0x1F,  0x1F,  0xE6,  0x18,  0x1E,  0x3F,
  0x9E,  0x66,  0x19,  0x8E,  0x7F,  0x8F,  0x30,  0x00,
  0x00,  0x00,  0x00,  0x00
};

const UCHAR abc_fontArial22h_00E6[  47] = { /* code 00E6 */
  0x00,  0x00,  0x00,  0x00,  0x00,  0x00,  0x00,  0x00,
  0x00,  0x00,  0x00,  0x00,  0x00,  0x00,  0x00,  0x00,
  0x00,  0x1F,  0x3E,  0x1F,  0xFF,  0x98,  0x38,  0xC0,
  0x78,  0x33,  0xFF,  0xFB,  0xC7,  0xFD,  0x83,  0x00,
  0xC3,  0xC7,  0x7F,  0x7F,  0x1F,  0x1F,  0x00,  0x00,
  0x00,  0x00,  0x00,  0x00,  0x00,  0x00,  0x00
};

const UCHAR abc_fontArial22h_00E7[  28] = { /* code 00E7 */
  0x00,  0x00,  0x00,  0x00,  0x00,  0x00,  0x00,  0x00,
  0x00,  0x00,  0x1E,  0x0F,  0xC7,  0x39,  0x80,  0x60,
  0x18,  0x06,  0x01,  0xCE,  0x3F,  0x07,  0x80,  0x80,
  0x30,  0x04,  0x06,  0x00
};

const UCHAR abc_fontArial22h_00E8[  31] = { /* code 00E8 */
  0x00,  0x00,  0x00,  0x00,  0x00,  0x00,  0xC0,  0x0C,
  0x00,  0x80,  0x00,  0x1F,  0x07,  0xF1,  0xC6,  0x30,
  0x67,  0xFC,  0xFF,  0x98,  0x03,  0x86,  0x3F,  0x83,
  0xE0,  0x00,  0x00,  0x00,  0x00,  0x00,  0x00
};

const UCHAR abc_fontArial22h_00E9[  31] = { /* code 00E9 */
  0x00,  0x00,  0x00,  0x00,  0x00,  0x00,  0x30,  0x0C,
  0x01,  0x00,  0x00,  0x1F,  0x07,  0xF1,  0xC6,  0x30,
  0x67,  0xFC,  0xFF,  0x98,  0x03,  0x86,  0x3F,  0x83,
  0xE0,  0x00,  0x00,  0x00,  0x00,  0x00,  0x00
};

const UCHAR abc_fontArial22h_00EA[  31] = { /* code 00EA */
  0x00,  0x00,  0x00,  0x00,  0x00,  0x00,  0x60,  0x1E,
  0x06,  0x60,  0x00,  0x1F,  0x07,  0xF1,  0xC6,  0x30,
  0x67,  0xFC,  0xFF,  0x98,  0x03,  0x86,  0x3F,  0x83,
  0xE0,  0x00,  0x00,  0x00,  0x00,  0x00,  0x00
};

const UCHAR abc_fontArial22h_00EB[  31] = { /* code 00EB */
  0x00,  0x00,  0x00,  0x00,  0x00,  0x00,  0x00,  0x33,
  0x06,  0x60,  0x00,  0x1F,  0x07,  0xF1,  0xC6,  0x30,
  0x67,  0xFC,  0xFF,  0x98,  0x03,  0x86,  0x3F,  0x83,
  0xE0,  0x00,  0x00,  0x00,  0x00,  0x00,  0x00
};

const UCHAR abc_fontArial22h_00EC[  17] = { /* code 00EC */
  0x00,  0x00,  0x00,  0x60,  0xC1,  0x00,  0x30,  0xC3,
  0x0C,  0x30,  0xC3,  0x0C,  0x30,  0xC0,  0x00,  0x00,
  0x00
};

const UCHAR abc_fontArial22h_00ED[  17] = { /* code 00ED */
  0x00,  0x00,  0x00,  0x18,  0xC2,  0x00,  0x30,  0xC3,
  0x0C,  0x30,  0xC3,  0x0C,  0x30,  0xC0,  0x00,  0x00,
  0x00
};

const UCHAR abc_fontArial22h_00EE[  22] = { /* code 00EE */
  0x00,  0x00,  0x00,  0x00,  0x18,  0x3C,  0x66,  0x00,
  0x18,  0x18,  0x18,  0x18,  0x18,  0x18,  0x18,  0x18,
  0x18,  0x18,  0x00,  0x00,  0x00,  0x00
};

const UCHAR abc_fontArial22h_00EF[  17] = { /* code 00EF */
  0x00,  0x00,  0x00,  0x03,  0x3C,  0xC0,  0x30,  0xC3,
  0x0C,  0x30,  0xC3,  0x0C,  0x30,  0xC0,  0x00,  0x00,
  0x00
};

const UCHAR abc_fontArial22h_00F1[  28] = { /* code 00F1 */
  0x00,  0x00,  0x00,  0x00,  0x00,  0x0D,  0x07,  0xC1,
  0x60,  0x00,  0x6F,  0x1F,  0xE7,  0x19,  0x86,  0x61,
  0x98,  0x66,  0x19,  0x86,  0x61,  0x98,  0x60,  0x00,
  0x00,  0x00,  0x00,  0x00
};

const UCHAR abc_fontArial22h_00F2[  31] = { /* code 00F2 */
  0x00,  0x00,  0x00,  0x00,  0x00,  0x00,  0xC0,  0x0C,
  0x00,  0x80,  0x00,  0x1F,  0x07,  0xF1,  0xC7,  0x30,
  0x66,  0x0C,  0xC1,  0x98,  0x33,  0x8E,  0x3F,  0x83,
  0xE0,  0x00,  0x00,  0x00,  0x00,  0x00,  0x00
};

const UCHAR abc_fontArial22h_00F3[  31] = { /* code 00F3 */
  0x00,  0x00,  0x00,  0x00,  0x00,  0x00,  0x30,  0x0C,
  0x01,  0x00,  0x00,  0x1F,  0x07,  0xF1,  0xC7,  0x30,
  0x66,  0x0C,  0xC1,  0x98,  0x33,  0x8E,  0x3F,  0x83,
  0xE0,  0x00,  0x00,  0x00,  0x00,  0x00,  0x00
};

const UCHAR abc_fontArial22h_00F4[  31] = { /* code 00F4 */
  0x00,  0x00,  0x00,  0x00,  0x00,  0x00,  0x60,  0x1E,
  0x06,  0x60,  0x00,  0x1F,  0x07,  0xF1,  0xC7,  0x30,
  0x66,  0x0C,  0xC1,  0x98,  0x33,  0x8E,  0x3F,  0x83,
  0xE0,  0x00,  0x00,  0x00,  0x00,  0x00,  0x00
};

const UCHAR abc_fontArial22h_00F5[  31] = { /* code 00F5 */
  0x00,  0x00,  0x00,  0x00,  0x00,  0x00,  0xD0,  0x3E,
  0x05,  0x80,  0x00,  0x1F,  0x07,  0xF1,  0xC7,  0x30,
  0x66,  0x0C,  0xC1,  0x98,  0x33,  0x8E,  0x3F,  0x83,
  0xE0,  0x00,  0x00,  0x00,  0x00,  0x00,  0x00
};

const UCHAR abc_fontArial22h_00F6[  31] = { /* code 00F6 */
  0x00,  0x00,  0x00,  0x00,  0x00,  0x00,  0x00,  0x33,
  0x06,  0x60,  0x00,  0x1F,  0x07,  0xF1,  0xC7,  0x30,
  0x66,  0x0C,  0xC1,  0x98,  0x33,  0x8E,  0x3F,  0x83,
  0xE0,  0x00,  0x00,  0x00,  0x00,  0x00,  0x00
};

const UCHAR abc_fontArial22h_00F8[  31] = { /* code 00F8 */
  0x00,  0x00,  0x00,  0x00,  0x00,  0x00,  0x00,  0x00,
  0x00,  0x00,  0x06,  0x1F,  0xC7,  0xF1,  0xCF,  0x33,
  0x66,  0x6C,  0xD9,  0x9B,  0x33,  0xCE,  0x3F,  0x8D,
  0xE1,  0x80,  0x00,  0x00,  0x00,  0x00,  0x00
};

const UCHAR abc_fontArial22h_00F9[  28] = { /* code 00F9 */
  0x00,  0x00,  0x00,  0x00,  0x00,  0x18,  0x03,  0x00,
  0x40,  0x00,  0x61,  0x98,  0x66,  0x19,  0x86,  0x61,
  0x98,  0x66,  0x19,  0x8E,  0x7F,  0x8F,  0x60,  0x00,
  0x00,  0x00,  0x00,  0x00
};

const UCHAR abc_fontArial22h_00FA[  28] = { /* code 00FA */
  0x00,  0x00,  0x00,  0x00,  0x00,  0x06,  0x03,  0x00,
  0x80,  0x00,  0x61,  0x98,  0x66,  0x19,  0x86,  0x61,
  0x98,  0x66,  0x19,  0x8E,  0x7F,  0x8F,  0x60,  0x00,
  0x00,  0x00,  0x00,  0x00
};

const UCHAR abc_fontArial22h_00FB[  28] = { /* code 00FB */
  0x00,  0x00,  0x00,  0x00,  0x00,  0x0C,  0x07,  0x83,
  0x30,  0x00,  0x61,  0x98,  0x66,  0x19,  0x86,  0x61,
  0x98,  0x66,  0x19,  0x8E,  0x7F,  0x8F,  0x60,  0x00,
  0x00,  0x00,  0x00,  0x00
};

const UCHAR abc_fontArial22h_00FC[  28] = { /* code 00FC */
  0x00,  0x00,  0x00,  0x00,  0x00,  0x00,  0x0C,  0xC3,
  0x30,  0x00,  0x61,  0x98,  0x66,  0x19,  0x86,  0x61,
  0x98,  0x66,  0x19,  0x8E,  0x7F,  0x8F,  0x60,  0x00,
  0x00,  0x00,  0x00,  0x00
};

const UCHAR abc_fontArial22h_0101[  28] = { /* code 0101 */
  0x00,  0x00,  0x00,  0x00,  0x00,  0x00,  0x00,  0x01,
  0xF0,  0x00,  0x1F,  0x1F,  0xE6,  0x18,  0x1E,  0x3F,
  0x9E,  0x66,  0x19,  0x8E,  0x7F,  0x8F,  0x30,  0x00,
  0x00,  0x00,  0x00,  0x00
};

const UCHAR abc_fontArial22h_0103[  28] = { /* code 0103 */
  0x00,  0x00,  0x00,  0x00,  0x00,  0x11,  0x04,  0x40,
  0xE0,  0x00,  0x1F,  0x1F,  0xE6,  0x18,  0x1E,  0x3F,
  0x9E,  0x66,  0x19,  0x8E,  0x7F,  0x8F,  0x30,  0x00,
  0x00,  0x00,  0x00,  0x00
};

const UCHAR abc_fontArial22h_0105[  28] = { /* code 0105 */
  0x00,  0x00,  0x00,  0x00,  0x00,  0x00,  0x00,  0x00,
  0x00,  0x00,  0x3E,  0x3F,  0xCC,  0x30,  0x3C,  0x7F,
  0x3C,  0xCC,  0x33,  0x1C,  0xFF,  0x1E,  0x60,  0x08,
  0x04,  0x01,  0x00,  0x70
};

const UCHAR abc_fontArial22h_0110[  39] = { /* code 0110 */
  0x00,  0x00,  0x00,  0x00,  0x00,  0x00,  0x00,  0x3F,
  0xC0,  0xFF,  0x83,  0x07,  0x0C,  0x0C,  0x30,  0x18,
  0xC0,  0x6F,  0xE1,  0xBF,  0x86,  0x30,  0x18,  0xC0,
  0x63,  0x03,  0x0C,  0x1C,  0x3F,  0xE0,  0xFF,  0x00,
  0x00,  0x00,  0x00,  0x00,  0x00,  0x00,  0x00
};

const UCHAR abc_fontArial22h_0111[  31] = { /* code 0111 */
  0x00,  0x00,  0x00,  0x00,  0x00,  0x00,  0x0C,  0x0F,
  0xC1,  0xF8,  0x06,  0x1E,  0xC7,  0xF9,  0xC7,  0x30,
  0x66,  0x0C,  0xC1,  0x98,  0x33,  0x8E,  0x3F,  0xC3,
  0xD8,  0x00,  0x00,  0x00,  0x00,  0x00,  0x00
};

const UCHAR abc_fontArial22h_0113[  31] = { /* code 0113 */
  0x00,  0x00,  0x00,  0x00,  0x00,  0x00,  0x00,  0x00,
  0x07,  0xC0,  0x00,  0x1F,  0x07,  0xF1,  0xC6,  0x30,
  0x67,  0xFC,  0xFF,  0x98,  0x03,  0x86,  0x3F,  0x83,
  0xE0,  0x00,  0x00,  0x00,  0x00,  0x00,  0x00
};

const UCHAR abc_fontArial22h_0122[  42] = { /* code 0122 */
  0x00,  0x00,  0x00,  0x00,  0x00,  0x00,  0x00,  0x00,
  0x7E,  0x03,  0xFE,  0x0E,  0x0E,  0x18,  0x0E,  0x70,
  0x08,  0xC0,  0x01,  0x80,  0x03,  0x07,  0xE6,  0x0F,
  0xCC,  0x01,  0x8C,  0x03,  0x1E,  0x0E,  0x1F,  0xF8,
  0x0F,  0xC0,  0x00,  0x00,  0x1C,  0x00,  0x0C,  0x00,
  0xF0,  0x00
};

const UCHAR abc_fontArial22h_012B[  17] = { /* code 012B */
  0x00,  0x00,  0x00,  0x00,  0x07,  0xC0,  0x30,  0xC3,
  0x0C,  0x30,  0xC3,  0x0C,  0x30,  0xC0,  0x00,  0x00,
  0x00
};

const UCHAR abc_fontArial22h_0131[  17] = { /* code 0131 */
  0x00,  0x00,  0x00,  0x00,  0x00,  0x00,  0x30,  0xC3,
  0x0C,  0x30,  0xC3,  0x0C,  0x30,  0xC0,  0x00,  0x00,
  0x00
};

const UCHAR abc_fontArial22h_013C[  14] = { /* code 013C */
  0x00,  0x00,  0x06,  0x31,  0x8C,  0x63,  0x18,  0xC6,
  0x31,  0x8C,  0x63,  0x00,  0xE1,  0xF8
};

const UCHAR abc_fontArial22h_0142[  11] = { /* code 0142 */
  0x00,  0x00,  0x66,  0x66,  0x77,  0x6E,  0xE6,  0x66,
  0x66,  0x00,  0x00
};

const UCHAR abc_fontArial22h_0146[  28] = { /* code 0146 */
  0x00,  0x00,  0x00,  0x00,  0x00,  0x00,  0x00,  0x00,
  0x00,  0x00,  0x6F,  0x1F,  0xE7,  0x19,  0x86,  0x61,
  0x98,  0x66,  0x19,  0x86,  0x61,  0x98,  0x60,  0x00,
  0x38,  0x03,  0x07,  0x80
};

const UCHAR abc_fontArial22h_015B[  28] = { /* code 015B */
  0x00,  0x00,  0x00,  0x00,  0x00,  0x06,  0x03,  0x00,
  0x80,  0x00,  0x3E,  0x1F,  0xC6,  0x19,  0xC0,  0x3C,
  0x03,  0xC0,  0x39,  0x86,  0x3F,  0x87,  0xC0,  0x00,
  0x00,  0x00,  0x00,  0x00
};

const UCHAR abc_fontArial22h_015E[  36] = { /* code 015E */
  0x00,  0x00,  0x00,  0x00,  0x00,  0x00,  0x00,  0xFC,
  0x0F,  0xF0,  0xE1,  0xC6,  0x06,  0x30,  0x00,  0xE0,
  0x03,  0xE0,  0x03,  0xC0,  0x03,  0x30,  0x19,  0x80,
  0xC7,  0x0E,  0x3F,  0xE0,  0x7C,  0x00,  0x80,  0x06,
  0x00,  0x10,  0x03,  0x00
};

const UCHAR abc_fontArial22h_015F[  28] = { /* code 015F */
  0x00,  0x00,  0x00,  0x00,  0x00,  0x00,  0x00,  0x00,
  0x00,  0x00,  0x3E,  0x1F,  0xC6,  0x19,  0xC0,  0x3C,
  0x03,  0xC0,  0x39,  0x86,  0x3F,  0x87,  0xC0,  0x40,
  0x18,  0x02,  0x03,  0x00
};

const UCHAR abc_fontArial22h_016B[  28] = { /* code 016B */
  0x00,  0x00,  0x00,  0x00,  0x00,  0x00,  0x00,  0x01,
  0xF0,  0x00,  0x61,  0x98,  0x66,  0x19,  0x86,  0x61,
  0x98,  0x66,  0x19,  0x8E,  0x7F,  0x8F,  0x60,  0x00,
  0x00,  0x00,  0x00,  0x00
};

const UCHAR abc_fontArial22h_017C[  25] = { /* code 017C */
  0x00,  0x00,  0x00,  0x00,  0x00,  0x00,  0x60,  0x30,
  0x00,  0x7F,  0xBF,  0xC0,  0xE0,  0xE1,  0xE1,  0xC1,
  0xC1,  0xC0,  0xFF,  0xFF,  0xC0,  0x00,  0x00,  0x00,
  0x00
};

const UCHAR abc_fontArial22h_01B0[  36] = { /* code 01B0 */
  0x00,  0x00,  0x00,  0x00,  0x00,  0x00,  0x00,  0x00,
  0x00,  0x00,  0x00,  0x00,  0x00,  0x61,  0xB3,  0x0D,
  0x98,  0x64,  0xC3,  0x26,  0x1E,  0x30,  0xC1,  0x86,
  0x0C,  0x70,  0x7F,  0x81,  0xEC,  0x00,  0x00,  0x00,
  0x00,  0x00,  0x00,  0x00
};

const UCHAR abc_fontArial22h_021B[  17] = { /* code 021B */
  0x00,  0x00,  0x00,  0x00,  0xC3,  0x0C,  0x7D,  0xF3,
  0x0C,  0x30,  0xC3,  0x0C,  0x3C,  0x70,  0x06,  0x18,
  0x20
};

const UCHAR abc_fontArial22h_0386[  36] = { /* code 0386 */
  0x00,  0x00,  0x00,  0x00,  0x00,  0x00,  0x03,  0x70,
  0x33,  0x83,  0x36,  0x01,  0xB0,  0x0D,  0x80,  0xC6,
  0x06,  0x30,  0x60,  0xC3,  0xFE,  0x1F,  0xF1,  0x80,
  0xCC,  0x06,  0xC0,  0x1E,  0x00,  0xC0,  0x00,  0x00,
  0x00,  0x00,  0x00,  0x00
};

const UCHAR abc_fontArial22h_0388[  42] = { /* code 0388 */
  0x00,  0x00,  0x00,  0x00,  0x00,  0x00,  0x00,  0x03,
  0x7F,  0xEC,  0xFF,  0xF1,  0x80,  0x03,  0x00,  0x06,
  0x00,  0x0C,  0x00,  0x1F,  0xF0,  0x3F,  0xE0,  0x60,
  0x00,  0xC0,  0x01,  0x80,  0x03,  0x00,  0x07,  0xFE,
  0x0F,  0xFC,  0x00,  0x00,  0x00,  0x00,  0x00,  0x00,
  0x00,  0x00
};

const UCHAR abc_fontArial22h_038C[  44] = { /* code 038C */
  0x00,  0x00,  0x00,  0x00,  0x00,  0x00,  0x00,  0x00,
  0x31,  0xF0,  0x67,  0xFC,  0xCE,  0x0E,  0x0C,  0x06,
  0x18,  0x03,  0x18,  0x03,  0x18,  0x03,  0x18,  0x03,
  0x18,  0x03,  0x18,  0x03,  0x0C,  0x06,  0x0E,  0x0E,
  0x07,  0xFC,  0x01,  0xF0,  0x00,  0x00,  0x00,  0x00,
  0x00,  0x00,  0x00,  0x00
};

const UCHAR abc_fontArial22h_0391[  36] = { /* code 0391 */
  0x00,  0x00,  0x00,  0x00,  0x00,  0x00,  0x00,  0x70,
  0x03,  0x80,  0x36,  0x01,  0xB0,  0x0D,  0x80,  0xC6,
  0x06,  0x30,  0x60,  0xC3,  0xFE,  0x1F,  0xF1,  0x80,
  0xCC,  0x06,  0xC0,  0x1E,  0x00,  0xC0,  0x00,  0x00,
  0x00,  0x00,  0x00,  0x00
};

const UCHAR abc_fontArial22h_0392[  36] = { /* code 0392 */
  0x00,  0x00,  0x00,  0x00,  0x00,  0x00,  0x03,  0xF8,
  0x1F,  0xE0,  0xC3,  0x86,  0x0C,  0x30,  0x61,  0x87,
  0x0F,  0xF0,  0x7F,  0x83,  0x06,  0x18,  0x18,  0xC0,
  0xC6,  0x0E,  0x3F,  0xE1,  0xFE,  0x00,  0x00,  0x00,
  0x00,  0x00,  0x00,  0x00
};

const UCHAR abc_fontArial22h_0393[  28] = { /* code 0393 */
  0x00,  0x00,  0x00,  0x00,  0x00,  0x3F,  0xCF,  0xF3,
  0x00,  0xC0,  0x30,  0x0C,  0x03,  0x00,  0xC0,  0x30,
  0x0C,  0x03,  0x00,  0xC0,  0x30,  0x0C,  0x00,  0x00,
  0x00,  0x00,  0x00,  0x00
};

const UCHAR abc_fontArial22h_0395[  36] = { /* code 0395 */
  0x00,  0x00,  0x00,  0x00,  0x00,  0x00,  0x03,  0xFF,
  0x1F,  0xF8,  0xC0,  0x06,  0x00,  0x30,  0x01,  0x80,
  0x0F,  0xF8,  0x7F,  0xC3,  0x00,  0x18,  0x00,  0xC0,
  0x06,  0x00,  0x3F,  0xF1,  0xFF,  0x80,  0x00,  0x00,
  0x00,  0x00,  0x00,  0x00
};

const UCHAR abc_fontArial22h_039A[  36] = { /* code 039A */
  0x00,  0x00,  0x00,  0x00,  0x00,  0x00,  0x03,  0x07,
  0x18,  0x70,  0xC7,  0x06,  0x70,  0x37,  0x01,  0xB0,
  0x0F,  0x80,  0x7E,  0x03,  0x38,  0x18,  0xC0,  0xC3,
  0x06,  0x1C,  0x30,  0x71,  0x81,  0xC0,  0x00,  0x00,
  0x00,  0x00,  0x00,  0x00
};

const UCHAR abc_fontArial22h_039B[  36] = { /* code 039B */
  0x00,  0x00,  0x00,  0x00,  0x00,  0x00,  0x00,  0x70,
  0x03,  0x80,  0x1C,  0x01,  0xB0,  0x0D,  0x80,  0x6C,
  0x06,  0x30,  0x31,  0x81,  0x8E,  0x18,  0x30,  0xC1,
  0x8C,  0x06,  0x60,  0x33,  0x01,  0x80,  0x00,  0x00,
  0x00,  0x00,  0x00,  0x00
};

const UCHAR abc_fontArial22h_039C[  42] = { /* code 039C */
  0x00,  0x00,  0x00,  0x00,  0x00,  0x00,  0x00,  0x07,
  0x01,  0xCF,  0x07,  0x9E,  0x0F,  0x3C,  0x1E,  0x6C,
  0x6C,  0xD8,  0xD9,  0xB1,  0xB3,  0x63,  0x66,  0x6C,
  0xCC,  0xD9,  0x99,  0xB3,  0x31,  0x46,  0x63,  0x8C,
  0xC7,  0x18,  0x00,  0x00,  0x00,  0x00,  0x00,  0x00,
  0x00,  0x00
};

const UCHAR abc_fontArial22h_039F[  42] = { /* code 039F */
  0x00,  0x00,  0x00,  0x00,  0x00,  0x00,  0x00,  0x00,
  0x7C,  0x03,  0xFE,  0x0E,  0x0E,  0x18,  0x0C,  0x60,
  0x0C,  0xC0,  0x19,  0x80,  0x33,  0x00,  0x66,  0x00,
  0xCC,  0x01,  0x8C,  0x06,  0x1C,  0x1C,  0x1F,  0xF0,
  0x0F,  0x80,  0x00,  0x00,  0x00,  0x00,  0x00,  0x00,
  0x00,  0x00
};

const UCHAR abc_fontArial22h_03A0[  36] = { /* code 03A0 */
  0x00,  0x00,  0x00,  0x00,  0x00,  0x00,  0x07,  0xFF,
  0x3F,  0xF9,  0x80,  0xCC,  0x06,  0x60,  0x33,  0x01,
  0x98,  0x0C,  0xC0,  0x66,  0x03,  0x30,  0x19,  0x80,
  0xCC,  0x06,  0x60,  0x33,  0x01,  0x80,  0x00,  0x00,
  0x00,  0x00,  0x00,  0x00
};

const UCHAR abc_fontArial22h_03A3[  33] = { /* code 03A3 */
  0x00,  0x00,  0x00,  0x00,  0x00,  0x00,  0x3F,  0xE3,
  0xFE,  0x30,  0x01,  0x80,  0x0C,  0x00,  0x60,  0x03,
  0x00,  0x30,  0x06,  0x00,  0xC0,  0x18,  0x03,  0x00,
  0x3F,  0xE3,  0xFE,  0x00,  0x00,  0x00,  0x00,  0x00,
  0x00
};

const UCHAR abc_fontArial22h_03A4[  33] = { /* code 03A4 */
  0x00,  0x00,  0x00,  0x00,  0x00,  0x00,  0x7F,  0xE7,
  0xFE,  0x06,  0x00,  0x60,  0x06,  0x00,  0x60,  0x06,
  0x00,  0x60,  0x06,  0x00,  0x60,  0x06,  0x00,  0x60,
  0x06,  0x00,  0x60,  0x00,  0x00,  0x00,  0x00,  0x00,
  0x00
};

const UCHAR abc_fontArial22h_03A6[  39] = { /* code 03A6 */
  0x00,  0x00,  0x00,  0x00,  0x00,  0x00,  0x00,  0x03,
  0x00,  0x0C,  0x00,  0xFC,  0x0F,  0xFC,  0x33,  0x31,
  0x8C,  0x66,  0x31,  0x98,  0xC6,  0x63,  0x18,  0xCC,
  0xC3,  0xFF,  0x03,  0xF0,  0x03,  0x00,  0x0C,  0x00,
  0x00,  0x00,  0x00,  0x00,  0x00,  0x00,  0x00
};

const UCHAR abc_fontArial22h_03AC[  31] = { /* code 03AC */
  0x00,  0x00,  0x00,  0x00,  0x00,  0x00,  0x30,  0x0C,
  0x01,  0x00,  0x00,  0x1C,  0xC7,  0xD9,  0xCE,  0x30,
  0xC6,  0x18,  0xC3,  0x18,  0x63,  0x9C,  0x3E,  0xC3,
  0x98,  0x00,  0x00,  0x00,  0x00,  0x00,  0x00
};

const UCHAR abc_fontArial22h_03AD[  22] = { /* code 03AD */
  0x00,  0x00,  0x00,  0x00,  0x0C,  0x18,  0x10,  0x00,
  0x3C,  0x7F,  0x62,  0x60,  0x38,  0x38,  0x60,  0x62,
  0x7F,  0x3C,  0x00,  0x00,  0x00,  0x00
};

const UCHAR abc_fontArial22h_03AE[  28] = { /* code 03AE */
  0x00,  0x00,  0x00,  0x00,  0x00,  0x06,  0x03,  0x00,
  0x80,  0x00,  0x6F,  0x1F,  0xE7,  0x19,  0x86,  0x61,
  0x98,  0x66,  0x19,  0x86,  0x61,  0x98,  0x60,  0x18,
  0x06,  0x01,  0x80,  0x60
};

const UCHAR abc_fontArial22h_03AF[  11] = { /* code 03AF */
  0x00,  0x00,  0x36,  0x40,  0x66,  0x66,  0x66,  0x66,
  0x66,  0x00,  0x00
};

const UCHAR abc_fontArial22h_03B1[  31] = { /* code 03B1 */
  0x00,  0x00,  0x00,  0x00,  0x00,  0x00,  0x00,  0x00,
  0x00,  0x00,  0x00,  0x1C,  0xC7,  0xD9,  0xCE,  0x30,
  0xC6,  0x18,  0xC3,  0x18,  0x63,  0x9C,  0x3E,  0xC3,
  0x98,  0x00,  0x00,  0x00,  0x00,  0x00,  0x00
};

const UCHAR abc_fontArial22h_03B2[  31] = { /* code 03B2 */
  0x00,  0x00,  0x00,  0x00,  0x00,  0x01,  0xF0,  0x7F,
  0x1C,  0x63,  0x0C,  0x63,  0x0D,  0xC1,  0xBE,  0x30,
  0xE6,  0x0C,  0xC1,  0x98,  0x33,  0x8E,  0x7F,  0x8D,
  0xE1,  0x80,  0x30,  0x06,  0x00,  0xC0,  0x00
};

const UCHAR abc_fontArial22h_03B3[  28] = { /* code 03B3 */
  0x00,  0x00,  0x00,  0x00,  0x00,  0x00,  0x00,  0x00,
  0x00,  0x00,  0x61,  0x98,  0x66,  0x18,  0xCC,  0x33,
  0x0C,  0xC1,  0xE0,  0x78,  0x1E,  0x03,  0x00,  0xC0,
  0x30,  0x0C,  0x03,  0x00
};

const UCHAR abc_fontArial22h_03B4[  31] = { /* code 03B4 */
  0x00,  0x00,  0x00,  0x00,  0x00,  0x03,  0xF8,  0x7F,
  0x06,  0x00,  0x60,  0x1F,  0x07,  0xF1,  0xC7,  0x30,
  0x66,  0x0C,  0xC1,  0x98,  0x31,  0x8E,  0x3F,  0x83,
  0xE0,  0x00,  0x00,  0x00,  0x00,  0x00,  0x00
};

const UCHAR abc_fontArial22h_03B5[  22] = { /* code 03B5 */
  0x00,  0x00,  0x00,  0x00,  0x00,  0x00,  0x00,  0x00,
  0x3C,  0x7F,  0x62,  0x60,  0x38,  0x38,  0x60,  0x62,
  0x7F,  0x3C,  0x00,  0x00,  0x00,  0x00
};

const UCHAR abc_fontArial22h_03B7[  28] = { /* code 03B7 */
  0x00,  0x00,  0x00,  0x00,  0x00,  0x00,  0x00,  0x00,
  0x00,  0x00,  0x6F,  0x1F,  0xE7,  0x19,  0x86,  0x61,
  0x98,  0x66,  0x19,  0x86,  0x61,  0x98,  0x60,  0x18,
  0x06,  0x01,  0x80,  0x60
};

const UCHAR abc_fontArial22h_03B8[  31] = { /* code 03B8 */
  0x00,  0x00,  0x00,  0x00,  0x00,  0x01,  0xF0,  0x7F,
  0x0C,  0x63,  0x06,  0x60,  0xCC,  0x19,  0xFF,  0x3F,
  0xE6,  0x0C,  0xC1,  0x98,  0x31,  0x8C,  0x3F,  0x83,
  0xE0,  0x00,  0x00,  0x00,  0x00,  0x00,  0x00
};

const UCHAR abc_fontArial22h_03B9[  11] = { /* code 03B9 */
  0x00,  0x00,  0x00,  0x00,  0x66,  0x66,  0x66,  0x66,
  0x66,  0x00,  0x00
};

const UCHAR abc_fontArial22h_03BA[  28] = { /* code 03BA */
  0x00,  0x00,  0x00,  0x00,  0x00,  0x00,  0x00,  0x00,
  0x00,  0x00,  0x61,  0x98,  0xC6,  0x61,  0xB0,  0x78,
  0x1B,  0x06,  0x61,  0x8C,  0x63,  0x18,  0x60,  0x00,
  0x00,  0x00,  0x00,  0x00
};

const UCHAR abc_fontArial22h_03BB[  31] = { /* code 03BB */
  0x00,  0x00,  0x00,  0x00,  0x00,  0x01,  0x80,  0x30,
  0x03,  0x00,  0x60,  0x0E,  0x01,  0xC0,  0x68,  0x0D,
  0x81,  0xB0,  0x63,  0x0C,  0x63,  0x0C,  0x60,  0xCC,
  0x18,  0x00,  0x00,  0x00,  0x00,  0x00,  0x00
};

const UCHAR abc_fontArial22h_03BC[  31] = { /* code 03BC */
  0x00,  0x00,  0x00,  0x00,  0x00,  0x00,  0x00,  0x00,
  0x00,  0x00,  0x00,  0x60,  0xCC,  0x19,  0x83,  0x30,
  0x66,  0x0C,  0xC1,  0x98,  0x33,  0x8E,  0x7F,  0xCD,
  0xD9,  0x80,  0x30,  0x06,  0x00,  0xC0,  0x00
};

const UCHAR abc_fontArial22h_03BD[  25] = { /* code 03BD */
  0x00,  0x00,  0x00,  0x00,  0x00,  0x00,  0x00,  0x00,
  0x00,  0xC1,  0xE0,  0xD8,  0xCC,  0x66,  0x31,  0xB0,
  0xD8,  0x38,  0x1C,  0x04,  0x00,  0x00,  0x00,  0x00,
  0x00
};

const UCHAR abc_fontArial22h_03BE[  25] = { /* code 03BE */
  0x00,  0x00,  0x00,  0x00,  0x00,  0xF0,  0xF8,  0xE0,
  0x60,  0x30,  0x0F,  0x83,  0xC3,  0x03,  0x03,  0x01,
  0x80,  0xE0,  0x3F,  0x0F,  0xC0,  0x60,  0x30,  0x70,
  0x30
};

const UCHAR abc_fontArial22h_03BF[  31] = { /* code 03BF */
  0x00,  0x00,  0x00,  0x00,  0x00,  0x00,  0x00,  0x00,
  0x00,  0x00,  0x00,  0x1F,  0x07,  0xF1,  0xC7,  0x30,
  0x66,  0x0C,  0xC1,  0x98,  0x33,  0x8E,  0x3F,  0x83,
  0xE0,  0x00,  0x00,  0x00,  0x00,  0x00,  0x00
};

const UCHAR abc_fontArial22h_03C0[  36] = { /* code 03C0 */
  0x00,  0x00,  0x00,  0x00,  0x00,  0x00,  0x00,  0x00,
  0x00,  0x00,  0x00,  0x00,  0x00,  0xFF,  0xFF,  0xFF,
  0xC6,  0x30,  0x31,  0x81,  0x8C,  0x0C,  0x60,  0x63,
  0x03,  0x18,  0x18,  0xC0,  0xC6,  0x00,  0x00,  0x00,
  0x00,  0x00,  0x00,  0x00
};

const UCHAR abc_fontArial22h_03C1[  31] = { /* code 03C1 */
  0x00,  0x00,  0x00,  0x00,  0x00,  0x00,  0x00,  0x00,
  0x00,  0x00,  0x00,  0x1F,  0x07,  0xF1,  0xC7,  0x30,
  0x66,  0x0C,  0xC1,  0x98,  0x33,  0x8E,  0x7F,  0x8D,
  0xE1,  0x80,  0x30,  0x06,  0x00,  0xC0,  0x00
};

const UCHAR abc_fontArial22h_03C2[  25] = { /* code 03C2 */
  0x00,  0x00,  0x00,  0x00,  0x00,  0x00,  0x00,  0x00,
  0x00,  0x0F,  0x1F,  0x8C,  0x0C,  0x06,  0x03,  0x01,
  0x80,  0xE0,  0x3E,  0x0F,  0x80,  0xC0,  0x61,  0xF0,
  0xE0
};

const UCHAR abc_fontArial22h_03C3[  33] = { /* code 03C3 */
  0x00,  0x00,  0x00,  0x00,  0x00,  0x00,  0x00,  0x00,
  0x00,  0x00,  0x00,  0x00,  0x1F,  0xF3,  0xFF,  0x71,
  0x86,  0x0C,  0x60,  0xC6,  0x0C,  0x60,  0xC7,  0x1C,
  0x3F,  0x81,  0xF0,  0x00,  0x00,  0x00,  0x00,  0x00,
  0x00
};

const UCHAR abc_fontArial22h_03C4[  22] = { /* code 03C4 */
  0x00,  0x00,  0x00,  0x00,  0x00,  0x00,  0x00,  0x00,
  0x7E,  0x7E,  0x18,  0x18,  0x18,  0x18,  0x18,  0x18,
  0x18,  0x18,  0x00,  0x00,  0x00,  0x00
};

const UCHAR abc_fontArial22h_03C5[  28] = { /* code 03C5 */
  0x00,  0x00,  0x00,  0x00,  0x00,  0x00,  0x00,  0x00,
  0x00,  0x00,  0x61,  0x98,  0x66,  0x19,  0x86,  0x61,
  0x98,  0x66,  0x19,  0xCE,  0x3F,  0x07,  0x80,  0x00,
  0x00,  0x00,  0x00,  0x00
};

const UCHAR abc_fontArial22h_03C6[  33] = { /* code 03C6 */
  0x00,  0x00,  0x00,  0x00,  0x00,  0x00,  0x00,  0x00,
  0x00,  0x00,  0x00,  0x00,  0x17,  0x83,  0x7C,  0x66,
  0xE6,  0x66,  0x66,  0x66,  0x66,  0x66,  0x63,  0x6C,
  0x3F,  0xC1,  0xF0,  0x06,  0x00,  0x60,  0x06,  0x00,
  0x60
};

const UCHAR abc_fontArial22h_03C7[  28] = { /* code 03C7 */
  0x00,  0x00,  0x00,  0x00,  0x00,  0x00,  0x00,  0x00,
  0x00,  0x00,  0x61,  0x98,  0x63,  0x30,  0xCC,  0x1E,
  0x07,  0x80,  0xC0,  0x30,  0x1E,  0x07,  0x83,  0x30,
  0xCC,  0x61,  0x98,  0x60
};

const UCHAR abc_fontArial22h_03C8[  39] = { /* code 03C8 */
  0x00,  0x00,  0x00,  0x00,  0x00,  0x00,  0x00,  0x00,
  0x00,  0x00,  0x00,  0x00,  0x00,  0x00,  0x63,  0x19,
  0x8C,  0x66,  0x31,  0x98,  0xC6,  0x63,  0x19,  0x8C,
  0x66,  0x31,  0x98,  0xC6,  0x33,  0x30,  0x7F,  0x80,
  0x30,  0x00,  0xC0,  0x03,  0x00,  0x0C,  0x00
};

const UCHAR abc_fontArial22h_03C9[  44] = { /* code 03C9 */
  0x00,  0x00,  0x00,  0x00,  0x00,  0x00,  0x00,  0x00,
  0x00,  0x00,  0x00,  0x00,  0x00,  0x00,  0x00,  0x00,
  0x18,  0x18,  0x30,  0x0C,  0x31,  0x8C,  0x61,  0x86,
  0x61,  0x86,  0x61,  0x86,  0x61,  0x86,  0x73,  0xCE,
  0x3E,  0x7C,  0x1C,  0x38,  0x00,  0x00,  0x00,  0x00,
  0x00,  0x00,  0x00,  0x00
};

const UCHAR abc_fontArial22h_03CC[  31] = { /* code 03CC */
  0x00,  0x00,  0x00,  0x00,  0x00,  0x00,  0x30,  0x0C,
  0x01,  0x00,  0x00,  0x1F,  0x07,  0xF1,  0xC7,  0x30,
  0x66,  0x0C,  0xC1,  0x98,  0x33,  0x8E,  0x3F,  0x83,
  0xE0,  0x00,  0x00,  0x00,  0x00,  0x00,  0x00
};

const UCHAR abc_fontArial22h_03CD[  28] = { /* code 03CD */
  0x00,  0x00,  0x00,  0x00,  0x00,  0x06,  0x03,  0x00,
  0x80,  0x00,  0x61,  0x98,  0x66,  0x19,  0x86,  0x61,
  0x98,  0x66,  0x19,  0xCE,  0x3F,  0x07,  0x80,  0x00,
  0x00,  0x00,  0x00,  0x00
};

const UCHAR abc_fontArial22h_0621[  22] = { /* code 0621 */
  0x00,  0x00,  0x00,  0x00,  0x00,  0x00,  0x00,  0x00,
  0x00,  0x18,  0x3C,  0x40,  0x66,  0x7E,  0x3C,  0x30,
  0x00,  0x00,  0x00,  0x00,  0x00,  0x00
};

const UCHAR abc_fontArial22h_0623[  11] = { /* code 0623 */
  0x00,  0x34,  0x34,  0x02,  0x22,  0x22,  0x22,  0x22,
  0x00,  0x00,  0x00
};

const UCHAR abc_fontArial22h_0625[  11] = { /* code 0625 */
  0x00,  0x00,  0x22,  0x22,  0x22,  0x22,  0x22,  0x22,
  0x03,  0x43,  0x40
};

const UCHAR abc_fontArial22h_0627[  11] = { /* code 0627 */
  0x00,  0x00,  0x22,  0x22,  0x22,  0x22,  0x22,  0x22,
  0x00,  0x00,  0x00
};

const UCHAR abc_fontArial22h_0628[  39] = { /* code 0628 */
  0x00,  0x00,  0x00,  0x00,  0x00,  0x00,  0x00,  0x00,
  0x00,  0x00,  0x00,  0x00,  0x00,  0x00,  0x00,  0x00,
  0x80,  0x24,  0x00,  0xD0,  0x01,  0x60,  0x05,  0xFF,
  0xF1,  0xFF,  0xC0,  0x00,  0x03,  0x00,  0x0C,  0x00,
  0x00,  0x00,  0x00,  0x00,  0x00,  0x00,  0x00
};

const UCHAR abc_fontArial22h_0629[  14] = { /* code 0629 */
  0x00,  0x00,  0x01,  0xBD,  0x80,  0x21,  0x8E,  0x94,
  0xBD,  0xC0,  0x00,  0x00,  0x00,  0x00
};

const UCHAR abc_fontArial22h_062A[  39] = { /* code 062A */
  0x00,  0x00,  0x00,  0x00,  0x00,  0x00,  0x00,  0x00,
  0x00,  0x00,  0x00,  0x18,  0x01,  0xE0,  0x06,  0x00,
  0x80,  0x24,  0x00,  0xD0,  0x01,  0x60,  0x05,  0xFF,
  0xF1,  0xFF,  0xC0,  0x00,  0x00,  0x00,  0x00,  0x00,
  0x00,  0x00,  0x00,  0x00,  0x00,  0x00,  0x00
};

const UCHAR abc_fontArial22h_062C[  31] = { /* code 062C */
  0x00,  0x00,  0x00,  0x00,  0x00,  0x00,  0x00,  0x00,
  0x00,  0x00,  0x00,  0x00,  0x00,  0x00,  0xFF,  0x3F,
  0xE0,  0xE0,  0x20,  0x08,  0x02,  0x18,  0x43,  0x08,
  0x01,  0x80,  0x3C,  0x03,  0xFC,  0x1F,  0x00
};

const UCHAR abc_fontArial22h_062D[  31] = { /* code 062D */
  0x00,  0x00,  0x00,  0x00,  0x00,  0x00,  0x00,  0x00,
  0x00,  0x00,  0x00,  0x00,  0x00,  0x00,  0xFF,  0x3F,
  0xE0,  0xE0,  0x20,  0x08,  0x02,  0x00,  0x40,  0x08,
  0x01,  0x80,  0x3C,  0x03,  0xFC,  0x1F,  0x00
};

const UCHAR abc_fontArial22h_062E[  31] = { /* code 062E */
  0x00,  0x00,  0x00,  0x00,  0x00,  0x00,  0x00,  0x00,
  0x01,  0x80,  0x30,  0x00,  0x00,  0x00,  0xFF,  0x3F,
  0xE0,  0xE0,  0x20,  0x08,  0x02,  0x00,  0x40,  0x08,
  0x01,  0x80,  0x3C,  0x03,  0xFC,  0x1F,  0x00
};

const UCHAR abc_fontArial22h_062F[  17] = { /* code 062F */
  0x00,  0x00,  0x00,  0x00,  0x00,  0x04,  0x18,  0x20,
  0x41,  0x45,  0xF7,  0xC0,  0x00,  0x00,  0x00,  0x00,
  0x00
};

const UCHAR abc_fontArial22h_0630[  17] = { /* code 0630 */
  0x00,  0x00,  0x0C,  0x30,  0x00,  0x04,  0x18,  0x20,
  0x41,  0x45,  0xF7,  0xC0,  0x00,  0x00,  0x00,  0x00,
  0x00
};

const UCHAR abc_fontArial22h_0631[  25] = { /* code 0631 */
  0x00,  0x00,  0x00,  0x00,  0x00,  0x00,  0x00,  0x00,
  0x00,  0x00,  0x00,  0x00,  0x40,  0x30,  0x18,  0x04,
  0x02,  0x01,  0x01,  0x81,  0x91,  0x87,  0x80,  0x00,
  0x00
};

const UCHAR abc_fontArial22h_0632[  25] = { /* code 0632 */
  0x00,  0x00,  0x00,  0x00,  0x00,  0x00,  0x00,  0x0C,
  0x06,  0x00,  0x00,  0x00,  0x40,  0x30,  0x18,  0x04,
  0x02,  0x01,  0x01,  0x81,  0x91,  0x87,  0x80,  0x00,
  0x00
};

const UCHAR abc_fontArial22h_0633[  44] = { /* code 0633 */
  0x00,  0x00,  0x00,  0x00,  0x00,  0x00,  0x00,  0x00,
  0x00,  0x00,  0x00,  0x00,  0x00,  0x00,  0x00,  0x00,
  0x00,  0x00,  0x00,  0x00,  0x00,  0x82,  0x00,  0xC9,
  0x20,  0xC9,  0x40,  0x7F,  0x40,  0x7F,  0x40,  0x40,
  0x61,  0xC0,  0x7F,  0x80,  0x3F,  0x00,  0x00,  0x00,
  0x00,  0x00,  0x00,  0x00
};

const UCHAR abc_fontArial22h_0634[  44] = { /* code 0634 */
  0x00,  0x00,  0x00,  0x00,  0x00,  0x00,  0x00,  0x00,
  0x00,  0x00,  0x00,  0x18,  0x00,  0x16,  0x00,  0x0A,
  0x00,  0x18,  0x00,  0x00,  0x00,  0x82,  0x00,  0xC9,
  0x20,  0xC9,  0x40,  0x7F,  0x40,  0x7F,  0x40,  0x40,
  0x61,  0xC0,  0x7F,  0x80,  0x3F,  0x00,  0x00,  0x00,
  0x00,  0x00,  0x00,  0x00
};

const UCHAR abc_fontArial22h_0635[  58] = { /* code 0635 */
  0x00,  0x00,  0x00,  0x00,  0x00,  0x00,  0x00,  0x00,
  0x00,  0x00,  0x00,  0x00,  0x00,  0x00,  0x00,  0x00,
  0x00,  0x00,  0x00,  0x00,  0x00,  0x00,  0x00,  0x00,
  0x00,  0x00,  0x00,  0x10,  0x1C,  0x00,  0xC3,  0xF2,
  0x06,  0x70,  0xA0,  0x1F,  0xFD,  0x00,  0xFF,  0xE8,
  0x04,  0x00,  0x60,  0xE0,  0x03,  0xFE,  0x00,  0x0F,
  0xC0,  0x00,  0x00,  0x00,  0x00,  0x00,  0x00,  0x00,
  0x00,  0x00
};

const UCHAR abc_fontArial22h_0636[  58] = { /* code 0636 */
  0x00,  0x00,  0x00,  0x00,  0x00,  0x00,  0x00,  0x00,
  0x00,  0x00,  0x00,  0x00,  0x00,  0x00,  0x00,  0x00,
  0x00,  0x00,  0x00,  0x00,  0x60,  0x00,  0x03,  0x00,
  0x00,  0x00,  0x00,  0x10,  0x1C,  0x00,  0xC3,  0xF2,
  0x06,  0x70,  0xA0,  0x1F,  0xFD,  0x00,  0xFF,  0xE8,
  0x04,  0x00,  0x60,  0xE0,  0x03,  0xFE,  0x00,  0x0F,
  0xC0,  0x00,  0x00,  0x00,  0x00,  0x00,  0x00,  0x00,
  0x00,  0x00
};

const UCHAR abc_fontArial22h_0637[  33] = { /* code 0637 */
  0x00,  0x00,  0x00,  0x00,  0x01,  0x00,  0x1C,  0x00,
  0xC0,  0x08,  0x00,  0x40,  0x04,  0x00,  0x4E,  0x07,
  0xF0,  0x61,  0x08,  0x1F,  0xFF,  0xFF,  0xF0,  0x00,
  0x00,  0x00,  0x00,  0x00,  0x00,  0x00,  0x00,  0x00,
  0x00
};

const UCHAR abc_fontArial22h_0639[  28] = { /* code 0639 */
  0x00,  0x00,  0x00,  0x00,  0x00,  0x00,  0x00,  0x03,
  0x81,  0xF0,  0xE0,  0x20,  0x08,  0x13,  0x9C,  0x7C,
  0x0C,  0x04,  0x02,  0x00,  0x80,  0x20,  0x0C,  0x03,
  0x80,  0x7F,  0x87,  0xC0
};

const UCHAR abc_fontArial22h_063A[  28] = { /* code 063A */
  0x00,  0x00,  0x03,  0x00,  0xC0,  0x00,  0x00,  0x03,
  0x81,  0xF0,  0xE0,  0x20,  0x08,  0x13,  0x9C,  0x7C,
  0x0C,  0x04,  0x02,  0x00,  0x80,  0x20,  0x0C,  0x03,
  0x80,  0x7F,  0x87,  0xC0
};

const UCHAR abc_fontArial22h_0641[  42] = { /* code 0641 */
  0x00,  0x00,  0x00,  0x00,  0x00,  0x00,  0x00,  0x00,
  0x00,  0x00,  0x03,  0x00,  0x06,  0x00,  0x00,  0x00,
  0x00,  0x80,  0x0A,  0x00,  0x3C,  0x00,  0x5C,  0x00,
  0x7F,  0xFF,  0xCF,  0xFF,  0x80,  0x00,  0x00,  0x00,
  0x00,  0x00,  0x00,  0x00,  0x00,  0x00,  0x00,  0x00,
  0x00,  0x00
};

const UCHAR abc_fontArial22h_0642[  31] = { /* code 0642 */
  0x00,  0x00,  0x00,  0x00,  0x00,  0x00,  0x00,  0x01,
  0x80,  0xF0,  0x18,  0x00,  0x00,  0x00,  0x03,  0x00,
  0xF2,  0x16,  0x83,  0xD0,  0x7A,  0x01,  0x60,  0x6F,
  0xF8,  0xFE,  0x00,  0x00,  0x00,  0x00,  0x00
};

const UCHAR abc_fontArial22h_0643[  31] = { /* code 0643 */
  0x00,  0x00,  0x00,  0x00,  0x00,  0x20,  0x06,  0x00,
  0xC0,  0x90,  0x22,  0x07,  0x40,  0x29,  0x0C,  0xC7,
  0x18,  0x03,  0xFF,  0xDF,  0xF8,  0x00,  0x00,  0x00,
  0x00,  0x00,  0x00,  0x00,  0x00,  0x00,  0x00
};

const UCHAR abc_fontArial22h_0644[  28] = { /* code 0644 */
  0x00,  0x00,  0x00,  0x00,  0x02,  0x00,  0xC0,  0x30,
  0x08,  0x02,  0x00,  0x80,  0x11,  0x04,  0x81,  0x40,
  0x50,  0x14,  0x05,  0x83,  0x7F,  0x8F,  0xC0,  0x00,
  0x00,  0x00,  0x00,  0x00
};

const UCHAR abc_fontArial22h_0645[  17] = { /* code 0645 */
  0x00,  0x00,  0x00,  0x00,  0x00,  0x00,  0x00,  0x03,
  0x1E,  0x0C,  0xF7,  0xF0,  0x82,  0x08,  0x10,  0x41,
  0x00
};

const UCHAR abc_fontArial22h_0646[  28] = { /* code 0646 */
  0x00,  0x00,  0x00,  0x00,  0x00,  0x00,  0x00,  0x00,
  0x00,  0x18,  0x06,  0x00,  0x00,  0x08,  0x03,  0x20,
  0xD0,  0x14,  0x05,  0x01,  0x61,  0xDF,  0xE3,  0xF0,
  0x00,  0x00,  0x00,  0x00
};

const UCHAR abc_fontArial22h_0647[  14] = { /* code 0647 */
  0x00,  0x00,  0x00,  0x00,  0x00,  0x21,  0x8E,  0x94,
  0xBD,  0xC0,  0x00,  0x00,  0x00,  0x00
};

const UCHAR abc_fontArial22h_0648[  22] = { /* code 0648 */
  0x00,  0x00,  0x00,  0x00,  0x00,  0x00,  0x00,  0x00,
  0x00,  0x06,  0x0F,  0x09,  0x09,  0x0F,  0x07,  0x01,
  0x03,  0x06,  0x8C,  0x78,  0x00,  0x00
};

const UCHAR abc_fontArial22h_0649[  33] = { /* code 0649 */
  0x00,  0x00,  0x00,  0x00,  0x00,  0x00,  0x00,  0x00,
  0x00,  0x00,  0x00,  0x00,  0x00,  0x00,  0x07,  0x00,
  0xF0,  0x10,  0x42,  0x08,  0x3E,  0x83,  0xE8,  0x02,
  0xC1,  0xCF,  0xF8,  0x7E,  0x00,  0x00,  0x00,  0x00,
  0x00
};

const UCHAR abc_fontArial22h_064A[  33] = { /* code 064A */
  0x00,  0x00,  0x00,  0x00,  0x00,  0x00,  0x00,  0x00,
  0x00,  0x00,  0x00,  0x00,  0x00,  0x00,  0x07,  0x00,
  0xF0,  0x10,  0x42,  0x08,  0x3E,  0x83,  0xE8,  0x02,
  0xC1,  0xCF,  0xF8,  0x7E,  0x00,  0x60,  0x1E,  0x01,
  0x80
};

const UCHAR abc_fontArial22h_064E[   9] = { /* code 064E */
  0x00,  0x03,  0x80,  0x00,  0x00,  0x00,  0x00,  0x00,
  0x00
};

const UCHAR abc_fontArial22h_064F[  11] = { /* code 064F */
  0x03,  0x57,  0x34,  0x00,  0x00,  0x00,  0x00,  0x00,
  0x00,  0x00,  0x00
};

const UCHAR abc_fontArial22h_0651[  14] = { /* code 0651 */
  0x00,  0x00,  0x5B,  0xE0,  0x00,  0x00,  0x00,  0x00,
  0x00,  0x00,  0x00,  0x00,  0x00,  0x00
};

const UCHAR abc_fontArial22h_1EA1[  28] = { /* code 1EA1 */
  0x00,  0x00,  0x00,  0x00,  0x00,  0x00,  0x00,  0x00,
  0x00,  0x00,  0x1F,  0x1F,  0xE6,  0x18,  0x1E,  0x3F,
  0x9E,  0x66,  0x19,  0x8E,  0x7F,  0x8F,  0x30,  0x00,
  0x30,  0x0C,  0x00,  0x00
};

const UCHAR abc_fontArial22h_1EA3[  28] = { /* code 1EA3 */
  0x00,  0x00,  0x00,  0x00,  0x00,  0x1C,  0x01,  0x80,
  0xC0,  0x00,  0x1F,  0x1F,  0xE6,  0x18,  0x1E,  0x3F,
  0x9E,  0x66,  0x19,  0x8E,  0x7F,  0x8F,  0x30,  0x00,
  0x00,  0x00,  0x00,  0x00
};

const UCHAR abc_fontArial22h_1EA5[  28] = { /* code 1EA5 */
  0x06,  0x03,  0x00,  0x80,  0x00,  0x0C,  0x07,  0x83,
  0x30,  0x00,  0x1F,  0x1F,  0xE6,  0x18,  0x1E,  0x3F,
  0x9E,  0x66,  0x19,  0x8E,  0x7F,  0x8F,  0x30,  0x00,
  0x00,  0x00,  0x00,  0x00
};

const UCHAR abc_fontArial22h_1EA9[  28] = { /* code 1EA9 */
  0x1C,  0x01,  0x80,  0xC0,  0x00,  0x0C,  0x07,  0x83,
  0x30,  0x00,  0x1F,  0x1F,  0xE6,  0x18,  0x1E,  0x3F,
  0x9E,  0x66,  0x19,  0x8E,  0x7F,  0x8F,  0x30,  0x00,
  0x00,  0x00,  0x00,  0x00
};

const UCHAR abc_fontArial22h_1EB7[  28] = { /* code 1EB7 */
  0x00,  0x00,  0x00,  0x00,  0x00,  0x11,  0x04,  0x40,
  0xE0,  0x00,  0x1F,  0x1F,  0xE6,  0x18,  0x1E,  0x3F,
  0x9E,  0x66,  0x19,  0x8E,  0x7F,  0x8F,  0x30,  0x00,
  0x30,  0x0C,  0x00,  0x00
};

const UCHAR abc_fontArial22h_1EBF[  31] = { /* code 1EBF */
  0x03,  0x00,  0xC0,  0x10,  0x00,  0x00,  0x60,  0x1E,
  0x06,  0x60,  0x00,  0x1F,  0x07,  0xF1,  0xC6,  0x30,
  0x67,  0xFC,  0xFF,  0x98,  0x03,  0x86,  0x3F,  0x83,
  0xE0,  0x00,  0x00,  0x00,  0x00,  0x00,  0x00
};

const UCHAR abc_fontArial22h_1EC7[  31] = { /* code 1EC7 */
  0x00,  0x00,  0x00,  0x00,  0x00,  0x00,  0x60,  0x1E,
  0x06,  0x60,  0x00,  0x1F,  0x07,  0xF1,  0xC6,  0x30,
  0x67,  0xFC,  0xFF,  0x98,  0x03,  0x86,  0x3F,  0x83,
  0xE0,  0x00,  0x06,  0x00,  0xC0,  0x00,  0x00
};

const UCHAR abc_fontArial22h_1ECD[  31] = { /* code 1ECD */
  0x00,  0x00,  0x00,  0x00,  0x00,  0x00,  0x00,  0x00,
  0x00,  0x00,  0x00,  0x1F,  0x07,  0xF1,  0xC7,  0x30,
  0x66,  0x0C,  0xC1,  0x98,  0x33,  0x8E,  0x3F,  0x83,
  0xE0,  0x00,  0x03,  0x00,  0x60,  0x00,  0x00
};

const UCHAR abc_fontArial22h_1ED3[  31] = { /* code 1ED3 */
  0x0C,  0x00,  0xC0,  0x08,  0x00,  0x00,  0x60,  0x1E,
  0x06,  0x60,  0x00,  0x1F,  0x07,  0xF1,  0xC7,  0x30,
  0x66,  0x0C,  0xC1,  0x98,  0x33,  0x8E,  0x3F,  0x83,
  0xE0,  0x00,  0x00,  0x00,  0x00,  0x00,  0x00
};

const UCHAR abc_fontArial22h_1ED7[  31] = { /* code 1ED7 */
  0x00,  0x01,  0x90,  0x4C,  0x00,  0x00,  0x60,  0x1E,
  0x06,  0x60,  0x00,  0x1F,  0x07,  0xF1,  0xC7,  0x30,
  0x66,  0x0C,  0xC1,  0x98,  0x33,  0x8E,  0x3F,  0x83,
  0xE0,  0x00,  0x00,  0x00,  0x00,  0x00,  0x00
};

const UCHAR abc_fontArial22h_1ED9[  31] = { /* code 1ED9 */
  0x00,  0x00,  0x00,  0x00,  0x00,  0x00,  0x60,  0x1E,
  0x06,  0x60,  0x00,  0x1F,  0x07,  0xF1,  0xC7,  0x30,
  0x66,  0x0C,  0xC1,  0x98,  0x33,  0x8E,  0x3F,  0x83,
  0xE0,  0x00,  0x03,  0x00,  0x60,  0x00,  0x00
};

const UCHAR abc_fontArial22h_1EDB[  33] = { /* code 1EDB */
  0x00,  0x00,  0x00,  0x00,  0x00,  0x00,  0x03,  0x00,
  0x60,  0x04,  0x00,  0x00,  0x1F,  0x33,  0xFB,  0x71,
  0x96,  0x0D,  0x60,  0xE6,  0x0C,  0x60,  0xC7,  0x1C,
  0x3F,  0x81,  0xF0,  0x00,  0x00,  0x00,  0x00,  0x00,
  0x00
};

const UCHAR abc_fontArial22h_1EDF[  33] = { /* code 1EDF */
  0x00,  0x00,  0x00,  0x00,  0x00,  0x00,  0x0E,  0x00,
  0x30,  0x06,  0x00,  0x00,  0x1F,  0x33,  0xFB,  0x71,
  0x96,  0x0D,  0x60,  0xE6,  0x0C,  0x60,  0xC7,  0x1C,
  0x3F,  0x81,  0xF0,  0x00,  0x00,  0x00,  0x00,  0x00,
  0x00
};

const UCHAR abc_fontArial22h_1EE3[  33] = { /* code 1EE3 */
  0x00,  0x00,  0x00,  0x00,  0x00,  0x00,  0x00,  0x00,
  0x00,  0x00,  0x00,  0x00,  0x1F,  0x33,  0xFB,  0x71,
  0x96,  0x0D,  0x60,  0xE6,  0x0C,  0x60,  0xC7,  0x1C,
  0x3F,  0x81,  0xF0,  0x00,  0x00,  0x60,  0x06,  0x00,
  0x00
};

const UCHAR abc_fontArial22h_1EEF[  36] = { /* code 1EEF */
  0x00,  0x00,  0x00,  0x00,  0x00,  0x00,  0x00,  0xD0,
  0x0F,  0x80,  0x58,  0x00,  0x00,  0x61,  0xB3,  0x0D,
  0x98,  0x64,  0xC3,  0x26,  0x1E,  0x30,  0xC1,  0x86,
  0x0C,  0x70,  0x7F,  0x81,  0xEC,  0x00,  0x00,  0x00,
  0x00,  0x00,  0x00,  0x00
};

const BFC_CHARINFO fontArial22h_CharInfo[264] = {
   {   5,  14, {abc_fontArial22h_0020} }, /* code 0020 */
   {   6,  17, {abc_fontArial22h_0021} }, /* code 0021 */
   {   7,  20, {abc_fontArial22h_0022} }, /* code 0022 */
   {  11,  31, {abc_fontArial22h_0023} }, /* code 0023 */
   {  11,  31, {abc_fontArial22h_0024} }, /* code 0024 */
   {  17,  47, {abc_fontArial22h_0025} }, /* code 0025 */
   {  13,  36, {abc_fontArial22h_0026} }, /* code 0026 */
   {   4,  11, {abc_fontArial22h_0027} }, /* code 0027 */
   {   6,  17, {abc_fontArial22h_0028} }, /* code 0028 */
   {   6,  17, {abc_fontArial22h_0029} }, /* code 0029 */
   {   7,  20, {abc_fontArial22h_002A} }, /* code 002A */
   {  11,  31, {abc_fontArial22h_002B} }, /* code 002B */
   {   5,  14, {abc_fontArial22h_002C} }, /* code 002C */
   {   6,  17, {abc_fontArial22h_002D} }, /* code 002D */
   {   5,  14, {abc_fontArial22h_002E} }, /* code 002E */
   {   6,  17, {abc_fontArial22h_002F} }, /* code 002F */
   {  11,  31, {abc_fontArial22h_0030} }, /* code 0030 */
   {  11,  31, {abc_fontArial22h_0031} }, /* code 0031 */
   {  11,  31, {abc_fontArial22h_0032} }, /* code 0032 */
   {  11,  31, {abc_fontArial22h_0033} }, /* code 0033 */
   {  11,  31, {abc_fontArial22h_0034} }, /* code 0034 */
   {  11,  31, {abc_fontArial22h_0035} }, /* code 0035 */
   {  11,  31, {abc_fontArial22h_0036} }, /* code 0036 */
   {  11,  31, {abc_fontArial22h_0037} }, /* code 0037 */
   {  11,  31, {abc_fontArial22h_0038} }, /* code 0038 */
   {  11,  31, {abc_fontArial22h_0039} }, /* code 0039 */
   {   5,  14, {abc_fontArial22h_003A} }, /* code 003A */
   {   5,  14, {abc_fontArial22h_003B} }, /* code 003B */
   {  11,  31, {abc_fontArial22h_003C} }, /* code 003C */
   {  11,  31, {abc_fontArial22h_003D} }, /* code 003D */
   {  11,  31, {abc_fontArial22h_003E} }, /* code 003E */
   {  11,  31, {abc_fontArial22h_003F} }, /* code 003F */
   {  19,  53, {abc_fontArial22h_0040} }, /* code 0040 */
   {  13,  36, {abc_fontArial22h_0041} }, /* code 0041 */
   {  13,  36, {abc_fontArial22h_0042} }, /* code 0042 */
   {  14,  39, {abc_fontArial22h_0043} }, /* code 0043 */
   {  14,  39, {abc_fontArial22h_0044} }, /* code 0044 */
   {  13,  36, {abc_fontArial22h_0045} }, /* code 0045 */
   {  12,  33, {abc_fontArial22h_0046} }, /* code 0046 */
   {  15,  42, {abc_fontArial22h_0047} }, /* code 0047 */
   {  13,  36, {abc_fontArial22h_0048} }, /* code 0048 */
   {   6,  17, {abc_fontArial22h_0049} }, /* code 0049 */
   {  10,  28, {abc_fontArial22h_004A} }, /* code 004A */
   {  13,  36, {abc_fontArial22h_004B} }, /* code 004B */
   {  11,  31, {abc_fontArial22h_004C} }, /* code 004C */
   {  15,  42, {abc_fontArial22h_004D} }, /* code 004D */
   {  13,  36, {abc_fontArial22h_004E} }, /* code 004E */
   {  15,  42, {abc_fontArial22h_004F} }, /* code 004F */
   {  13,  36, {abc_fontArial22h_0050} }, /* code 0050 */
   {  15,  42, {abc_fontArial22h_0051} }, /* code 0051 */
   {  14,  39, {abc_fontArial22h_0052} }, /* code 0052 */
   {  13,  36, {abc_fontArial22h_0053} }, /* code 0053 */
   {  12,  33, {abc_fontArial22h_0054} }, /* code 0054 */
   {  13,  36, {abc_fontArial22h_0055} }, /* code 0055 */
   {  13,  36, {abc_fontArial22h_0056} }, /* code 0056 */
   {  19,  53, {abc_fontArial22h_0057} }, /* code 0057 */
   {  13,  36, {abc_fontArial22h_0058} }, /* code 0058 */
   {  12,  33, {abc_fontArial22h_0059} }, /* code 0059 */
   {  12,  33, {abc_fontArial22h_005A} }, /* code 005A */
   {   5,  14, {abc_fontArial22h_005B} }, /* code 005B */
   {   6,  17, {abc_fontArial22h_005C} }, /* code 005C */
   {   5,  14, {abc_fontArial22h_005D} }, /* code 005D */
   {   7,  20, {abc_fontArial22h_005E} }, /* code 005E */
   {  11,  31, {abc_fontArial22h_005F} }, /* code 005F */
   {   6,  17, {abc_fontArial22h_0060} }, /* code 0060 */
   {  10,  28, {abc_fontArial22h_0061} }, /* code 0061 */
   {  11,  31, {abc_fontArial22h_0062} }, /* code 0062 */
   {  10,  28, {abc_fontArial22h_0063} }, /* code 0063 */
   {  11,  31, {abc_fontArial22h_0064} }, /* code 0064 */
   {  11,  31, {abc_fontArial22h_0065} }, /* code 0065 */
   {   6,  17, {abc_fontArial22h_0066} }, /* code 0066 */
   {  11,  31, {abc_fontArial22h_0067} }, /* code 0067 */
   {  10,  28, {abc_fontArial22h_0068} }, /* code 0068 */
   {   4,  11, {abc_fontArial22h_0069} }, /* code 0069 */
   {   4,  11, {abc_fontArial22h_006A} }, /* code 006A */
   {   9,  25, {abc_fontArial22h_006B} }, /* code 006B */
   {   4,  11, {abc_fontArial22h_006C} }, /* code 006C */
   {  16,  44, {abc_fontArial22h_006D} }, /* code 006D */
   {  10,  28, {abc_fontArial22h_006E} }, /* code 006E */
   {  11,  31, {abc_fontArial22h_006F} }, /* code 006F */
   {  11,  31, {abc_fontArial22h_0070} }, /* code 0070 */
   {  11,  31, {abc_fontArial22h_0071} }, /* code 0071 */
   {   6,  17, {abc_fontArial22h_0072} }, /* code 0072 */
   {  10,  28, {abc_fontArial22h_0073} }, /* code 0073 */
   {   5,  14, {abc_fontArial22h_0074} }, /* code 0074 */
   {  10,  28, {abc_fontArial22h_0075} }, /* code 0075 */
   {   9,  25, {abc_fontArial22h_0076} }, /* code 0076 */
   {  15,  42, {abc_fontArial22h_0077} }, /* code 0077 */
   {   9,  25, {abc_fontArial22h_0078} }, /* code 0078 */
   {   9,  25, {abc_fontArial22h_0079} }, /* code 0079 */
   {   9,  25, {abc_fontArial22h_007A} }, /* code 007A */
   {   6,  17, {abc_fontArial22h_007B} }, /* code 007B */
   {   6,  17, {abc_fontArial22h_007C} }, /* code 007C */
   {   6,  17, {abc_fontArial22h_007D} }, /* code 007D */
   {  11,  31, {abc_fontArial22h_007E} }, /* code 007E */
   {   6,  17, {abc_fontArial22h_00B2} }, /* code 00B2 */
   {  12,  33, {abc_fontArial22h_00BF} }, /* code 00BF */
   {  13,  36, {abc_fontArial22h_00C0} }, /* code 00C0 */
   {  13,  36, {abc_fontArial22h_00C1} }, /* code 00C1 */
   {  13,  36, {abc_fontArial22h_00C2} }, /* code 00C2 */
   {  13,  36, {abc_fontArial22h_00C3} }, /* code 00C3 */
   {  13,  36, {abc_fontArial22h_00C4} }, /* code 00C4 */
   {  13,  36, {abc_fontArial22h_00C5} }, /* code 00C5 */
   {  19,  53, {abc_fontArial22h_00C6} }, /* code 00C6 */
   {  14,  39, {abc_fontArial22h_00C7} }, /* code 00C7 */
   {  13,  36, {abc_fontArial22h_00C8} }, /* code 00C8 */
   {  13,  36, {abc_fontArial22h_00C9} }, /* code 00C9 */
   {  13,  36, {abc_fontArial22h_00CA} }, /* code 00CA */
   {  13,  36, {abc_fontArial22h_00CB} }, /* code 00CB */
   {   6,  17, {abc_fontArial22h_00CC} }, /* code 00CC */
   {   6,  17, {abc_fontArial22h_00CD} }, /* code 00CD */
   {   8,  22, {abc_fontArial22h_00CE} }, /* code 00CE */
   {   6,  17, {abc_fontArial22h_00CF} }, /* code 00CF */
   {  13,  36, {abc_fontArial22h_00D1} }, /* code 00D1 */
   {  15,  42, {abc_fontArial22h_00D2} }, /* code 00D2 */
   {  15,  42, {abc_fontArial22h_00D3} }, /* code 00D3 */
   {  15,  42, {abc_fontArial22h_00D4} }, /* code 00D4 */
   {  15,  42, {abc_fontArial22h_00D5} }, /* code 00D5 */
   {  15,  42, {abc_fontArial22h_00D6} }, /* code 00D6 */
   {  15,  42, {abc_fontArial22h_00D8} }, /* code 00D8 */
   {  13,  36, {abc_fontArial22h_00D9} }, /* code 00D9 */
   {  13,  36, {abc_fontArial22h_00DA} }, /* code 00DA */
   {  13,  36, {abc_fontArial22h_00DB} }, /* code 00DB */
   {  13,  36, {abc_fontArial22h_00DC} }, /* code 00DC */
   {  10,  28, {abc_fontArial22h_00E0} }, /* code 00E0 */
   {  10,  28, {abc_fontArial22h_00E1} }, /* code 00E1 */
   {  10,  28, {abc_fontArial22h_00E2} }, /* code 00E2 */
   {  10,  28, {abc_fontArial22h_00E3} }, /* code 00E3 */
   {  10,  28, {abc_fontArial22h_00E4} }, /* code 00E4 */
   {  10,  28, {abc_fontArial22h_00E5} }, /* code 00E5 */
   {  17,  47, {abc_fontArial22h_00E6} }, /* code 00E6 */
   {  10,  28, {abc_fontArial22h_00E7} }, /* code 00E7 */
   {  11,  31, {abc_fontArial22h_00E8} }, /* code 00E8 */
   {  11,  31, {abc_fontArial22h_00E9} }, /* code 00E9 */
   {  11,  31, {abc_fontArial22h_00EA} }, /* code 00EA */
   {  11,  31, {abc_fontArial22h_00EB} }, /* code 00EB */
   {   6,  17, {abc_fontArial22h_00EC} }, /* code 00EC */
   {   6,  17, {abc_fontArial22h_00ED} }, /* code 00ED */
   {   8,  22, {abc_fontArial22h_00EE} }, /* code 00EE */
   {   6,  17, {abc_fontArial22h_00EF} }, /* code 00EF */
   {  10,  28, {abc_fontArial22h_00F1} }, /* code 00F1 */
   {  11,  31, {abc_fontArial22h_00F2} }, /* code 00F2 */
   {  11,  31, {abc_fontArial22h_00F3} }, /* code 00F3 */
   {  11,  31, {abc_fontArial22h_00F4} }, /* code 00F4 */
   {  11,  31, {abc_fontArial22h_00F5} }, /* code 00F5 */
   {  11,  31, {abc_fontArial22h_00F6} }, /* code 00F6 */
   {  11,  31, {abc_fontArial22h_00F8} }, /* code 00F8 */
   {  10,  28, {abc_fontArial22h_00F9} }, /* code 00F9 */
   {  10,  28, {abc_fontArial22h_00FA} }, /* code 00FA */
   {  10,  28, {abc_fontArial22h_00FB} }, /* code 00FB */
   {  10,  28, {abc_fontArial22h_00FC} }, /* code 00FC */
   {  10,  28, {abc_fontArial22h_0101} }, /* code 0101 */
   {  10,  28, {abc_fontArial22h_0103} }, /* code 0103 */
   {  10,  28, {abc_fontArial22h_0105} }, /* code 0105 */
   {  14,  39, {abc_fontArial22h_0110} }, /* code 0110 */
   {  11,  31, {abc_fontArial22h_0111} }, /* code 0111 */
   {  11,  31, {abc_fontArial22h_0113} }, /* code 0113 */
   {  15,  42, {abc_fontArial22h_0122} }, /* code 0122 */
   {   6,  17, {abc_fontArial22h_012B} }, /* code 012B */
   {   6,  17, {abc_fontArial22h_0131} }, /* code 0131 */
   {   5,  14, {abc_fontArial22h_013C} }, /* code 013C */
   {   4,  11, {abc_fontArial22h_0142} }, /* code 0142 */
   {  10,  28, {abc_fontArial22h_0146} }, /* code 0146 */
   {  10,  28, {abc_fontArial22h_015B} }, /* code 015B */
   {  13,  36, {abc_fontArial22h_015E} }, /* code 015E */
   {  10,  28, {abc_fontArial22h_015F} }, /* code 015F */
   {  10,  28, {abc_fontArial22h_016B} }, /* code 016B */
   {   9,  25, {abc_fontArial22h_017C} }, /* code 017C */
   {  13,  36, {abc_fontArial22h_01B0} }, /* code 01B0 */
   {   6,  17, {abc_fontArial22h_021B} }, /* code 021B */
   {  13,  36, {abc_fontArial22h_0386} }, /* code 0386 */
   {  15,  42, {abc_fontArial22h_0388} }, /* code 0388 */
   {  16,  44, {abc_fontArial22h_038C} }, /* code 038C */
   {  13,  36, {abc_fontArial22h_0391} }, /* code 0391 */
   {  13,  36, {abc_fontArial22h_0392} }, /* code 0392 */
   {  10,  28, {abc_fontArial22h_0393} }, /* code 0393 */
   {  13,  36, {abc_fontArial22h_0395} }, /* code 0395 */
   {  13,  36, {abc_fontArial22h_039A} }, /* code 039A */
   {  13,  36, {abc_fontArial22h_039B} }, /* code 039B */
   {  15,  42, {abc_fontArial22h_039C} }, /* code 039C */
   {  15,  42, {abc_fontArial22h_039F} }, /* code 039F */
   {  13,  36, {abc_fontArial22h_03A0} }, /* code 03A0 */
   {  12,  33, {abc_fontArial22h_03A3} }, /* code 03A3 */
   {  12,  33, {abc_fontArial22h_03A4} }, /* code 03A4 */
   {  14,  39, {abc_fontArial22h_03A6} }, /* code 03A6 */
   {  11,  31, {abc_fontArial22h_03AC} }, /* code 03AC */
   {   8,  22, {abc_fontArial22h_03AD} }, /* code 03AD */
   {  10,  28, {abc_fontArial22h_03AE} }, /* code 03AE */
   {   4,  11, {abc_fontArial22h_03AF} }, /* code 03AF */
   {  11,  31, {abc_fontArial22h_03B1} }, /* code 03B1 */
   {  11,  31, {abc_fontArial22h_03B2} }, /* code 03B2 */
   {  10,  28, {abc_fontArial22h_03B3} }, /* code 03B3 */
   {  11,  31, {abc_fontArial22h_03B4} }, /* code 03B4 */
   {   8,  22, {abc_fontArial22h_03B5} }, /* code 03B5 */
   {  10,  28, {abc_fontArial22h_03B7} }, /* code 03B7 */
   {  11,  31, {abc_fontArial22h_03B8} }, /* code 03B8 */
   {   4,  11, {abc_fontArial22h_03B9} }, /* code 03B9 */
   {  10,  28, {abc_fontArial22h_03BA} }, /* code 03BA */
   {  11,  31, {abc_fontArial22h_03BB} }, /* code 03BB */
   {  11,  31, {abc_fontArial22h_03BC} }, /* code 03BC */
   {   9,  25, {abc_fontArial22h_03BD} }, /* code 03BD */
   {   9,  25, {abc_fontArial22h_03BE} }, /* code 03BE */
   {  11,  31, {abc_fontArial22h_03BF} }, /* code 03BF */
   {  13,  36, {abc_fontArial22h_03C0} }, /* code 03C0 */
   {  11,  31, {abc_fontArial22h_03C1} }, /* code 03C1 */
   {   9,  25, {abc_fontArial22h_03C2} }, /* code 03C2 */
   {  12,  33, {abc_fontArial22h_03C3} }, /* code 03C3 */
   {   8,  22, {abc_fontArial22h_03C4} }, /* code 03C4 */
   {  10,  28, {abc_fontArial22h_03C5} }, /* code 03C5 */
   {  12,  33, {abc_fontArial22h_03C6} }, /* code 03C6 */
   {  10,  28, {abc_fontArial22h_03C7} }, /* code 03C7 */
   {  14,  39, {abc_fontArial22h_03C8} }, /* code 03C8 */
   {  16,  44, {abc_fontArial22h_03C9} }, /* code 03C9 */
   {  11,  31, {abc_fontArial22h_03CC} }, /* code 03CC */
   {  10,  28, {abc_fontArial22h_03CD} }, /* code 03CD */
   {   8,  22, {abc_fontArial22h_0621} }, /* code 0621 */
   {   4,  11, {abc_fontArial22h_0623} }, /* code 0623 */
   {   4,  11, {abc_fontArial22h_0625} }, /* code 0625 */
   {   4,  11, {abc_fontArial22h_0627} }, /* code 0627 */
   {  14,  39, {abc_fontArial22h_0628} }, /* code 0628 */
   {   5,  14, {abc_fontArial22h_0629} }, /* code 0629 */
   {  14,  39, {abc_fontArial22h_062A} }, /* code 062A */
   {  11,  31, {abc_fontArial22h_062C} }, /* code 062C */
   {  11,  31, {abc_fontArial22h_062D} }, /* code 062D */
   {  11,  31, {abc_fontArial22h_062E} }, /* code 062E */
   {   6,  17, {abc_fontArial22h_062F} }, /* code 062F */
   {   6,  17, {abc_fontArial22h_0630} }, /* code 0630 */
   {   9,  25, {abc_fontArial22h_0631} }, /* code 0631 */
   {   9,  25, {abc_fontArial22h_0632} }, /* code 0632 */
   {  16,  44, {abc_fontArial22h_0633} }, /* code 0633 */
   {  16,  44, {abc_fontArial22h_0634} }, /* code 0634 */
   {  21,  58, {abc_fontArial22h_0635} }, /* code 0635 */
   {  21,  58, {abc_fontArial22h_0636} }, /* code 0636 */
   {  12,  33, {abc_fontArial22h_0637} }, /* code 0637 */
   {  10,  28, {abc_fontArial22h_0639} }, /* code 0639 */
   {  10,  28, {abc_fontArial22h_063A} }, /* code 063A */
   {  15,  42, {abc_fontArial22h_0641} }, /* code 0641 */
   {  11,  31, {abc_fontArial22h_0642} }, /* code 0642 */
   {  11,  31, {abc_fontArial22h_0643} }, /* code 0643 */
   {  10,  28, {abc_fontArial22h_0644} }, /* code 0644 */
   {   6,  17, {abc_fontArial22h_0645} }, /* code 0645 */
   {  10,  28, {abc_fontArial22h_0646} }, /* code 0646 */
   {   5,  14, {abc_fontArial22h_0647} }, /* code 0647 */
   {   8,  22, {abc_fontArial22h_0648} }, /* code 0648 */
   {  12,  33, {abc_fontArial22h_0649} }, /* code 0649 */
   {  12,  33, {abc_fontArial22h_064A} }, /* code 064A */
   {   3,   9, {abc_fontArial22h_064E} }, /* code 064E */
   {   4,  11, {abc_fontArial22h_064F} }, /* code 064F */
   {   5,  14, {abc_fontArial22h_0651} }, /* code 0651 */
   {  10,  28, {abc_fontArial22h_1EA1} }, /* code 1EA1 */
   {  10,  28, {abc_fontArial22h_1EA3} }, /* code 1EA3 */
   {  10,  28, {abc_fontArial22h_1EA5} }, /* code 1EA5 */
   {  10,  28, {abc_fontArial22h_1EA9} }, /* code 1EA9 */
   {  10,  28, {abc_fontArial22h_1EB7} }, /* code 1EB7 */
   {  11,  31, {abc_fontArial22h_1EBF} }, /* code 1EBF */
   {  11,  31, {abc_fontArial22h_1EC7} }, /* code 1EC7 */
   {  11,  31, {abc_fontArial22h_1ECD} }, /* code 1ECD */
   {  11,  31, {abc_fontArial22h_1ED3} }, /* code 1ED3 */
   {  11,  31, {abc_fontArial22h_1ED7} }, /* code 1ED7 */
   {  11,  31, {abc_fontArial22h_1ED9} }, /* code 1ED9 */
   {  12,  33, {abc_fontArial22h_1EDB} }, /* code 1EDB */
   {  12,  33, {abc_fontArial22h_1EDF} }, /* code 1EDF */
   {  12,  33, {abc_fontArial22h_1EE3} }, /* code 1EE3 */
   {  13,  36, {abc_fontArial22h_1EEF} }  /* code 1EEF */
};

const BFC_FONT_PROP fontArial22h_Prop62 = {
   0x1EEF, /* first character */
   0x1EEF, /* last character  */
   &fontArial22h_CharInfo[ 263],  /* address of first character */
   (const BFC_FONT_PROP *)0				/* pointer to next BFC_FONT_PROP */
};

const BFC_FONT_PROP fontArial22h_Prop61 = {
   0x1EE3, /* first character */
   0x1EE3, /* last character  */
   &fontArial22h_CharInfo[ 262],  /* address of first character */
   &fontArial22h_Prop62			/* pointer to next BFC_FONT_PROP */
};

const BFC_FONT_PROP fontArial22h_Prop60 = {
   0x1EDF, /* first character */
   0x1EDF, /* last character  */
   &fontArial22h_CharInfo[ 261],  /* address of first character */
   &fontArial22h_Prop61			/* pointer to next BFC_FONT_PROP */
};

const BFC_FONT_PROP fontArial22h_Prop59 = {
   0x1EDB, /* first character */
   0x1EDB, /* last character  */
   &fontArial22h_CharInfo[ 260],  /* address of first character */
   &fontArial22h_Prop60			/* pointer to next BFC_FONT_PROP */
};

const BFC_FONT_PROP fontArial22h_Prop58 = {
   0x1ED9, /* first character */
   0x1ED9, /* last character  */
   &fontArial22h_CharInfo[ 259],  /* address of first character */
   &fontArial22h_Prop59			/* pointer to next BFC_FONT_PROP */
};

const BFC_FONT_PROP fontArial22h_Prop57 = {
   0x1ED7, /* first character */
   0x1ED7, /* last character  */
   &fontArial22h_CharInfo[ 258],  /* address of first character */
   &fontArial22h_Prop58			/* pointer to next BFC_FONT_PROP */
};

const BFC_FONT_PROP fontArial22h_Prop56 = {
   0x1ED3, /* first character */
   0x1ED3, /* last character  */
   &fontArial22h_CharInfo[ 257],  /* address of first character */
   &fontArial22h_Prop57			/* pointer to next BFC_FONT_PROP */
};

const BFC_FONT_PROP fontArial22h_Prop55 = {
   0x1ECD, /* first character */
   0x1ECD, /* last character  */
   &fontArial22h_CharInfo[ 256],  /* address of first character */
   &fontArial22h_Prop56			/* pointer to next BFC_FONT_PROP */
};

const BFC_FONT_PROP fontArial22h_Prop54 = {
   0x1EC7, /* first character */
   0x1EC7, /* last character  */
   &fontArial22h_CharInfo[ 255],  /* address of first character */
   &fontArial22h_Prop55			/* pointer to next BFC_FONT_PROP */
};

const BFC_FONT_PROP fontArial22h_Prop53 = {
   0x1EBF, /* first character */
   0x1EBF, /* last character  */
   &fontArial22h_CharInfo[ 254],  /* address of first character */
   &fontArial22h_Prop54			/* pointer to next BFC_FONT_PROP */
};

const BFC_FONT_PROP fontArial22h_Prop52 = {
   0x1EB7, /* first character */
   0x1EB7, /* last character  */
   &fontArial22h_CharInfo[ 253],  /* address of first character */
   &fontArial22h_Prop53			/* pointer to next BFC_FONT_PROP */
};

const BFC_FONT_PROP fontArial22h_Prop51 = {
   0x1EA9, /* first character */
   0x1EA9, /* last character  */
   &fontArial22h_CharInfo[ 252],  /* address of first character */
   &fontArial22h_Prop52			/* pointer to next BFC_FONT_PROP */
};

const BFC_FONT_PROP fontArial22h_Prop50 = {
   0x1EA5, /* first character */
   0x1EA5, /* last character  */
   &fontArial22h_CharInfo[ 251],  /* address of first character */
   &fontArial22h_Prop51			/* pointer to next BFC_FONT_PROP */
};

const BFC_FONT_PROP fontArial22h_Prop49 = {
   0x1EA3, /* first character */
   0x1EA3, /* last character  */
   &fontArial22h_CharInfo[ 250],  /* address of first character */
   &fontArial22h_Prop50			/* pointer to next BFC_FONT_PROP */
};

const BFC_FONT_PROP fontArial22h_Prop48 = {
   0x1EA1, /* first character */
   0x1EA1, /* last character  */
   &fontArial22h_CharInfo[ 249],  /* address of first character */
   &fontArial22h_Prop49			/* pointer to next BFC_FONT_PROP */
};

const BFC_FONT_PROP fontArial22h_Prop47 = {
   0x0651, /* first character */
   0x0651, /* last character  */
   &fontArial22h_CharInfo[ 248],  /* address of first character */
   &fontArial22h_Prop48			/* pointer to next BFC_FONT_PROP */
};

const BFC_FONT_PROP fontArial22h_Prop46 = {
   0x064E, /* first character */
   0x064F, /* last character  */
   &fontArial22h_CharInfo[ 246],  /* address of first character */
   &fontArial22h_Prop47			/* pointer to next BFC_FONT_PROP */
};

const BFC_FONT_PROP fontArial22h_Prop45 = {
   0x0641, /* first character */
   0x064A, /* last character  */
   &fontArial22h_CharInfo[ 236],  /* address of first character */
   &fontArial22h_Prop46			/* pointer to next BFC_FONT_PROP */
};

const BFC_FONT_PROP fontArial22h_Prop44 = {
   0x0639, /* first character */
   0x063A, /* last character  */
   &fontArial22h_CharInfo[ 234],  /* address of first character */
   &fontArial22h_Prop45			/* pointer to next BFC_FONT_PROP */
};

const BFC_FONT_PROP fontArial22h_Prop43 = {
   0x062C, /* first character */
   0x0637, /* last character  */
   &fontArial22h_CharInfo[ 222],  /* address of first character */
   &fontArial22h_Prop44			/* pointer to next BFC_FONT_PROP */
};

const BFC_FONT_PROP fontArial22h_Prop42 = {
   0x0627, /* first character */
   0x062A, /* last character  */
   &fontArial22h_CharInfo[ 218],  /* address of first character */
   &fontArial22h_Prop43			/* pointer to next BFC_FONT_PROP */
};

const BFC_FONT_PROP fontArial22h_Prop41 = {
   0x0625, /* first character */
   0x0625, /* last character  */
   &fontArial22h_CharInfo[ 217],  /* address of first character */
   &fontArial22h_Prop42			/* pointer to next BFC_FONT_PROP */
};

const BFC_FONT_PROP fontArial22h_Prop40 = {
   0x0623, /* first character */
   0x0623, /* last character  */
   &fontArial22h_CharInfo[ 216],  /* address of first character */
   &fontArial22h_Prop41			/* pointer to next BFC_FONT_PROP */
};

const BFC_FONT_PROP fontArial22h_Prop39 = {
   0x0621, /* first character */
   0x0621, /* last character  */
   &fontArial22h_CharInfo[ 215],  /* address of first character */
   &fontArial22h_Prop40			/* pointer to next BFC_FONT_PROP */
};

const BFC_FONT_PROP fontArial22h_Prop38 = {
   0x03CC, /* first character */
   0x03CD, /* last character  */
   &fontArial22h_CharInfo[ 213],  /* address of first character */
   &fontArial22h_Prop39			/* pointer to next BFC_FONT_PROP */
};

const BFC_FONT_PROP fontArial22h_Prop37 = {
   0x03B7, /* first character */
   0x03C9, /* last character  */
   &fontArial22h_CharInfo[ 194],  /* address of first character */
   &fontArial22h_Prop38			/* pointer to next BFC_FONT_PROP */
};

const BFC_FONT_PROP fontArial22h_Prop36 = {
   0x03B1, /* first character */
   0x03B5, /* last character  */
   &fontArial22h_CharInfo[ 189],  /* address of first character */
   &fontArial22h_Prop37			/* pointer to next BFC_FONT_PROP */
};

const BFC_FONT_PROP fontArial22h_Prop35 = {
   0x03AC, /* first character */
   0x03AF, /* last character  */
   &fontArial22h_CharInfo[ 185],  /* address of first character */
   &fontArial22h_Prop36			/* pointer to next BFC_FONT_PROP */
};

const BFC_FONT_PROP fontArial22h_Prop34 = {
   0x03A6, /* first character */
   0x03A6, /* last character  */
   &fontArial22h_CharInfo[ 184],  /* address of first character */
   &fontArial22h_Prop35			/* pointer to next BFC_FONT_PROP */
};

const BFC_FONT_PROP fontArial22h_Prop33 = {
   0x03A3, /* first character */
   0x03A4, /* last character  */
   &fontArial22h_CharInfo[ 182],  /* address of first character */
   &fontArial22h_Prop34			/* pointer to next BFC_FONT_PROP */
};

const BFC_FONT_PROP fontArial22h_Prop32 = {
   0x039F, /* first character */
   0x03A0, /* last character  */
   &fontArial22h_CharInfo[ 180],  /* address of first character */
   &fontArial22h_Prop33			/* pointer to next BFC_FONT_PROP */
};

const BFC_FONT_PROP fontArial22h_Prop31 = {
   0x039A, /* first character */
   0x039C, /* last character  */
   &fontArial22h_CharInfo[ 177],  /* address of first character */
   &fontArial22h_Prop32			/* pointer to next BFC_FONT_PROP */
};

const BFC_FONT_PROP fontArial22h_Prop30 = {
   0x0395, /* first character */
   0x0395, /* last character  */
   &fontArial22h_CharInfo[ 176],  /* address of first character */
   &fontArial22h_Prop31			/* pointer to next BFC_FONT_PROP */
};

const BFC_FONT_PROP fontArial22h_Prop29 = {
   0x0391, /* first character */
   0x0393, /* last character  */
   &fontArial22h_CharInfo[ 173],  /* address of first character */
   &fontArial22h_Prop30			/* pointer to next BFC_FONT_PROP */
};

const BFC_FONT_PROP fontArial22h_Prop28 = {
   0x038C, /* first character */
   0x038C, /* last character  */
   &fontArial22h_CharInfo[ 172],  /* address of first character */
   &fontArial22h_Prop29			/* pointer to next BFC_FONT_PROP */
};

const BFC_FONT_PROP fontArial22h_Prop27 = {
   0x0388, /* first character */
   0x0388, /* last character  */
   &fontArial22h_CharInfo[ 171],  /* address of first character */
   &fontArial22h_Prop28			/* pointer to next BFC_FONT_PROP */
};

const BFC_FONT_PROP fontArial22h_Prop26 = {
   0x0386, /* first character */
   0x0386, /* last character  */
   &fontArial22h_CharInfo[ 170],  /* address of first character */
   &fontArial22h_Prop27			/* pointer to next BFC_FONT_PROP */
};

const BFC_FONT_PROP fontArial22h_Prop25 = {
   0x021B, /* first character */
   0x021B, /* last character  */
   &fontArial22h_CharInfo[ 169],  /* address of first character */
   &fontArial22h_Prop26			/* pointer to next BFC_FONT_PROP */
};

const BFC_FONT_PROP fontArial22h_Prop24 = {
   0x01B0, /* first character */
   0x01B0, /* last character  */
   &fontArial22h_CharInfo[ 168],  /* address of first character */
   &fontArial22h_Prop25			/* pointer to next BFC_FONT_PROP */
};

const BFC_FONT_PROP fontArial22h_Prop23 = {
   0x017C, /* first character */
   0x017C, /* last character  */
   &fontArial22h_CharInfo[ 167],  /* address of first character */
   &fontArial22h_Prop24			/* pointer to next BFC_FONT_PROP */
};

const BFC_FONT_PROP fontArial22h_Prop22 = {
   0x016B, /* first character */
   0x016B, /* last character  */
   &fontArial22h_CharInfo[ 166],  /* address of first character */
   &fontArial22h_Prop23			/* pointer to next BFC_FONT_PROP */
};

const BFC_FONT_PROP fontArial22h_Prop21 = {
   0x015E, /* first character */
   0x015F, /* last character  */
   &fontArial22h_CharInfo[ 164],  /* address of first character */
   &fontArial22h_Prop22			/* pointer to next BFC_FONT_PROP */
};

const BFC_FONT_PROP fontArial22h_Prop20 = {
   0x015B, /* first character */
   0x015B, /* last character  */
   &fontArial22h_CharInfo[ 163],  /* address of first character */
   &fontArial22h_Prop21			/* pointer to next BFC_FONT_PROP */
};

const BFC_FONT_PROP fontArial22h_Prop19 = {
   0x0146, /* first character */
   0x0146, /* last character  */
   &fontArial22h_CharInfo[ 162],  /* address of first character */
   &fontArial22h_Prop20			/* pointer to next BFC_FONT_PROP */
};

const BFC_FONT_PROP fontArial22h_Prop18 = {
   0x0142, /* first character */
   0x0142, /* last character  */
   &fontArial22h_CharInfo[ 161],  /* address of first character */
   &fontArial22h_Prop19			/* pointer to next BFC_FONT_PROP */
};

const BFC_FONT_PROP fontArial22h_Prop17 = {
   0x013C, /* first character */
   0x013C, /* last character  */
   &fontArial22h_CharInfo[ 160],  /* address of first character */
   &fontArial22h_Prop18			/* pointer to next BFC_FONT_PROP */
};

const BFC_FONT_PROP fontArial22h_Prop16 = {
   0x0131, /* first character */
   0x0131, /* last character  */
   &fontArial22h_CharInfo[ 159],  /* address of first character */
   &fontArial22h_Prop17			/* pointer to next BFC_FONT_PROP */
};

const BFC_FONT_PROP fontArial22h_Prop15 = {
   0x012B, /* first character */
   0x012B, /* last character  */
   &fontArial22h_CharInfo[ 158],  /* address of first character */
   &fontArial22h_Prop16			/* pointer to next BFC_FONT_PROP */
};

const BFC_FONT_PROP fontArial22h_Prop14 = {
   0x0122, /* first character */
   0x0122, /* last character  */
   &fontArial22h_CharInfo[ 157],  /* address of first character */
   &fontArial22h_Prop15			/* pointer to next BFC_FONT_PROP */
};

const BFC_FONT_PROP fontArial22h_Prop13 = {
   0x0113, /* first character */
   0x0113, /* last character  */
   &fontArial22h_CharInfo[ 156],  /* address of first character */
   &fontArial22h_Prop14			/* pointer to next BFC_FONT_PROP */
};

const BFC_FONT_PROP fontArial22h_Prop12 = {
   0x0110, /* first character */
   0x0111, /* last character  */
   &fontArial22h_CharInfo[ 154],  /* address of first character */
   &fontArial22h_Prop13			/* pointer to next BFC_FONT_PROP */
};

const BFC_FONT_PROP fontArial22h_Prop11 = {
   0x0105, /* first character */
   0x0105, /* last character  */
   &fontArial22h_CharInfo[ 153],  /* address of first character */
   &fontArial22h_Prop12			/* pointer to next BFC_FONT_PROP */
};

const BFC_FONT_PROP fontArial22h_Prop10 = {
   0x0103, /* first character */
   0x0103, /* last character  */
   &fontArial22h_CharInfo[ 152],  /* address of first character */
   &fontArial22h_Prop11			/* pointer to next BFC_FONT_PROP */
};

const BFC_FONT_PROP fontArial22h_Prop9 = {
   0x0101, /* first character */
   0x0101, /* last character  */
   &fontArial22h_CharInfo[ 151],  /* address of first character */
   &fontArial22h_Prop10			/* pointer to next BFC_FONT_PROP */
};

const BFC_FONT_PROP fontArial22h_Prop8 = {
   0x00F8, /* first character */
   0x00FC, /* last character  */
   &fontArial22h_CharInfo[ 146],  /* address of first character */
   &fontArial22h_Prop9			/* pointer to next BFC_FONT_PROP */
};

const BFC_FONT_PROP fontArial22h_Prop7 = {
   0x00F1, /* first character */
   0x00F6, /* last character  */
   &fontArial22h_CharInfo[ 140],  /* address of first character */
   &fontArial22h_Prop8			/* pointer to next BFC_FONT_PROP */
};

const BFC_FONT_PROP fontArial22h_Prop6 = {
   0x00E0, /* first character */
   0x00EF, /* last character  */
   &fontArial22h_CharInfo[ 124],  /* address of first character */
   &fontArial22h_Prop7			/* pointer to next BFC_FONT_PROP */
};

const BFC_FONT_PROP fontArial22h_Prop5 = {
   0x00D8, /* first character */
   0x00DC, /* last character  */
   &fontArial22h_CharInfo[ 119],  /* address of first character */
   &fontArial22h_Prop6			/* pointer to next BFC_FONT_PROP */
};

const BFC_FONT_PROP fontArial22h_Prop4 = {
   0x00D1, /* first character */
   0x00D6, /* last character  */
   &fontArial22h_CharInfo[ 113],  /* address of first character */
   &fontArial22h_Prop5			/* pointer to next BFC_FONT_PROP */
};

const BFC_FONT_PROP fontArial22h_Prop3 = {
   0x00BF, /* first character */
   0x00CF, /* last character  */
   &fontArial22h_CharInfo[  96],  /* address of first character */
   &fontArial22h_Prop4			/* pointer to next BFC_FONT_PROP */
};

const BFC_FONT_PROP fontArial22h_Prop2 = {
   0x00B2, /* first character */
   0x00B2, /* last character  */
   &fontArial22h_CharInfo[  95],  /* address of first character */
   &fontArial22h_Prop3			/* pointer to next BFC_FONT_PROP */
};

const BFC_FONT_PROP fontArial22h_Prop1 = {
   0x0020, /* first character */
   0x007E, /* last character  */
   &fontArial22h_CharInfo[   0],  /* address of first character */
   &fontArial22h_Prop2			/* pointer to next BFC_FONT_PROP */
};

const BFC_FONT fontArial22h = {
   0x01020802,  /* font type = FONTTYPE_PROP | DATA_PACKED | ENCODING_UNICODE | DATALENGTH_8 */
   22,  /* font height in pixels   */
   18,  /* font ascent (baseline) in pixels  */
   0 ,  /* reversed, =0 */
   {&fontArial22h_Prop1}  
};
