/*******************************************************************************
 *                                                                             *
 * This file is generated by BitFontCreator Pro v3.8                           *
 * by Iseatech Software   http://www.iseasoft.com/bitfontcreator.html          *
 *                        support@iseasoft.com                                 *
 *                                                                             *
 * Font name: Arial Narrow Bold                                                *
 * Font width: 0 (proportional font)                                           *
 * Font height: 31                                                             *
 * Encode: Unicode                                                             *
 * Data length: 8 bits                                                         *
 * Invert bits: No                                                             *
 * Data format: Big Endian, Row based, Row preferred, Packed                   *
 *                                                                             *
 * Create time: 05:35 08-20-2026                                               *
 *******************************************************************************/

#include "bfcfont.h"

/* The following line needs to be included in any file selecting the
   font.
*/
extern const BFC_FONT fontArialNarrowBold31h;

const UCHAR abc_fontArialNarrowBold31h_0020[  24] = { /* code 0020 */
  0x00,  0x00,  0x00,  0x00,  0x00,  0x00,  0x00,  0x00,
  0x00,  0x00,  0x00,  0x00,  0x00,  0x00,  0x00,  0x00,
  0x00,  0x00,  0x00,  0x00,  0x00,  0x00,  0x00,  0x00
};

const UCHAR abc_fontArialNarrowBold31h_0021[  28] = { /* code 0021 */
  0x00,  0x00,  0x00,  0x00,  0x00,  0x0E,  0x1C,  0x38,
  0x70,  0xE1,  0xC3,  0x87,  0x0E,  0x1C,  0x38,  0x30,
  0x60,  0xC0,  0x07,  0x0E,  0x1C,  0x38,  0x00,  0x00,
  0x00,  0x00,  0x00,  0x00
};

const UCHAR abc_fontArialNarrowBold31h_0022[  43] = { /* code 0022 */
  0x00,  0x00,  0x00,  0x00,  0x00,  0x00,  0x00,  0x00,
  0x1E,  0xE3,  0xDC,  0x7B,  0x8E,  0x71,  0xCE,  0x19,
  0xC3,  0x18,  0x00,  0x00,  0x00,  0x00,  0x00,  0x00,
  0x00,  0x00,  0x00,  0x00,  0x00,  0x00,  0x00,  0x00,
  0x00,  0x00,  0x00,  0x00,  0x00,  0x00,  0x00,  0x00,
  0x00,  0x00,  0x00
};

const UCHAR abc_fontArialNarrowBold31h_0023[  47] = { /* code 0023 */
  0x00,  0x00,  0x00,  0x00,  0x00,  0x00,  0x00,  0x00,
  0xE6,  0x0C,  0x60,  0xC6,  0x0C,  0xE1,  0xCE,  0xFF,
  0xFF,  0xFF,  0xFF,  0xF1,  0x8C,  0x19,  0xC3,  0x9C,
  0x39,  0xCF,  0xFF,  0xFF,  0xFF,  0xFF,  0x33,  0x87,
  0x38,  0x73,  0x87,  0x30,  0x63,  0x00,  0x00,  0x00,
  0x00,  0x00,  0x00,  0x00,  0x00,  0x00,  0x00
};

const UCHAR abc_fontArialNarrowBold31h_0024[  47] = { /* code 0024 */
  0x00,  0x00,  0x00,  0x00,  0x00,  0x00,  0x06,  0x00,
  0x60,  0x1F,  0x83,  0xFC,  0x3F,  0xE7,  0x6E,  0x76,
  0x07,  0x60,  0x7E,  0x03,  0xE0,  0x3F,  0x81,  0xFC,
  0x07,  0xE0,  0x7E,  0x06,  0xE3,  0x66,  0x76,  0x67,
  0xEE,  0x3F,  0xE3,  0xFC,  0x1F,  0x80,  0x60,  0x06,
  0x00,  0x60,  0x00,  0x00,  0x00,  0x00,  0x00
};

const UCHAR abc_fontArialNarrowBold31h_0025[  78] = { /* code 0025 */
  0x00,  0x00,  0x00,  0x00,  0x00,  0x00,  0x00,  0x00,
  0x00,  0x00,  0x00,  0x00,  0x01,  0x80,  0x60,  0x3E,
  0x0E,  0x07,  0x60,  0xC0,  0x67,  0x0C,  0x06,  0x31,
  0x80,  0x63,  0x18,  0x06,  0x73,  0x80,  0x77,  0x30,
  0x07,  0xE3,  0x00,  0x3E,  0x60,  0x00,  0x86,  0x00,
  0x00,  0xE7,  0x80,  0x0C,  0xFC,  0x01,  0xCC,  0xC0,
  0x18,  0xCE,  0x01,  0x8C,  0xE0,  0x30,  0xCE,  0x03,
  0x0C,  0xC0,  0x70,  0xEC,  0x06,  0x07,  0xC0,  0xE0,
  0x30,  0x00,  0x00,  0x00,  0x00,  0x00,  0x00,  0x00,
  0x00,  0x00,  0x00,  0x00,  0x00,  0x00
};

const UCHAR abc_fontArialNarrowBold31h_0026[  62] = { /* code 0026 */
  0x00,  0x00,  0x00,  0x00,  0x00,  0x00,  0x00,  0x00,
  0x00,  0x00,  0x03,  0x80,  0x0F,  0xC0,  0x1F,  0xE0,
  0x1C,  0x70,  0x1C,  0x70,  0x1C,  0x70,  0x1E,  0xE0,
  0x0F,  0xE0,  0x0F,  0xC0,  0x0F,  0x80,  0x1F,  0xC0,
  0x3F,  0xCE,  0x79,  0xFC,  0x70,  0xFC,  0x70,  0xFC,
  0x70,  0x78,  0x78,  0x7C,  0x3F,  0xFE,  0x3F,  0xFF,
  0x1F,  0xCC,  0x00,  0x00,  0x00,  0x00,  0x00,  0x00,
  0x00,  0x00,  0x00,  0x00,  0x00,  0x00
};

const UCHAR abc_fontArialNarrowBold31h_0027[  20] = { /* code 0027 */
  0x00,  0x00,  0x00,  0x01,  0xCE,  0x73,  0x9C,  0xE3,
  0x00,  0x00,  0x00,  0x00,  0x00,  0x00,  0x00,  0x00,
  0x00,  0x00,  0x00,  0x00
};

const UCHAR abc_fontArialNarrowBold31h_0028[  28] = { /* code 0028 */
  0x00,  0x00,  0x00,  0x00,  0x01,  0xC3,  0x0E,  0x1C,
  0x30,  0xE1,  0xC3,  0x86,  0x1C,  0x38,  0x70,  0xE1,
  0xC3,  0x87,  0x0E,  0x0C,  0x1C,  0x38,  0x70,  0x60,
  0xE1,  0xC1,  0x83,  0x80
};

const UCHAR abc_fontArialNarrowBold31h_0029[  28] = { /* code 0029 */
  0x00,  0x00,  0x00,  0x00,  0x0C,  0x18,  0x38,  0x30,
  0x70,  0xE0,  0xC1,  0xC3,  0x87,  0x0E,  0x1C,  0x38,
  0x70,  0xE1,  0xC3,  0x87,  0x0E,  0x18,  0x70,  0xE1,
  0x83,  0x0C,  0x18,  0x00
};

const UCHAR abc_fontArialNarrowBold31h_002A[  35] = { /* code 002A */
  0x00,  0x00,  0x00,  0x00,  0x00,  0x00,  0xC0,  0x61,
  0x32,  0x7B,  0x7F,  0x86,  0x07,  0x87,  0x63,  0x30,
  0x80,  0x00,  0x00,  0x00,  0x00,  0x00,  0x00,  0x00,
  0x00,  0x00,  0x00,  0x00,  0x00,  0x00,  0x00,  0x00,
  0x00,  0x00,  0x00
};

const UCHAR abc_fontArialNarrowBold31h_002B[  51] = { /* code 002B */
  0x00,  0x00,  0x00,  0x00,  0x00,  0x00,  0x00,  0x00,
  0x00,  0x00,  0x00,  0x00,  0x00,  0x00,  0x00,  0x38,
  0x01,  0xC0,  0x0E,  0x00,  0x70,  0x03,  0x81,  0xFF,
  0xCF,  0xFE,  0x7F,  0xF0,  0x38,  0x01,  0xC0,  0x0E,
  0x00,  0x70,  0x03,  0x80,  0x00,  0x00,  0x00,  0x00,
  0x00,  0x00,  0x00,  0x00,  0x00,  0x00,  0x00,  0x00,
  0x00,  0x00,  0x00
};

const UCHAR abc_fontArialNarrowBold31h_002C[  24] = { /* code 002C */
  0x00,  0x00,  0x00,  0x00,  0x00,  0x00,  0x00,  0x00,
  0x00,  0x00,  0x00,  0x00,  0x00,  0x00,  0x00,  0x00,
  0xE3,  0x8E,  0x38,  0x41,  0x0C,  0x60,  0x00,  0x00
};

const UCHAR abc_fontArialNarrowBold31h_002D[  28] = { /* code 002D */
  0x00,  0x00,  0x00,  0x00,  0x00,  0x00,  0x00,  0x00,
  0x00,  0x00,  0x00,  0x00,  0x00,  0x00,  0x7E,  0xFD,
  0xFB,  0xF0,  0x00,  0x00,  0x00,  0x00,  0x00,  0x00,
  0x00,  0x00,  0x00,  0x00
};

const UCHAR abc_fontArialNarrowBold31h_002E[  24] = { /* code 002E */
  0x00,  0x00,  0x00,  0x00,  0x00,  0x00,  0x00,  0x00,
  0x00,  0x00,  0x00,  0x00,  0x00,  0x00,  0x00,  0x00,
  0xE3,  0x8E,  0x38,  0x00,  0x00,  0x00,  0x00,  0x00
};

const UCHAR abc_fontArialNarrowBold31h_002F[  24] = { /* code 002F */
  0x00,  0x00,  0x00,  0x00,  0x30,  0xC7,  0x1C,  0x61,
  0x86,  0x38,  0xE3,  0x0C,  0x30,  0xC7,  0x18,  0x61,
  0x86,  0x38,  0xC0,  0x00,  0x00,  0x00,  0x00,  0x00
};

const UCHAR abc_fontArialNarrowBold31h_0030[  47] = { /* code 0030 */
  0x00,  0x00,  0x00,  0x00,  0x00,  0x00,  0x00,  0x00,
  0x00,  0x0F,  0x81,  0xFC,  0x3F,  0xC3,  0x9E,  0x70,
  0xE7,  0x0E,  0x70,  0xE7,  0x0E,  0x70,  0xE7,  0x0E,
  0x70,  0xE7,  0x0E,  0x70,  0xE7,  0x0E,  0x70,  0xE3,
  0x9E,  0x3F,  0xC1,  0xFC,  0x0F,  0x80,  0x00,  0x00,
  0x00,  0x00,  0x00,  0x00,  0x00,  0x00,  0x00
};

const UCHAR abc_fontArialNarrowBold31h_0031[  47] = { /* code 0031 */
  0x00,  0x00,  0x00,  0x00,  0x00,  0x00,  0x00,  0x00,
  0x00,  0x03,  0x80,  0x78,  0x07,  0x81,  0xF8,  0x3F,
  0x83,  0xB8,  0x33,  0x82,  0x38,  0x03,  0x80,  0x38,
  0x03,  0x80,  0x38,  0x03,  0x80,  0x38,  0x03,  0x80,
  0x38,  0x03,  0x80,  0x38,  0x03,  0x80,  0x00,  0x00,
  0x00,  0x00,  0x00,  0x00,  0x00,  0x00,  0x00
};

const UCHAR abc_fontArialNarrowBold31h_0032[  47] = { /* code 0032 */
  0x00,  0x00,  0x00,  0x00,  0x00,  0x00,  0x00,  0x00,
  0x00,  0x1F,  0x83,  0xFC,  0x3F,  0xE7,  0x8E,  0x70,
  0xE3,  0x0E,  0x00,  0xE0,  0x0E,  0x01,  0xC0,  0x3C,
  0x07,  0x80,  0xF0,  0x0F,  0x01,  0xE0,  0x3C,  0x03,
  0x80,  0x7F,  0xE7,  0xFE,  0x7F,  0xE0,  0x00,  0x00,
  0x00,  0x00,  0x00,  0x00,  0x00,  0x00,  0x00
};

const UCHAR abc_fontArialNarrowBold31h_0033[  47] = { /* code 0033 */
  0x00,  0x00,  0x00,  0x00,  0x00,  0x00,  0x00,  0x00,
  0x00,  0x1F,  0x83,  0xFC,  0x3F,  0xC7,  0x1E,  0x70,
  0xE0,  0x0E,  0x01,  0xC0,  0x7C,  0x07,  0x80,  0x7C,
  0x01,  0xE0,  0x0E,  0x00,  0xE1,  0x0E,  0x70,  0xE7,
  0x0E,  0x3F,  0xE3,  0xFC,  0x1F,  0x80,  0x00,  0x00,
  0x00,  0x00,  0x00,  0x00,  0x00,  0x00,  0x00
};

const UCHAR abc_fontArialNarrowBold31h_0034[  47] = { /* code 0034 */
  0x00,  0x00,  0x00,  0x00,  0x00,  0x00,  0x00,  0x00,
  0x00,  0x01,  0xC0,  0x3C,  0x03,  0xC0,  0x7C,  0x07,
  0xC0,  0xFC,  0x1D,  0xC1,  0xDC,  0x39,  0xC3,  0x9C,
  0x71,  0xC6,  0x1C,  0xFF,  0xFF,  0xFF,  0xFF,  0xF0,
  0x1C,  0x01,  0xC0,  0x1C,  0x01,  0xC0,  0x00,  0x00,
  0x00,  0x00,  0x00,  0x00,  0x00,  0x00,  0x00
};

const UCHAR abc_fontArialNarrowBold31h_0035[  47] = { /* code 0035 */
  0x00,  0x00,  0x00,  0x00,  0x00,  0x00,  0x00,  0x00,
  0x00,  0x1F,  0xE1,  0xFE,  0x3F,  0xE3,  0x80,  0x38,
  0x03,  0x80,  0x3F,  0x83,  0xFC,  0x3F,  0xE7,  0x9E,
  0x00,  0xE0,  0x0F,  0x00,  0xF0,  0x0F,  0x70,  0xE7,
  0x8E,  0x3F,  0xE3,  0xFC,  0x1F,  0x80,  0x00,  0x00,
  0x00,  0x00,  0x00,  0x00,  0x00,  0x00,  0x00
};

const UCHAR abc_fontArialNarrowBold31h_0036[  47] = { /* code 0036 */
  0x00,  0x00,  0x00,  0x00,  0x00,  0x00,  0x00,  0x00,
  0x00,  0x0F,  0x81,  0xFC,  0x3F,  0xE3,  0x8E,  0x78,
  0xE7,  0x00,  0x72,  0x07,  0x78,  0x7F,  0xC7,  0xDE,
  0x78,  0xE7,  0x0E,  0x70,  0x77,  0x07,  0x78,  0xE3,
  0x8E,  0x3F,  0xE1,  0xFC,  0x0F,  0x80,  0x00,  0x00,
  0x00,  0x00,  0x00,  0x00,  0x00,  0x00,  0x00
};

const UCHAR abc_fontArialNarrowBold31h_0037[  47] = { /* code 0037 */
  0x00,  0x00,  0x00,  0x00,  0x00,  0x00,  0x00,  0x00,
  0x00,  0x7F,  0xE7,  0xFE,  0x7F,  0xE0,  0x0E,  0x01,
  0xC0,  0x18,  0x03,  0x80,  0x38,  0x07,  0x00,  0x70,
  0x06,  0x00,  0xE0,  0x0E,  0x00,  0xE0,  0x0C,  0x01,
  0xC0,  0x1C,  0x01,  0xC0,  0x1C,  0x00,  0x00,  0x00,
  0x00,  0x00,  0x00,  0x00,  0x00,  0x00,  0x00
};

const UCHAR abc_fontArialNarrowBold31h_0038[  47] = { /* code 0038 */
  0x00,  0x00,  0x00,  0x00,  0x00,  0x00,  0x00,  0x00,
  0x00,  0x1F,  0x83,  0xFC,  0x3F,  0xC7,  0x0E,  0x70,
  0xE7,  0x0E,  0x38,  0xC3,  0xFC,  0x1F,  0x83,  0xFC,
  0x39,  0xE7,  0x0E,  0x70,  0xE7,  0x0E,  0x70,  0xE7,
  0x0E,  0x3F,  0xE3,  0xFC,  0x1F,  0x80,  0x00,  0x00,
  0x00,  0x00,  0x00,  0x00,  0x00,  0x00,  0x00
};

const UCHAR abc_fontArialNarrowBold31h_0039[  47] = { /* code 0039 */
  0x00,  0x00,  0x00,  0x00,  0x00,  0x00,  0x00,  0x00,
  0x00,  0x1F,  0x03,  0xF8,  0x7F,  0xC7,  0x1E,  0x70,
  0xE7,  0x0E,  0x70,  0xE7,  0x0E,  0x70,  0xE7,  0x9E,
  0x3F,  0xE1,  0xFE,  0x04,  0xE0,  0x0E,  0x70,  0xE7,
  0x1C,  0x7F,  0xC3,  0xF8,  0x1F,  0x00,  0x00,  0x00,
  0x00,  0x00,  0x00,  0x00,  0x00,  0x00,  0x00
};

const UCHAR abc_fontArialNarrowBold31h_003A[  28] = { /* code 003A */
  0x00,  0x00,  0x00,  0x00,  0x00,  0x00,  0x00,  0x00,
  0x00,  0x01,  0xC3,  0x87,  0x0E,  0x00,  0x00,  0x00,
  0x00,  0x00,  0x07,  0x0E,  0x1C,  0x38,  0x00,  0x00,
  0x00,  0x00,  0x00,  0x00
};

const UCHAR abc_fontArialNarrowBold31h_003B[  28] = { /* code 003B */
  0x00,  0x00,  0x00,  0x00,  0x00,  0x00,  0x00,  0x00,
  0x00,  0x01,  0xC3,  0x87,  0x0E,  0x00,  0x00,  0x00,
  0x00,  0x00,  0x07,  0x0E,  0x1C,  0x38,  0x30,  0x61,
  0x83,  0x00,  0x00,  0x00
};

const UCHAR abc_fontArialNarrowBold31h_003C[  51] = { /* code 003C */
  0x00,  0x00,  0x00,  0x00,  0x00,  0x00,  0x00,  0x00,
  0x00,  0x00,  0x00,  0x00,  0x00,  0x00,  0x10,  0x03,
  0x80,  0x7C,  0x0F,  0xE0,  0xFE,  0x1F,  0x81,  0xF0,
  0x0E,  0x00,  0x7E,  0x01,  0xFC,  0x03,  0xF8,  0x07,
  0xE0,  0x0F,  0x00,  0x38,  0x00,  0x40,  0x00,  0x00,
  0x00,  0x00,  0x00,  0x00,  0x00,  0x00,  0x00,  0x00,
  0x00,  0x00,  0x00
};

const UCHAR abc_fontArialNarrowBold31h_003D[  51] = { /* code 003D */
  0x00,  0x00,  0x00,  0x00,  0x00,  0x00,  0x00,  0x00,
  0x00,  0x00,  0x00,  0x00,  0x00,  0x00,  0x00,  0x00,
  0x00,  0x00,  0xFF,  0xE7,  0xFF,  0x3F,  0xF8,  0x00,
  0x00,  0x00,  0x00,  0x03,  0xFF,  0x9F,  0xFC,  0xFF,
  0xE0,  0x00,  0x00,  0x00,  0x00,  0x00,  0x00,  0x00,
  0x00,  0x00,  0x00,  0x00,  0x00,  0x00,  0x00,  0x00,
  0x00,  0x00,  0x00
};

const UCHAR abc_fontArialNarrowBold31h_003E[  51] = { /* code 003E */
  0x00,  0x00,  0x00,  0x00,  0x00,  0x00,  0x00,  0x00,
  0x00,  0x00,  0x00,  0x00,  0x00,  0x40,  0x03,  0x80,
  0x1E,  0x00,  0xFC,  0x03,  0xF8,  0x07,  0xF0,  0x07,
  0xC0,  0x1E,  0x03,  0xF0,  0x7F,  0x0F,  0xE0,  0xFC,
  0x07,  0x80,  0x30,  0x01,  0x00,  0x00,  0x00,  0x00,
  0x00,  0x00,  0x00,  0x00,  0x00,  0x00,  0x00,  0x00,
  0x00,  0x00,  0x00
};

const UCHAR abc_fontArialNarrowBold31h_003F[  51] = { /* code 003F */
  0x00,  0x00,  0x00,  0x00,  0x00,  0x00,  0x00,  0x00,
  0x01,  0x00,  0x3F,  0x07,  0xFC,  0x3C,  0xF3,  0xC3,
  0x9C,  0x0C,  0x20,  0x70,  0x07,  0x00,  0x78,  0x07,
  0x80,  0x78,  0x03,  0x80,  0x3C,  0x01,  0xC0,  0x0E,
  0x00,  0x00,  0x03,  0x80,  0x1C,  0x00,  0xE0,  0x07,
  0x00,  0x00,  0x00,  0x00,  0x00,  0x00,  0x00,  0x00,
  0x00,  0x00,  0x00
};

const UCHAR abc_fontArialNarrowBold31h_0040[  86] = { /* code 0040 */
  0x00,  0x00,  0x00,  0x00,  0x00,  0x00,  0x00,  0x00,
  0x00,  0x00,  0x00,  0x00,  0x00,  0x00,  0x00,  0xE0,
  0x00,  0x1F,  0xF0,  0x01,  0xFF,  0xF0,  0x0F,  0x01,
  0xE0,  0x70,  0x01,  0x81,  0x80,  0x07,  0x0E,  0x3E,
  0xEC,  0x31,  0xFF,  0x19,  0xCF,  0x3C,  0x66,  0x38,
  0x71,  0x99,  0xC1,  0xC6,  0x67,  0x07,  0x19,  0x9C,
  0x18,  0x66,  0x70,  0x63,  0x99,  0xC3,  0x8C,  0x67,
  0x0E,  0x71,  0x9C,  0x79,  0x86,  0x7B,  0xFE,  0x1C,
  0xFF,  0xF0,  0x31,  0xEF,  0x00,  0xE0,  0x00,  0x61,
  0xC0,  0x03,  0x83,  0xC0,  0x3C,  0x07,  0xFF,  0xE0,
  0x0F,  0xFE,  0x00,  0x03,  0xC0,  0x00
};

const UCHAR abc_fontArialNarrowBold31h_0041[  62] = { /* code 0041 */
  0x00,  0x00,  0x00,  0x00,  0x00,  0x00,  0x00,  0x00,
  0x00,  0x00,  0x00,  0x00,  0x03,  0xC0,  0x03,  0xC0,
  0x07,  0xC0,  0x07,  0xE0,  0x07,  0xE0,  0x0E,  0xE0,
  0x0E,  0x70,  0x0E,  0x70,  0x1E,  0x70,  0x1C,  0x78,
  0x1C,  0x38,  0x3F,  0xF8,  0x3F,  0xFC,  0x3F,  0xFC,
  0x7F,  0xFC,  0x70,  0x1E,  0x70,  0x0E,  0xF0,  0x0E,
  0xF0,  0x0F,  0x00,  0x00,  0x00,  0x00,  0x00,  0x00,
  0x00,  0x00,  0x00,  0x00,  0x00,  0x00
};

const UCHAR abc_fontArialNarrowBold31h_0042[  62] = { /* code 0042 */
  0x00,  0x00,  0x00,  0x00,  0x00,  0x00,  0x00,  0x00,
  0x00,  0x00,  0x00,  0x00,  0x3F,  0xF0,  0x3F,  0xF8,
  0x3F,  0xFC,  0x38,  0x3C,  0x38,  0x1C,  0x38,  0x1C,
  0x38,  0x1C,  0x3F,  0xF8,  0x3F,  0xF0,  0x3F,  0xF8,
  0x3F,  0xFC,  0x38,  0x1E,  0x38,  0x1E,  0x38,  0x0E,
  0x38,  0x1E,  0x38,  0x3E,  0x3F,  0xFC,  0x3F,  0xF8,
  0x3F,  0xF0,  0x00,  0x00,  0x00,  0x00,  0x00,  0x00,
  0x00,  0x00,  0x00,  0x00,  0x00,  0x00
};

const UCHAR abc_fontArialNarrowBold31h_0043[  62] = { /* code 0043 */
  0x00,  0x00,  0x00,  0x00,  0x00,  0x00,  0x00,  0x00,
  0x00,  0x00,  0x01,  0xC0,  0x07,  0xF0,  0x0F,  0xF8,
  0x1F,  0xFC,  0x3C,  0x3C,  0x38,  0x1E,  0x38,  0x08,
  0x78,  0x00,  0x70,  0x00,  0x70,  0x00,  0x70,  0x00,
  0x70,  0x00,  0x70,  0x00,  0x78,  0x08,  0x38,  0x1E,
  0x38,  0x1C,  0x3C,  0x3C,  0x1F,  0xFC,  0x0F,  0xF8,
  0x07,  0xF0,  0x00,  0x00,  0x00,  0x00,  0x00,  0x00,
  0x00,  0x00,  0x00,  0x00,  0x00,  0x00
};

const UCHAR abc_fontArialNarrowBold31h_0044[  62] = { /* code 0044 */
  0x00,  0x00,  0x00,  0x00,  0x00,  0x00,  0x00,  0x00,
  0x00,  0x00,  0x00,  0x00,  0x3F,  0xE0,  0x3F,  0xF8,
  0x3F,  0xF8,  0x38,  0x3C,  0x38,  0x1C,  0x38,  0x1C,
  0x38,  0x1E,  0x38,  0x0E,  0x38,  0x0E,  0x38,  0x0E,
  0x38,  0x0E,  0x38,  0x1E,  0x38,  0x1E,  0x38,  0x1C,
  0x38,  0x1C,  0x38,  0x7C,  0x3F,  0xF8,  0x3F,  0xF0,
  0x3F,  0xE0,  0x00,  0x00,  0x00,  0x00,  0x00,  0x00,
  0x00,  0x00,  0x00,  0x00,  0x00,  0x00
};

const UCHAR abc_fontArialNarrowBold31h_0045[  59] = { /* code 0045 */
  0x00,  0x00,  0x00,  0x00,  0x00,  0x00,  0x00,  0x00,
  0x00,  0x00,  0x00,  0x0F,  0xFE,  0x1F,  0xFC,  0x3F,
  0xF8,  0x70,  0x00,  0xE0,  0x01,  0xC0,  0x03,  0x80,
  0x07,  0xFF,  0x0F,  0xFE,  0x1F,  0xFC,  0x3F,  0xF8,
  0x70,  0x00,  0xE0,  0x01,  0xC0,  0x03,  0x80,  0x07,
  0x00,  0x0F,  0xFF,  0x1F,  0xFE,  0x3F,  0xFC,  0x00,
  0x00,  0x00,  0x00,  0x00,  0x00,  0x00,  0x00,  0x00,
  0x00,  0x00,  0x00
};

const UCHAR abc_fontArialNarrowBold31h_0046[  51] = { /* code 0046 */
  0x00,  0x00,  0x00,  0x00,  0x00,  0x00,  0x00,  0x00,
  0x00,  0x00,  0xFF,  0xC7,  0xFE,  0x3F,  0xF1,  0xC0,
  0x0E,  0x00,  0x70,  0x03,  0x80,  0x1C,  0x00,  0xFF,
  0x87,  0xFC,  0x3F,  0xE1,  0xC0,  0x0E,  0x00,  0x70,
  0x03,  0x80,  0x1C,  0x00,  0xE0,  0x07,  0x00,  0x38,
  0x00,  0x00,  0x00,  0x00,  0x00,  0x00,  0x00,  0x00,
  0x00,  0x00,  0x00
};

const UCHAR abc_fontArialNarrowBold31h_0047[  66] = { /* code 0047 */
  0x00,  0x00,  0x00,  0x00,  0x00,  0x00,  0x00,  0x00,
  0x00,  0x00,  0x00,  0x0F,  0x00,  0x1F,  0xE0,  0x1F,
  0xF8,  0x1F,  0xFE,  0x1E,  0x0F,  0x0E,  0x03,  0xC7,
  0x01,  0x87,  0x80,  0x03,  0x80,  0x01,  0xC0,  0x00,
  0xE0,  0xFE,  0x70,  0x7F,  0x3C,  0x3F,  0x9E,  0x01,
  0xC7,  0x00,  0xE3,  0xC0,  0x71,  0xF0,  0xF8,  0x7F,
  0xFC,  0x1F,  0xFC,  0x07,  0xF8,  0x00,  0x00,  0x00,
  0x00,  0x00,  0x00,  0x00,  0x00,  0x00,  0x00,  0x00,
  0x00,  0x00
};

const UCHAR abc_fontArialNarrowBold31h_0048[  62] = { /* code 0048 */
  0x00,  0x00,  0x00,  0x00,  0x00,  0x00,  0x00,  0x00,
  0x00,  0x00,  0x00,  0x00,  0x38,  0x1C,  0x38,  0x1C,
  0x38,  0x1C,  0x38,  0x1C,  0x38,  0x1C,  0x38,  0x1C,
  0x38,  0x1C,  0x3F,  0xFC,  0x3F,  0xFC,  0x3F,  0xFC,
  0x3F,  0xFC,  0x38,  0x1C,  0x38,  0x1C,  0x38,  0x1C,
  0x38,  0x1C,  0x38,  0x1C,  0x38,  0x1C,  0x38,  0x1C,
  0x38,  0x1C,  0x00,  0x00,  0x00,  0x00,  0x00,  0x00,
  0x00,  0x00,  0x00,  0x00,  0x00,  0x00
};

const UCHAR abc_fontArialNarrowBold31h_0049[  24] = { /* code 0049 */
  0x00,  0x00,  0x00,  0x00,  0x03,  0x8E,  0x38,  0xE3,
  0x8E,  0x38,  0xE3,  0x8E,  0x38,  0xE3,  0x8E,  0x38,
  0xE3,  0x8E,  0x38,  0x00,  0x00,  0x00,  0x00,  0x00
};

const UCHAR abc_fontArialNarrowBold31h_004A[  47] = { /* code 004A */
  0x00,  0x00,  0x00,  0x00,  0x00,  0x00,  0x00,  0x00,
  0x00,  0x01,  0xE0,  0x1E,  0x01,  0xE0,  0x1E,  0x01,
  0xE0,  0x1E,  0x01,  0xE0,  0x1E,  0x01,  0xE0,  0x1E,
  0x01,  0xE0,  0x1E,  0x01,  0xEE,  0x1C,  0xF1,  0xC7,
  0x1C,  0x7F,  0xC7,  0xF8,  0x3F,  0x00,  0x00,  0x00,
  0x00,  0x00,  0x00,  0x00,  0x00,  0x00,  0x00
};

const UCHAR abc_fontArialNarrowBold31h_004B[  62] = { /* code 004B */
  0x00,  0x00,  0x00,  0x00,  0x00,  0x00,  0x00,  0x00,
  0x00,  0x00,  0x00,  0x00,  0x38,  0x1F,  0x38,  0x3C,
  0x38,  0x78,  0x38,  0xF8,  0x38,  0xF0,  0x39,  0xE0,
  0x3B,  0xC0,  0x3F,  0xC0,  0x3F,  0xC0,  0x3F,  0xE0,
  0x3E,  0xE0,  0x3C,  0xF0,  0x38,  0x70,  0x38,  0x78,
  0x38,  0x3C,  0x38,  0x3C,  0x38,  0x1E,  0x38,  0x1E,
  0x38,  0x0F,  0x00,  0x00,  0x00,  0x00,  0x00,  0x00,
  0x00,  0x00,  0x00,  0x00,  0x00,  0x00
};

const UCHAR abc_fontArialNarrowBold31h_004C[  51] = { /* code 004C */
  0x00,  0x00,  0x00,  0x00,  0x00,  0x00,  0x00,  0x00,
  0x00,  0x00,  0xE0,  0x07,  0x00,  0x38,  0x01,  0xC0,
  0x0E,  0x00,  0x70,  0x03,  0x80,  0x1C,  0x00,  0xE0,
  0x07,  0x00,  0x38,  0x01,  0xC0,  0x0E,  0x00,  0x70,
  0x03,  0x80,  0x1C,  0x00,  0xFF,  0xE7,  0xFF,  0x3F,
  0xF8,  0x00,  0x00,  0x00,  0x00,  0x00,  0x00,  0x00,
  0x00,  0x00,  0x00
};

const UCHAR abc_fontArialNarrowBold31h_004D[  70] = { /* code 004D */
  0x00,  0x00,  0x00,  0x00,  0x00,  0x00,  0x00,  0x00,
  0x00,  0x00,  0x00,  0x00,  0x00,  0x03,  0xE0,  0xF8,
  0xF8,  0x3E,  0x3E,  0x1F,  0x8F,  0x87,  0xE3,  0xE1,
  0xF8,  0xFC,  0x7E,  0x3F,  0x1B,  0x8F,  0xCE,  0xE3,
  0xB3,  0xB8,  0xEC,  0xEE,  0x3B,  0xBB,  0x8E,  0xEC,
  0xE3,  0xBF,  0x38,  0xE7,  0xCE,  0x39,  0xF3,  0x8E,
  0x78,  0xE3,  0x9E,  0x38,  0xE7,  0x8E,  0x38,  0xE3,
  0x80,  0x00,  0x00,  0x00,  0x00,  0x00,  0x00,  0x00,
  0x00,  0x00,  0x00,  0x00,  0x00,  0x00
};

const UCHAR abc_fontArialNarrowBold31h_004E[  62] = { /* code 004E */
  0x00,  0x00,  0x00,  0x00,  0x00,  0x00,  0x00,  0x00,
  0x00,  0x00,  0x00,  0x00,  0x38,  0x1C,  0x3C,  0x1C,
  0x3C,  0x1C,  0x3E,  0x1C,  0x3E,  0x1C,  0x3F,  0x1C,
  0x3F,  0x1C,  0x3F,  0x9C,  0x3B,  0x9C,  0x3B,  0xDC,
  0x39,  0xDC,  0x39,  0xFC,  0x38,  0xFC,  0x38,  0xFC,
  0x38,  0x7C,  0x38,  0x7C,  0x38,  0x3C,  0x38,  0x3C,
  0x38,  0x1C,  0x00,  0x00,  0x00,  0x00,  0x00,  0x00,
  0x00,  0x00,  0x00,  0x00,  0x00,  0x00
};

const UCHAR abc_fontArialNarrowBold31h_004F[  66] = { /* code 004F */
  0x00,  0x00,  0x00,  0x00,  0x00,  0x00,  0x00,  0x00,
  0x00,  0x00,  0x00,  0x0E,  0x00,  0x1F,  0xE0,  0x3F,
  0xF8,  0x1F,  0xFE,  0x1E,  0x0F,  0x0E,  0x03,  0xCF,
  0x01,  0xE7,  0x80,  0x73,  0x80,  0x39,  0xC0,  0x1C,
  0xE0,  0x0E,  0x70,  0x07,  0x38,  0x03,  0x9E,  0x01,
  0xCF,  0x01,  0xE3,  0xC0,  0xE1,  0xF0,  0xF0,  0x7F,
  0xF0,  0x1F,  0xF8,  0x07,  0xF0,  0x00,  0x00,  0x00,
  0x00,  0x00,  0x00,  0x00,  0x00,  0x00,  0x00,  0x00,
  0x00,  0x00
};

const UCHAR abc_fontArialNarrowBold31h_0050[  59] = { /* code 0050 */
  0x00,  0x00,  0x00,  0x00,  0x00,  0x00,  0x00,  0x00,
  0x00,  0x00,  0x00,  0x0F,  0xFC,  0x1F,  0xFC,  0x3F,
  0xF8,  0x70,  0xF0,  0xE0,  0xF1,  0xC1,  0xE3,  0x83,
  0xC7,  0x07,  0x8F,  0xFE,  0x1F,  0xFC,  0x3F,  0xF0,
  0x7F,  0x80,  0xE0,  0x01,  0xC0,  0x03,  0x80,  0x07,
  0x00,  0x0E,  0x00,  0x1C,  0x00,  0x38,  0x00,  0x00,
  0x00,  0x00,  0x00,  0x00,  0x00,  0x00,  0x00,  0x00,
  0x00,  0x00,  0x00
};

const UCHAR abc_fontArialNarrowBold31h_0051[  66] = { /* code 0051 */
  0x00,  0x00,  0x00,  0x00,  0x00,  0x00,  0x00,  0x00,
  0x00,  0x00,  0x00,  0x0E,  0x00,  0x1F,  0xE0,  0x3F,
  0xF8,  0x1F,  0xFE,  0x1E,  0x0F,  0x0E,  0x03,  0xCF,
  0x01,  0xE7,  0x80,  0x73,  0x80,  0x39,  0xC0,  0x1C,
  0xE0,  0x0E,  0x70,  0x07,  0x38,  0x03,  0x9E,  0x21,
  0xCF,  0x1D,  0xE3,  0xCF,  0xE1,  0xF3,  0xF0,  0x7F,
  0xF0,  0x1F,  0xFE,  0x07,  0xFF,  0x80,  0x03,  0x80,
  0x00,  0x40,  0x00,  0x00,  0x00,  0x00,  0x00,  0x00,
  0x00,  0x00
};

const UCHAR abc_fontArialNarrowBold31h_0052[  62] = { /* code 0052 */
  0x00,  0x00,  0x00,  0x00,  0x00,  0x00,  0x00,  0x00,
  0x00,  0x00,  0x00,  0x00,  0x3F,  0xF8,  0x3F,  0xFC,
  0x3F,  0xFC,  0x38,  0x1C,  0x38,  0x1E,  0x38,  0x1E,
  0x38,  0x1C,  0x38,  0x3C,  0x3F,  0xFC,  0x3F,  0xF8,
  0x3F,  0xC0,  0x38,  0xF0,  0x38,  0xF0,  0x38,  0x78,
  0x38,  0x3C,  0x38,  0x3C,  0x38,  0x1E,  0x38,  0x1E,
  0x38,  0x0F,  0x00,  0x00,  0x00,  0x00,  0x00,  0x00,
  0x00,  0x00,  0x00,  0x00,  0x00,  0x00
};

const UCHAR abc_fontArialNarrowBold31h_0053[  59] = { /* code 0053 */
  0x00,  0x00,  0x00,  0x00,  0x00,  0x00,  0x00,  0x00,
  0x00,  0x00,  0x70,  0x07,  0xF8,  0x1F,  0xF8,  0x3F,
  0xF8,  0x70,  0xF1,  0xC0,  0xE3,  0xC0,  0x03,  0xC0,
  0x07,  0xF0,  0x07,  0xF8,  0x07,  0xFC,  0x03,  0xF8,
  0x00,  0xF0,  0x40,  0xF3,  0x81,  0xE7,  0x83,  0xCF,
  0x0F,  0x0F,  0xFE,  0x0F,  0xF8,  0x0F,  0xE0,  0x00,
  0x00,  0x00,  0x00,  0x00,  0x00,  0x00,  0x00,  0x00,
  0x00,  0x00,  0x00
};

const UCHAR abc_fontArialNarrowBold31h_0054[  51] = { /* code 0054 */
  0x00,  0x00,  0x00,  0x00,  0x00,  0x00,  0x00,  0x00,
  0x00,  0x03,  0xFF,  0xFF,  0xFF,  0xFF,  0xF8,  0x38,
  0x01,  0xC0,  0x0E,  0x00,  0x70,  0x03,  0x80,  0x1C,
  0x00,  0xE0,  0x07,  0x00,  0x38,  0x01,  0xC0,  0x0E,
  0x00,  0x70,  0x03,  0x80,  0x1C,  0x00,  0xE0,  0x07,
  0x00,  0x00,  0x00,  0x00,  0x00,  0x00,  0x00,  0x00,
  0x00,  0x00,  0x00
};

const UCHAR abc_fontArialNarrowBold31h_0055[  62] = { /* code 0055 */
  0x00,  0x00,  0x00,  0x00,  0x00,  0x00,  0x00,  0x00,
  0x00,  0x00,  0x00,  0x00,  0x38,  0x1C,  0x38,  0x1C,
  0x38,  0x1C,  0x38,  0x1C,  0x38,  0x1C,  0x38,  0x1C,
  0x38,  0x1C,  0x38,  0x1C,  0x38,  0x1C,  0x38,  0x1C,
  0x38,  0x1C,  0x38,  0x1C,  0x38,  0x1C,  0x38,  0x1C,
  0x38,  0x1C,  0x3C,  0x3C,  0x3F,  0xF8,  0x1F,  0xF8,
  0x0F,  0xF0,  0x00,  0x00,  0x00,  0x00,  0x00,  0x00,
  0x00,  0x00,  0x00,  0x00,  0x00,  0x00
};

const UCHAR abc_fontArialNarrowBold31h_0056[  59] = { /* code 0056 */
  0x00,  0x00,  0x00,  0x00,  0x00,  0x00,  0x00,  0x00,
  0x00,  0x00,  0x00,  0x3C,  0x07,  0xB8,  0x0E,  0x70,
  0x1C,  0xF0,  0x79,  0xE0,  0xE1,  0xC1,  0xC3,  0x87,
  0x87,  0x8E,  0x07,  0x1C,  0x0E,  0x38,  0x1C,  0xF0,
  0x3D,  0xC0,  0x3B,  0x80,  0x77,  0x00,  0xFC,  0x00,
  0xF8,  0x01,  0xF0,  0x03,  0xE0,  0x07,  0x80,  0x00,
  0x00,  0x00,  0x00,  0x00,  0x00,  0x00,  0x00,  0x00,
  0x00,  0x00,  0x00
};

const UCHAR abc_fontArialNarrowBold31h_0057[  82] = { /* code 0057 */
  0x00,  0x00,  0x00,  0x00,  0x00,  0x00,  0x00,  0x00,
  0x00,  0x00,  0x00,  0x00,  0x00,  0x00,  0x00,  0x03,
  0x83,  0xE1,  0xFE,  0x1F,  0x0E,  0x70,  0xF8,  0x73,
  0x87,  0xC3,  0x9C,  0x3E,  0x1C,  0xE3,  0xB8,  0xE7,
  0x9D,  0xCE,  0x1C,  0xEE,  0x70,  0xE7,  0x73,  0x87,
  0x71,  0x9C,  0x3B,  0x8E,  0xE1,  0xDC,  0x77,  0x07,
  0xE3,  0xF0,  0x3E,  0x1F,  0x81,  0xF0,  0x7C,  0x0F,
  0x83,  0xE0,  0x7C,  0x1F,  0x01,  0xE0,  0xF0,  0x0E,
  0x03,  0x80,  0x00,  0x00,  0x00,  0x00,  0x00,  0x00,
  0x00,  0x00,  0x00,  0x00,  0x00,  0x00,  0x00,  0x00,
  0x00,  0x00
};

const UCHAR abc_fontArialNarrowBold31h_0058[  59] = { /* code 0058 */
  0x00,  0x00,  0x00,  0x00,  0x00,  0x00,  0x00,  0x00,
  0x00,  0x00,  0x00,  0x1E,  0x0F,  0x3C,  0x1C,  0x3C,
  0x78,  0x38,  0xE0,  0x7B,  0xC0,  0x77,  0x00,  0xFE,
  0x00,  0xF8,  0x01,  0xF0,  0x03,  0xE0,  0x07,  0xC0,
  0x1F,  0xC0,  0x7F,  0x80,  0xF7,  0x83,  0xCF,  0x07,
  0x8F,  0x1E,  0x0E,  0x3C,  0x1E,  0xF0,  0x1E,  0x00,
  0x00,  0x00,  0x00,  0x00,  0x00,  0x00,  0x00,  0x00,
  0x00,  0x00,  0x00
};

const UCHAR abc_fontArialNarrowBold31h_0059[  59] = { /* code 0059 */
  0x00,  0x00,  0x00,  0x00,  0x00,  0x00,  0x00,  0x00,
  0x00,  0x00,  0x00,  0x3C,  0x07,  0xBC,  0x1E,  0x78,
  0x38,  0x78,  0xF0,  0xF1,  0xC0,  0xF7,  0x80,  0xEE,
  0x01,  0xFC,  0x01,  0xF0,  0x03,  0xE0,  0x03,  0x80,
  0x07,  0x00,  0x0E,  0x00,  0x1C,  0x00,  0x38,  0x00,
  0x70,  0x00,  0xE0,  0x01,  0xC0,  0x03,  0x80,  0x00,
  0x00,  0x00,  0x00,  0x00,  0x00,  0x00,  0x00,  0x00,
  0x00,  0x00,  0x00
};

const UCHAR abc_fontArialNarrowBold31h_005A[  51] = { /* code 005A */
  0x00,  0x00,  0x00,  0x00,  0x00,  0x00,  0x00,  0x00,
  0x00,  0x01,  0xFF,  0xEF,  0xFF,  0x7F,  0xF8,  0x07,
  0x80,  0x3C,  0x03,  0xC0,  0x3C,  0x01,  0xE0,  0x1E,
  0x01,  0xE0,  0x0F,  0x00,  0xF0,  0x0F,  0x00,  0x78,
  0x07,  0x80,  0x78,  0x03,  0xFF,  0xFF,  0xFF,  0xFF,
  0xF8,  0x00,  0x00,  0x00,  0x00,  0x00,  0x00,  0x00,
  0x00,  0x00,  0x00
};

const UCHAR abc_fontArialNarrowBold31h_005B[  28] = { /* code 005B */
  0x00,  0x00,  0x00,  0x00,  0x00,  0x0F,  0x9F,  0x3E,
  0x60,  0xC1,  0x83,  0x06,  0x0C,  0x18,  0x30,  0x60,
  0xC1,  0x83,  0x06,  0x0C,  0x18,  0x30,  0x60,  0xC1,
  0x83,  0xE7,  0xC0,  0x00
};

const UCHAR abc_fontArialNarrowBold31h_005C[  24] = { /* code 005C */
  0x00,  0x00,  0x00,  0x03,  0x0C,  0x38,  0x61,  0x86,
  0x18,  0x70,  0xC3,  0x0C,  0x30,  0xE1,  0x86,  0x18,
  0x61,  0xC3,  0x0C,  0x00,  0x00,  0x00,  0x00,  0x00
};

const UCHAR abc_fontArialNarrowBold31h_005D[  28] = { /* code 005D */
  0x00,  0x00,  0x00,  0x00,  0x00,  0x3F,  0x7E,  0xFC,
  0x38,  0x70,  0xE1,  0xC3,  0x87,  0x0E,  0x1C,  0x38,
  0x70,  0xE1,  0xC3,  0x87,  0x0E,  0x1C,  0x38,  0x70,
  0xEF,  0xDF,  0x80,  0x00
};

const UCHAR abc_fontArialNarrowBold31h_005E[  51] = { /* code 005E */
  0x00,  0x00,  0x00,  0x00,  0x00,  0x00,  0x00,  0x00,
  0x03,  0x80,  0x1C,  0x01,  0xF0,  0x0F,  0x80,  0x7C,
  0x07,  0x70,  0x3B,  0x81,  0x9C,  0x1C,  0x70,  0xE3,
  0x8E,  0x1E,  0x00,  0x00,  0x00,  0x00,  0x00,  0x00,
  0x00,  0x00,  0x00,  0x00,  0x00,  0x00,  0x00,  0x00,
  0x00,  0x00,  0x00,  0x00,  0x00,  0x00,  0x00,  0x00,
  0x00,  0x00,  0x00
};

const UCHAR abc_fontArialNarrowBold31h_005F[  47] = { /* code 005F */
  0x00,  0x00,  0x00,  0x00,  0x00,  0x00,  0x00,  0x00,
  0x00,  0x00,  0x00,  0x00,  0x00,  0x00,  0x00,  0x00,
  0x00,  0x00,  0x00,  0x00,  0x00,  0x00,  0x00,  0x00,
  0x00,  0x00,  0x00,  0x00,  0x00,  0x00,  0x00,  0x00,
  0x00,  0x00,  0x00,  0x00,  0x00,  0x00,  0x00,  0x00,
  0x0F,  0xFF,  0x00,  0x00,  0x00,  0x00,  0x00
};

const UCHAR abc_fontArialNarrowBold31h_0060[  28] = { /* code 0060 */
  0x00,  0x00,  0x00,  0x00,  0x1E,  0x1C,  0x1C,  0x18,
  0x00,  0x00,  0x00,  0x00,  0x00,  0x00,  0x00,  0x00,
  0x00,  0x00,  0x00,  0x00,  0x00,  0x00,  0x00,  0x00,
  0x00,  0x00,  0x00,  0x00
};

const UCHAR abc_fontArialNarrowBold31h_0061[  47] = { /* code 0061 */
  0x00,  0x00,  0x00,  0x00,  0x00,  0x00,  0x00,  0x00,
  0x00,  0x00,  0x00,  0x00,  0x00,  0x00,  0x00,  0x00,
  0x01,  0xF8,  0x3F,  0xC7,  0xFE,  0x70,  0xE0,  0x0E,
  0x03,  0xE1,  0xFE,  0x3E,  0xE7,  0x8E,  0x70,  0xE7,
  0x0E,  0x7B,  0xE7,  0xFE,  0x3E,  0xF0,  0x00,  0x00,
  0x00,  0x00,  0x00,  0x00,  0x00,  0x00,  0x00
};

const UCHAR abc_fontArialNarrowBold31h_0062[  51] = { /* code 0062 */
  0x00,  0x00,  0x00,  0x00,  0x00,  0x00,  0x00,  0x00,
  0x00,  0x01,  0xC0,  0x0E,  0x00,  0x70,  0x03,  0x80,
  0x1C,  0x00,  0xE7,  0x87,  0x7E,  0x3F,  0xF9,  0xE1,
  0xCF,  0x0E,  0x78,  0x7B,  0x81,  0xDC,  0x0E,  0xF0,
  0xF7,  0x87,  0x3C,  0x39,  0xFF,  0xCE,  0xFC,  0x73,
  0xC0,  0x00,  0x00,  0x00,  0x00,  0x00,  0x00,  0x00,
  0x00,  0x00,  0x00
};

const UCHAR abc_fontArialNarrowBold31h_0063[  47] = { /* code 0063 */
  0x00,  0x00,  0x00,  0x00,  0x00,  0x00,  0x00,  0x00,
  0x00,  0x00,  0x00,  0x00,  0x00,  0x00,  0x00,  0x00,
  0x00,  0xF8,  0x1F,  0xC3,  0xFE,  0x78,  0xE7,  0x05,
  0x70,  0x07,  0x00,  0x70,  0x07,  0x00,  0x70,  0x77,
  0x8E,  0x3F,  0xE3,  0xFC,  0x1F,  0x80,  0x00,  0x00,
  0x00,  0x00,  0x00,  0x00,  0x00,  0x00,  0x00
};

const UCHAR abc_fontArialNarrowBold31h_0064[  51] = { /* code 0064 */
  0x00,  0x00,  0x00,  0x00,  0x00,  0x00,  0x00,  0x00,
  0x00,  0x00,  0x01,  0xC0,  0x0E,  0x00,  0x70,  0x03,
  0x80,  0x1C,  0x3E,  0xE3,  0xFF,  0x1F,  0xF9,  0xE3,
  0xCE,  0x0E,  0x70,  0x73,  0x83,  0x9C,  0x1C,  0xE0,
  0xE7,  0x07,  0x3C,  0x78,  0xFF,  0xC7,  0xFE,  0x1F,
  0x70,  0x00,  0x00,  0x00,  0x00,  0x00,  0x00,  0x00,
  0x00,  0x00,  0x00
};

const UCHAR abc_fontArialNarrowBold31h_0065[  47] = { /* code 0065 */
  0x00,  0x00,  0x00,  0x00,  0x00,  0x00,  0x00,  0x00,
  0x00,  0x00,  0x00,  0x00,  0x00,  0x00,  0x00,  0x00,
  0x01,  0xF8,  0x3F,  0xC3,  0xFC,  0x70,  0xE7,  0x0E,
  0x70,  0xE7,  0xFE,  0x7F,  0xE7,  0x00,  0x70,  0x07,
  0x0E,  0x3D,  0xE3,  0xFC,  0x1F,  0x80,  0x00,  0x00,
  0x00,  0x00,  0x00,  0x00,  0x00,  0x00,  0x00
};

const UCHAR abc_fontArialNarrowBold31h_0066[  31] = { /* code 0066 */
  0x00,  0x00,  0x00,  0x00,  0x00,  0x0E,  0x1F,  0x3F,
  0x38,  0x38,  0x38,  0xFE,  0xFE,  0xFE,  0x38,  0x38,
  0x38,  0x38,  0x38,  0x38,  0x38,  0x38,  0x38,  0x38,
  0x38,  0x00,  0x00,  0x00,  0x00,  0x00,  0x00
};

const UCHAR abc_fontArialNarrowBold31h_0067[  51] = { /* code 0067 */
  0x00,  0x00,  0x00,  0x00,  0x00,  0x00,  0x00,  0x00,
  0x00,  0x00,  0x00,  0x00,  0x00,  0x00,  0x00,  0x00,
  0x00,  0x00,  0x3E,  0xE3,  0xFF,  0x1F,  0xF9,  0xE3,
  0xCE,  0x0E,  0x70,  0x73,  0x83,  0x9C,  0x1C,  0xE0,
  0xE7,  0x07,  0x3C,  0x78,  0xFF,  0xC3,  0xFE,  0x0E,
  0x70,  0x03,  0x9E,  0x1C,  0xF1,  0xE3,  0xFE,  0x0F,
  0xE0,  0x1C,  0x00
};

const UCHAR abc_fontArialNarrowBold31h_0068[  51] = { /* code 0068 */
  0x00,  0x00,  0x00,  0x00,  0x00,  0x00,  0x00,  0x00,
  0x00,  0x00,  0xE0,  0x07,  0x00,  0x38,  0x01,  0xC0,
  0x0E,  0x00,  0x77,  0x83,  0xFE,  0x1F,  0xF8,  0xE1,
  0xC7,  0x0E,  0x38,  0x71,  0xC3,  0x8E,  0x1C,  0x70,
  0xE3,  0x87,  0x1C,  0x38,  0xE1,  0xC7,  0x0E,  0x38,
  0x70,  0x00,  0x00,  0x00,  0x00,  0x00,  0x00,  0x00,
  0x00,  0x00,  0x00
};

const UCHAR abc_fontArialNarrowBold31h_0069[  24] = { /* code 0069 */
  0x00,  0x00,  0x00,  0x00,  0x03,  0x8E,  0x38,  0x00,
  0x0E,  0x38,  0xE3,  0x8E,  0x38,  0xE3,  0x8E,  0x38,
  0xE3,  0x8E,  0x38,  0x00,  0x00,  0x00,  0x00,  0x00
};

const UCHAR abc_fontArialNarrowBold31h_006A[  24] = { /* code 006A */
  0x00,  0x00,  0x00,  0x00,  0x01,  0xC7,  0x1C,  0x00,
  0x07,  0x1C,  0x71,  0xC7,  0x1C,  0x71,  0xC7,  0x1C,
  0x71,  0xC7,  0x1C,  0x73,  0xFE,  0xFB,  0xE6,  0x00
};

const UCHAR abc_fontArialNarrowBold31h_006B[  47] = { /* code 006B */
  0x00,  0x00,  0x00,  0x00,  0x00,  0x00,  0x00,  0x00,
  0x00,  0x78,  0x07,  0x80,  0x78,  0x07,  0x80,  0x78,
  0x07,  0x8F,  0x79,  0xE7,  0xBC,  0x7B,  0x87,  0xF0,
  0x7F,  0x07,  0xF8,  0x7F,  0x87,  0xB8,  0x79,  0xC7,
  0x9C,  0x78,  0xE7,  0x8E,  0x78,  0x70,  0x00,  0x00,
  0x00,  0x00,  0x00,  0x00,  0x00,  0x00,  0x00
};

const UCHAR abc_fontArialNarrowBold31h_006C[  24] = { /* code 006C */
  0x00,  0x00,  0x00,  0x00,  0x03,  0x8E,  0x38,  0xE3,
  0x8E,  0x38,  0xE3,  0x8E,  0x38,  0xE3,  0x8E,  0x38,
  0xE3,  0x8E,  0x38,  0x00,  0x00,  0x00,  0x00,  0x00
};

const UCHAR abc_fontArialNarrowBold31h_006D[  78] = { /* code 006D */
  0x00,  0x00,  0x00,  0x00,  0x00,  0x00,  0x00,  0x00,
  0x00,  0x00,  0x00,  0x00,  0x00,  0x00,  0x00,  0x00,
  0x00,  0x00,  0x00,  0x00,  0x00,  0x00,  0x00,  0x00,
  0x00,  0x00,  0x00,  0x07,  0x7C,  0xF8,  0x7F,  0xFF,
  0xC7,  0xFF,  0xFC,  0x78,  0xF1,  0xC7,  0x8F,  0x1C,
  0x70,  0xE1,  0xC7,  0x0E,  0x1C,  0x70,  0xE1,  0xC7,
  0x0E,  0x1C,  0x70,  0xE1,  0xC7,  0x0E,  0x1C,  0x70,
  0xE1,  0xC7,  0x0E,  0x1C,  0x70,  0xE1,  0xC0,  0x00,
  0x00,  0x00,  0x00,  0x00,  0x00,  0x00,  0x00,  0x00,
  0x00,  0x00,  0x00,  0x00,  0x00,  0x00
};

const UCHAR abc_fontArialNarrowBold31h_006E[  51] = { /* code 006E */
  0x00,  0x00,  0x00,  0x00,  0x00,  0x00,  0x00,  0x00,
  0x00,  0x00,  0x00,  0x00,  0x00,  0x00,  0x00,  0x00,
  0x00,  0x00,  0x67,  0x83,  0x7E,  0x1F,  0xF8,  0xE1,
  0xC7,  0x0E,  0x38,  0x71,  0xC3,  0x8E,  0x1C,  0x70,
  0xE3,  0x87,  0x1C,  0x38,  0xE1,  0xC7,  0x0E,  0x38,
  0x70,  0x00,  0x00,  0x00,  0x00,  0x00,  0x00,  0x00,
  0x00,  0x00,  0x00
};

const UCHAR abc_fontArialNarrowBold31h_006F[  51] = { /* code 006F */
  0x00,  0x00,  0x00,  0x00,  0x00,  0x00,  0x00,  0x00,
  0x00,  0x00,  0x00,  0x00,  0x00,  0x00,  0x00,  0x00,
  0x00,  0x00,  0x1F,  0x81,  0xFE,  0x1F,  0xF9,  0xE3,
  0xCE,  0x0E,  0x70,  0x7B,  0x81,  0xDC,  0x0E,  0xE0,
  0xF7,  0x07,  0x3C,  0x38,  0xFF,  0xC3,  0xFC,  0x0F,
  0xC0,  0x00,  0x00,  0x00,  0x00,  0x00,  0x00,  0x00,
  0x00,  0x00,  0x00
};

const UCHAR abc_fontArialNarrowBold31h_0070[  51] = { /* code 0070 */
  0x00,  0x00,  0x00,  0x00,  0x00,  0x00,  0x00,  0x00,
  0x00,  0x00,  0x00,  0x00,  0x00,  0x00,  0x00,  0x00,
  0x00,  0x00,  0xE7,  0x87,  0x7E,  0x3F,  0xF9,  0xE1,
  0xCF,  0x0E,  0x78,  0x7B,  0x81,  0xDE,  0x0E,  0xF0,
  0xF7,  0x87,  0x3C,  0x39,  0xFF,  0xCF,  0xFC,  0x7B,
  0xC3,  0xC0,  0x1E,  0x00,  0xF0,  0x07,  0x80,  0x3C,
  0x00,  0x00,  0x00
};

const UCHAR abc_fontArialNarrowBold31h_0071[  51] = { /* code 0071 */
  0x00,  0x00,  0x00,  0x00,  0x00,  0x00,  0x00,  0x00,
  0x00,  0x00,  0x00,  0x00,  0x00,  0x00,  0x00,  0x00,
  0x00,  0x00,  0x3E,  0xE3,  0xFF,  0x1F,  0xF9,  0xE3,
  0xCE,  0x0E,  0x70,  0x73,  0x83,  0x9C,  0x1C,  0xE0,
  0xE7,  0x07,  0x3C,  0x78,  0xFF,  0xC7,  0xFE,  0x1F,
  0x70,  0x03,  0x80,  0x1C,  0x00,  0xE0,  0x07,  0x00,
  0x38,  0x00,  0x00
};

const UCHAR abc_fontArialNarrowBold31h_0072[  35] = { /* code 0072 */
  0x00,  0x00,  0x00,  0x00,  0x00,  0x00,  0x00,  0x00,
  0x00,  0x00,  0x00,  0x00,  0x0E,  0xF7,  0x7B,  0xF9,
  0xE4,  0xF0,  0x78,  0x3C,  0x1E,  0x0E,  0x07,  0x03,
  0x81,  0xC0,  0xE0,  0x70,  0x00,  0x00,  0x00,  0x00,
  0x00,  0x00,  0x00
};

const UCHAR abc_fontArialNarrowBold31h_0073[  47] = { /* code 0073 */
  0x00,  0x00,  0x00,  0x00,  0x00,  0x00,  0x00,  0x00,
  0x00,  0x00,  0x00,  0x00,  0x00,  0x00,  0x00,  0x00,
  0x01,  0xF8,  0x3F,  0xC7,  0x9E,  0x70,  0xC7,  0x80,
  0x7F,  0x03,  0xFC,  0x1F,  0xE0,  0x7E,  0x10,  0xE7,
  0x0E,  0x79,  0xE3,  0xFC,  0x1F,  0x80,  0x00,  0x00,
  0x00,  0x00,  0x00,  0x00,  0x00,  0x00,  0x00
};

const UCHAR abc_fontArialNarrowBold31h_0074[  28] = { /* code 0074 */
  0x00,  0x00,  0x00,  0x00,  0x00,  0x02,  0x0C,  0x38,
  0x70,  0xE7,  0xFF,  0xFF,  0xCE,  0x1C,  0x38,  0x70,
  0xE1,  0xC3,  0x87,  0x0F,  0x9F,  0x1E,  0x00,  0x00,
  0x00,  0x00,  0x00,  0x00
};

const UCHAR abc_fontArialNarrowBold31h_0075[  51] = { /* code 0075 */
  0x00,  0x00,  0x00,  0x00,  0x00,  0x00,  0x00,  0x00,
  0x00,  0x00,  0x00,  0x00,  0x00,  0x00,  0x00,  0x00,
  0x00,  0x00,  0x70,  0xE3,  0x87,  0x1C,  0x38,  0xE1,
  0xC7,  0x0E,  0x38,  0x71,  0xC3,  0x8E,  0x1C,  0x70,
  0xE3,  0x87,  0x1C,  0x78,  0xF7,  0xC7,  0xFE,  0x1F,
  0x70,  0x00,  0x00,  0x00,  0x00,  0x00,  0x00,  0x00,
  0x00,  0x00,  0x00
};

const UCHAR abc_fontArialNarrowBold31h_0076[  47] = { /* code 0076 */
  0x00,  0x00,  0x00,  0x00,  0x00,  0x00,  0x00,  0x00,
  0x00,  0x00,  0x00,  0x00,  0x00,  0x00,  0x00,  0x00,
  0x0E,  0x07,  0x70,  0xF7,  0x0E,  0x70,  0xE3,  0x8E,
  0x39,  0xC3,  0x9C,  0x1D,  0xC1,  0xF8,  0x1F,  0x80,
  0xF8,  0x0F,  0x00,  0xF0,  0x07,  0x00,  0x00,  0x00,
  0x00,  0x00,  0x00,  0x00,  0x00,  0x00,  0x00
};

const UCHAR abc_fontArialNarrowBold31h_0077[  66] = { /* code 0077 */
  0x00,  0x00,  0x00,  0x00,  0x00,  0x00,  0x00,  0x00,
  0x00,  0x00,  0x00,  0x00,  0x00,  0x00,  0x00,  0x00,
  0x00,  0x00,  0x00,  0x00,  0x00,  0x00,  0x00,  0x1C,
  0x38,  0x7E,  0x1C,  0x3B,  0x8F,  0x1D,  0xCF,  0x9C,
  0xE7,  0xCE,  0x33,  0xE7,  0x1D,  0xB3,  0x0E,  0xDF,
  0x87,  0xEF,  0xC1,  0xF3,  0xE0,  0xF1,  0xE0,  0x78,
  0xF0,  0x3C,  0x78,  0x0E,  0x3C,  0x00,  0x00,  0x00,
  0x00,  0x00,  0x00,  0x00,  0x00,  0x00,  0x00,  0x00,
  0x00,  0x00
};

const UCHAR abc_fontArialNarrowBold31h_0078[  47] = { /* code 0078 */
  0x00,  0x00,  0x00,  0x00,  0x00,  0x00,  0x00,  0x00,
  0x00,  0x00,  0x00,  0x00,  0x00,  0x00,  0x00,  0x00,
  0x0F,  0x0F,  0x79,  0xE3,  0x9C,  0x3F,  0xC1,  0xF8,
  0x0F,  0x80,  0xF0,  0x0F,  0x01,  0xF8,  0x1F,  0x83,
  0xFC,  0x39,  0xE7,  0x0E,  0xF0,  0xF0,  0x00,  0x00,
  0x00,  0x00,  0x00,  0x00,  0x00,  0x00,  0x00
};

const UCHAR abc_fontArialNarrowBold31h_0079[  47] = { /* code 0079 */
  0x00,  0x00,  0x00,  0x00,  0x00,  0x00,  0x00,  0x00,
  0x00,  0x00,  0x00,  0x00,  0x00,  0x00,  0x00,  0x00,
  0x0F,  0x07,  0x70,  0xE7,  0x0E,  0x70,  0xE3,  0x8E,
  0x39,  0xC3,  0x9C,  0x39,  0xC1,  0xD8,  0x1F,  0x81,
  0xF8,  0x0F,  0x00,  0xF0,  0x0F,  0x00,  0xF0,  0x0E,
  0x01,  0xE0,  0x7E,  0x07,  0xC0,  0x70,  0x00
};

const UCHAR abc_fontArialNarrowBold31h_007A[  43] = { /* code 007A */
  0x00,  0x00,  0x00,  0x00,  0x00,  0x00,  0x00,  0x00,
  0x00,  0x00,  0x00,  0x00,  0x00,  0x00,  0x00,  0x3F,
  0xE7,  0xFC,  0xFF,  0x80,  0xF0,  0x3C,  0x0F,  0x01,
  0xE0,  0x78,  0x1E,  0x03,  0x80,  0xF0,  0x3F,  0xFF,
  0xFF,  0xFF,  0xE0,  0x00,  0x00,  0x00,  0x00,  0x00,
  0x00,  0x00,  0x00
};

const UCHAR abc_fontArialNarrowBold31h_007B[  35] = { /* code 007B */
  0x00,  0x00,  0x00,  0x00,  0x00,  0x00,  0x18,  0x3C,
  0x3E,  0x1F,  0x0E,  0x07,  0x03,  0x81,  0xC0,  0xE0,
  0x70,  0x70,  0x78,  0x38,  0x1C,  0x0F,  0x03,  0x80,
  0xE0,  0x70,  0x38,  0x1C,  0x0E,  0x07,  0x03,  0xC1,
  0xF0,  0x78,  0x0C
};

const UCHAR abc_fontArialNarrowBold31h_007C[  24] = { /* code 007C */
  0x00,  0x00,  0x00,  0x00,  0xC3,  0x0C,  0x30,  0xC3,
  0x0C,  0x30,  0xC3,  0x0C,  0x30,  0xC3,  0x0C,  0x30,
  0xC3,  0x0C,  0x30,  0xC3,  0x0C,  0x30,  0xC3,  0x00
};

const UCHAR abc_fontArialNarrowBold31h_007D[  35] = { /* code 007D */
  0x00,  0x00,  0x00,  0x00,  0x00,  0x07,  0x03,  0xE1,
  0xF0,  0xF8,  0x0C,  0x07,  0x03,  0x81,  0xC0,  0xE0,
  0x70,  0x38,  0x1F,  0x07,  0x83,  0xC3,  0xE1,  0xC0,
  0xE0,  0x70,  0x38,  0x1C,  0x0E,  0x06,  0x0F,  0x0F,
  0x87,  0xC3,  0x80
};

const UCHAR abc_fontArialNarrowBold31h_007E[  51] = { /* code 007E */
  0x00,  0x00,  0x00,  0x00,  0x00,  0x00,  0x00,  0x00,
  0x00,  0x00,  0x00,  0x00,  0x00,  0x00,  0x00,  0x00,
  0x00,  0x00,  0x00,  0x00,  0x00,  0x1E,  0x09,  0xFC,
  0xCF,  0xFE,  0x67,  0xF2,  0x0F,  0x00,  0x00,  0x00,
  0x00,  0x00,  0x00,  0x00,  0x00,  0x00,  0x00,  0x00,
  0x00,  0x00,  0x00,  0x00,  0x00,  0x00,  0x00,  0x00,
  0x00,  0x00,  0x00
};

const UCHAR abc_fontArialNarrowBold31h_00B2[  28] = { /* code 00B2 */
  0x00,  0x00,  0x00,  0x00,  0x00,  0x00,  0x00,  0x00,
  0x00,  0x00,  0x00,  0x00,  0x00,  0x00,  0x00,  0x00,
  0x00,  0x87,  0xCD,  0xF9,  0x87,  0x1C,  0x70,  0xC3,
  0xFF,  0xE0,  0x00,  0x00
};

const UCHAR abc_fontArialNarrowBold31h_00BF[  51] = { /* code 00BF */
  0x00,  0x00,  0x00,  0x00,  0x00,  0x00,  0x00,  0x00,
  0x00,  0x00,  0x00,  0x00,  0x00,  0x00,  0x00,  0x00,
  0x00,  0x00,  0x0E,  0x00,  0x70,  0x03,  0x80,  0x1C,
  0x00,  0x00,  0x07,  0x00,  0x38,  0x01,  0xC0,  0x1E,
  0x01,  0xE0,  0x1E,  0x00,  0xF0,  0x0F,  0x00,  0x70,
  0x43,  0x83,  0x9C,  0x1C,  0x79,  0xE3,  0xFE,  0x0F,
  0xE0,  0x08,  0x00
};

const UCHAR abc_fontArialNarrowBold31h_00C0[  62] = { /* code 00C0 */
  0x07,  0x00,  0x07,  0x00,  0x03,  0x80,  0x01,  0x80,
  0x00,  0x40,  0x00,  0x00,  0x03,  0xC0,  0x03,  0xC0,
  0x07,  0xC0,  0x07,  0xE0,  0x07,  0xE0,  0x0E,  0xE0,
  0x0E,  0x70,  0x0E,  0x70,  0x1E,  0x70,  0x1C,  0x78,
  0x1C,  0x38,  0x3F,  0xF8,  0x3F,  0xFC,  0x3F,  0xFC,
  0x7F,  0xFC,  0x70,  0x1E,  0x70,  0x0E,  0xF0,  0x0E,
  0xF0,  0x0F,  0x00,  0x00,  0x00,  0x00,  0x00,  0x00,
  0x00,  0x00,  0x00,  0x00,  0x00,  0x00
};

const UCHAR abc_fontArialNarrowBold31h_00C1[  62] = { /* code 00C1 */
  0x00,  0xE0,  0x01,  0xC0,  0x01,  0xC0,  0x01,  0x80,
  0x02,  0x00,  0x00,  0x00,  0x03,  0xC0,  0x03,  0xC0,
  0x07,  0xC0,  0x07,  0xE0,  0x07,  0xE0,  0x0E,  0xE0,
  0x0E,  0x70,  0x0E,  0x70,  0x1E,  0x70,  0x1C,  0x78,
  0x1C,  0x38,  0x3F,  0xF8,  0x3F,  0xFC,  0x3F,  0xFC,
  0x7F,  0xFC,  0x70,  0x1E,  0x70,  0x0E,  0xF0,  0x0E,
  0xF0,  0x0F,  0x00,  0x00,  0x00,  0x00,  0x00,  0x00,
  0x00,  0x00,  0x00,  0x00,  0x00,  0x00
};

const UCHAR abc_fontArialNarrowBold31h_00C2[  62] = { /* code 00C2 */
  0x01,  0x80,  0x03,  0xC0,  0x07,  0xE0,  0x06,  0x60,
  0x08,  0x10,  0x00,  0x00,  0x03,  0xC0,  0x03,  0xC0,
  0x07,  0xC0,  0x07,  0xE0,  0x07,  0xE0,  0x0E,  0xE0,
  0x0E,  0x70,  0x0E,  0x70,  0x1E,  0x70,  0x1C,  0x78,
  0x1C,  0x38,  0x3F,  0xF8,  0x3F,  0xFC,  0x3F,  0xFC,
  0x7F,  0xFC,  0x70,  0x1E,  0x70,  0x0E,  0xF0,  0x0E,
  0xF0,  0x0F,  0x00,  0x00,  0x00,  0x00,  0x00,  0x00,
  0x00,  0x00,  0x00,  0x00,  0x00,  0x00
};

const UCHAR abc_fontArialNarrowBold31h_00C3[  62] = { /* code 00C3 */
  0x00,  0x00,  0x07,  0x30,  0x0F,  0xE0,  0x0C,  0xE0,
  0x00,  0x00,  0x00,  0x00,  0x03,  0xC0,  0x03,  0xC0,
  0x07,  0xC0,  0x07,  0xE0,  0x07,  0xE0,  0x0E,  0xE0,
  0x0E,  0x70,  0x0E,  0x70,  0x1E,  0x70,  0x1C,  0x78,
  0x1C,  0x38,  0x3F,  0xF8,  0x3F,  0xFC,  0x3F,  0xFC,
  0x7F,  0xFC,  0x70,  0x1E,  0x70,  0x0E,  0xF0,  0x0E,
  0xF0,  0x0F,  0x00,  0x00,  0x00,  0x00,  0x00,  0x00,
  0x00,  0x00,  0x00,  0x00,  0x00,  0x00
};

const UCHAR abc_fontArialNarrowBold31h_00C4[  62] = { /* code 00C4 */
  0x0E,  0x70,  0x0E,  0x70,  0x0E,  0x70,  0x0E,  0x70,
  0x00,  0x00,  0x00,  0x00,  0x03,  0xC0,  0x03,  0xC0,
  0x07,  0xC0,  0x07,  0xE0,  0x07,  0xE0,  0x0E,  0xE0,
  0x0E,  0x70,  0x0E,  0x70,  0x1E,  0x70,  0x1C,  0x78,
  0x1C,  0x38,  0x3F,  0xF8,  0x3F,  0xFC,  0x3F,  0xFC,
  0x7F,  0xFC,  0x70,  0x1E,  0x70,  0x0E,  0xF0,  0x0E,
  0xF0,  0x0F,  0x00,  0x00,  0x00,  0x00,  0x00,  0x00,
  0x00,  0x00,  0x00,  0x00,  0x00,  0x00
};

const UCHAR abc_fontArialNarrowBold31h_00C5[  62] = { /* code 00C5 */
  0x01,  0x80,  0x02,  0x40,  0x02,  0x40,  0x03,  0xC0,
  0x01,  0x80,  0x00,  0x00,  0x03,  0xC0,  0x03,  0xC0,
  0x07,  0xC0,  0x07,  0xE0,  0x07,  0xE0,  0x0E,  0xE0,
  0x0E,  0x70,  0x0E,  0x70,  0x1E,  0x70,  0x1C,  0x78,
  0x1C,  0x38,  0x3F,  0xF8,  0x3F,  0xFC,  0x3F,  0xFC,
  0x7F,  0xFC,  0x70,  0x1E,  0x70,  0x0E,  0xF0,  0x0E,
  0xF0,  0x0F,  0x00,  0x00,  0x00,  0x00,  0x00,  0x00,
  0x00,  0x00,  0x00,  0x00,  0x00,  0x00
};

const UCHAR abc_fontArialNarrowBold31h_00C6[  86] = { /* code 00C6 */
  0x00,  0x00,  0x00,  0x00,  0x00,  0x00,  0x00,  0x00,
  0x00,  0x00,  0x00,  0x00,  0x00,  0x00,  0x00,  0x00,
  0x00,  0x1F,  0xFF,  0xC0,  0x7F,  0xFF,  0x03,  0xFF,
  0xFC,  0x0E,  0x70,  0x00,  0x39,  0xC0,  0x01,  0xC7,
  0x00,  0x07,  0x1C,  0x00,  0x3C,  0x7F,  0xE0,  0xE1,
  0xFF,  0x83,  0x87,  0xFE,  0x1E,  0x1F,  0xF8,  0x7F,
  0xF0,  0x01,  0xFF,  0xC0,  0x0F,  0xFF,  0x00,  0x38,
  0x1C,  0x01,  0xE0,  0x70,  0x07,  0x81,  0xFF,  0xDC,
  0x07,  0xFF,  0xF0,  0x1F,  0xFC,  0x00,  0x00,  0x00,
  0x00,  0x00,  0x00,  0x00,  0x00,  0x00,  0x00,  0x00,
  0x00,  0x00,  0x00,  0x00,  0x00,  0x00
};

const UCHAR abc_fontArialNarrowBold31h_00C7[  62] = { /* code 00C7 */
  0x00,  0x00,  0x00,  0x00,  0x00,  0x00,  0x00,  0x00,
  0x00,  0x00,  0x01,  0xC0,  0x07,  0xF0,  0x0F,  0xF8,
  0x1F,  0xFC,  0x3C,  0x3C,  0x38,  0x1E,  0x38,  0x08,
  0x78,  0x00,  0x70,  0x00,  0x70,  0x00,  0x70,  0x00,
  0x70,  0x00,  0x70,  0x00,  0x78,  0x08,  0x38,  0x1E,
  0x38,  0x1C,  0x3C,  0x3C,  0x1F,  0xFC,  0x0F,  0xF8,
  0x07,  0xF0,  0x01,  0x80,  0x03,  0xE0,  0x00,  0x60,
  0x00,  0x60,  0x07,  0xC0,  0x07,  0x80
};

const UCHAR abc_fontArialNarrowBold31h_00C8[  59] = { /* code 00C8 */
  0x0F,  0x00,  0x0E,  0x00,  0x0C,  0x00,  0x1C,  0x00,
  0x00,  0x00,  0x00,  0x0F,  0xFE,  0x1F,  0xFC,  0x3F,
  0xF8,  0x70,  0x00,  0xE0,  0x01,  0xC0,  0x03,  0x80,
  0x07,  0xFF,  0x0F,  0xFE,  0x1F,  0xFC,  0x3F,  0xF8,
  0x70,  0x00,  0xE0,  0x01,  0xC0,  0x03,  0x80,  0x07,
  0x00,  0x0F,  0xFF,  0x1F,  0xFE,  0x3F,  0xFC,  0x00,
  0x00,  0x00,  0x00,  0x00,  0x00,  0x00,  0x00,  0x00,
  0x00,  0x00,  0x00
};

const UCHAR abc_fontArialNarrowBold31h_00C9[  59] = { /* code 00C9 */
  0x01,  0xE0,  0x03,  0x80,  0x0E,  0x00,  0x18,  0x00,
  0x00,  0x00,  0x00,  0x0F,  0xFE,  0x1F,  0xFC,  0x3F,
  0xF8,  0x70,  0x00,  0xE0,  0x01,  0xC0,  0x03,  0x80,
  0x07,  0xFF,  0x0F,  0xFE,  0x1F,  0xFC,  0x3F,  0xF8,
  0x70,  0x00,  0xE0,  0x01,  0xC0,  0x03,  0x80,  0x07,
  0x00,  0x0F,  0xFF,  0x1F,  0xFE,  0x3F,  0xFC,  0x00,
  0x00,  0x00,  0x00,  0x00,  0x00,  0x00,  0x00,  0x00,
  0x00,  0x00,  0x00
};

const UCHAR abc_fontArialNarrowBold31h_00CA[  59] = { /* code 00CA */
  0x03,  0x80,  0x0F,  0x00,  0x1F,  0x00,  0x77,  0x00,
  0x00,  0x00,  0x00,  0x0F,  0xFE,  0x1F,  0xFC,  0x3F,
  0xF8,  0x70,  0x00,  0xE0,  0x01,  0xC0,  0x03,  0x80,
  0x07,  0xFF,  0x0F,  0xFE,  0x1F,  0xFC,  0x3F,  0xF8,
  0x70,  0x00,  0xE0,  0x01,  0xC0,  0x03,  0x80,  0x07,
  0x00,  0x0F,  0xFF,  0x1F,  0xFE,  0x3F,  0xFC,  0x00,
  0x00,  0x00,  0x00,  0x00,  0x00,  0x00,  0x00,  0x00,
  0x00,  0x00,  0x00
};

const UCHAR abc_fontArialNarrowBold31h_00CB[  59] = { /* code 00CB */
  0x0C,  0xE0,  0x19,  0xC0,  0x33,  0x80,  0x67,  0x00,
  0x00,  0x00,  0x00,  0x0F,  0xFE,  0x1F,  0xFC,  0x3F,
  0xF8,  0x70,  0x00,  0xE0,  0x01,  0xC0,  0x03,  0x80,
  0x07,  0xFF,  0x0F,  0xFE,  0x1F,  0xFC,  0x3F,  0xF8,
  0x70,  0x00,  0xE0,  0x01,  0xC0,  0x03,  0x80,  0x07,
  0x00,  0x0F,  0xFF,  0x1F,  0xFE,  0x3F,  0xFC,  0x00,
  0x00,  0x00,  0x00,  0x00,  0x00,  0x00,  0x00,  0x00,
  0x00,  0x00,  0x00
};

const UCHAR abc_fontArialNarrowBold31h_00CC[  24] = { /* code 00CC */
  0xE1,  0xC7,  0x0C,  0x08,  0x03,  0x8E,  0x38,  0xE3,
  0x8E,  0x38,  0xE3,  0x8E,  0x38,  0xE3,  0x8E,  0x38,
  0xE3,  0x8E,  0x38,  0x00,  0x00,  0x00,  0x00,  0x00
};

const UCHAR abc_fontArialNarrowBold31h_00CD[  24] = { /* code 00CD */
  0x1C,  0x73,  0x8C,  0x40,  0x03,  0x8E,  0x38,  0xE3,
  0x8E,  0x38,  0xE3,  0x8E,  0x38,  0xE3,  0x8E,  0x38,
  0xE3,  0x8E,  0x38,  0x00,  0x00,  0x00,  0x00,  0x00
};

const UCHAR abc_fontArialNarrowBold31h_00CE[  31] = { /* code 00CE */
  0x1C,  0x3C,  0x3E,  0x66,  0x81,  0x00,  0x1C,  0x1C,
  0x1C,  0x1C,  0x1C,  0x1C,  0x1C,  0x1C,  0x1C,  0x1C,
  0x1C,  0x1C,  0x1C,  0x1C,  0x1C,  0x1C,  0x1C,  0x1C,
  0x1C,  0x00,  0x00,  0x00,  0x00,  0x00,  0x00
};

const UCHAR abc_fontArialNarrowBold31h_00CF[  31] = { /* code 00CF */
  0xE7,  0xE7,  0xE7,  0xE7,  0x00,  0x00,  0x1C,  0x1C,
  0x1C,  0x1C,  0x1C,  0x1C,  0x1C,  0x1C,  0x1C,  0x1C,
  0x1C,  0x1C,  0x1C,  0x1C,  0x1C,  0x1C,  0x1C,  0x1C,
  0x1C,  0x00,  0x00,  0x00,  0x00,  0x00,  0x00
};

const UCHAR abc_fontArialNarrowBold31h_00D1[  62] = { /* code 00D1 */
  0x00,  0x00,  0x07,  0x30,  0x0F,  0xE0,  0x0C,  0xE0,
  0x00,  0x00,  0x00,  0x00,  0x38,  0x1C,  0x3C,  0x1C,
  0x3C,  0x1C,  0x3E,  0x1C,  0x3E,  0x1C,  0x3F,  0x1C,
  0x3F,  0x1C,  0x3F,  0x9C,  0x3B,  0x9C,  0x3B,  0xDC,
  0x39,  0xDC,  0x39,  0xFC,  0x38,  0xFC,  0x38,  0xFC,
  0x38,  0x7C,  0x38,  0x7C,  0x38,  0x3C,  0x38,  0x3C,
  0x38,  0x1C,  0x00,  0x00,  0x00,  0x00,  0x00,  0x00,
  0x00,  0x00,  0x00,  0x00,  0x00,  0x00
};

const UCHAR abc_fontArialNarrowBold31h_00D2[  66] = { /* code 00D2 */
  0x07,  0x80,  0x01,  0xC0,  0x00,  0x70,  0x00,  0x18,
  0x00,  0x00,  0x00,  0x0E,  0x00,  0x1F,  0xE0,  0x3F,
  0xF8,  0x1F,  0xFE,  0x1E,  0x0F,  0x0E,  0x03,  0xCF,
  0x01,  0xE7,  0x80,  0x73,  0x80,  0x39,  0xC0,  0x1C,
  0xE0,  0x0E,  0x70,  0x07,  0x38,  0x03,  0x9E,  0x01,
  0xCF,  0x01,  0xE3,  0xC0,  0xE1,  0xF0,  0xF0,  0x7F,
  0xF0,  0x1F,  0xF8,  0x07,  0xF0,  0x00,  0x00,  0x00,
  0x00,  0x00,  0x00,  0x00,  0x00,  0x00,  0x00,  0x00,
  0x00,  0x00
};

const UCHAR abc_fontArialNarrowBold31h_00D3[  66] = { /* code 00D3 */
  0x00,  0xF0,  0x00,  0x70,  0x00,  0x30,  0x00,  0x38,
  0x00,  0x00,  0x00,  0x0E,  0x00,  0x1F,  0xE0,  0x3F,
  0xF8,  0x1F,  0xFE,  0x1E,  0x0F,  0x0E,  0x03,  0xCF,
  0x01,  0xE7,  0x80,  0x73,  0x80,  0x39,  0xC0,  0x1C,
  0xE0,  0x0E,  0x70,  0x07,  0x38,  0x03,  0x9E,  0x01,
  0xCF,  0x01,  0xE3,  0xC0,  0xE1,  0xF0,  0xF0,  0x7F,
  0xF0,  0x1F,  0xF8,  0x07,  0xF0,  0x00,  0x00,  0x00,
  0x00,  0x00,  0x00,  0x00,  0x00,  0x00,  0x00,  0x00,
  0x00,  0x00
};

const UCHAR abc_fontArialNarrowBold31h_00D4[  66] = { /* code 00D4 */
  0x01,  0xC0,  0x00,  0xF0,  0x00,  0xF8,  0x00,  0xEE,
  0x00,  0x00,  0x00,  0x0E,  0x00,  0x1F,  0xE0,  0x3F,
  0xF8,  0x1F,  0xFE,  0x1E,  0x0F,  0x0E,  0x03,  0xCF,
  0x01,  0xE7,  0x80,  0x73,  0x80,  0x39,  0xC0,  0x1C,
  0xE0,  0x0E,  0x70,  0x07,  0x38,  0x03,  0x9E,  0x01,
  0xCF,  0x01,  0xE3,  0xC0,  0xE1,  0xF0,  0xF0,  0x7F,
  0xF0,  0x1F,  0xF8,  0x07,  0xF0,  0x00,  0x00,  0x00,
  0x00,  0x00,  0x00,  0x00,  0x00,  0x00,  0x00,  0x00,
  0x00,  0x00
};

const UCHAR abc_fontArialNarrowBold31h_00D5[  66] = { /* code 00D5 */
  0x00,  0x00,  0x03,  0xC8,  0x01,  0xFC,  0x00,  0x9E,
  0x00,  0x00,  0x00,  0x0E,  0x00,  0x1F,  0xE0,  0x3F,
  0xF8,  0x1F,  0xFE,  0x1E,  0x0F,  0x0E,  0x03,  0xCF,
  0x01,  0xE7,  0x80,  0x73,  0x80,  0x39,  0xC0,  0x1C,
  0xE0,  0x0E,  0x70,  0x07,  0x38,  0x03,  0x9E,  0x01,
  0xCF,  0x01,  0xE3,  0xC0,  0xE1,  0xF0,  0xF0,  0x7F,
  0xF0,  0x1F,  0xF8,  0x07,  0xF0,  0x00,  0x00,  0x00,
  0x00,  0x00,  0x00,  0x00,  0x00,  0x00,  0x00,  0x00,
  0x00,  0x00
};

const UCHAR abc_fontArialNarrowBold31h_00D6[  66] = { /* code 00D6 */
  0x07,  0x30,  0x03,  0x98,  0x01,  0xCC,  0x00,  0xE6,
  0x00,  0x00,  0x00,  0x0E,  0x00,  0x1F,  0xE0,  0x3F,
  0xF8,  0x1F,  0xFE,  0x1E,  0x0F,  0x0E,  0x03,  0xCF,
  0x01,  0xE7,  0x80,  0x73,  0x80,  0x39,  0xC0,  0x1C,
  0xE0,  0x0E,  0x70,  0x07,  0x38,  0x03,  0x9E,  0x01,
  0xCF,  0x01,  0xE3,  0xC0,  0xE1,  0xF0,  0xF0,  0x7F,
  0xF0,  0x1F,  0xF8,  0x07,  0xF0,  0x00,  0x00,  0x00,
  0x00,  0x00,  0x00,  0x00,  0x00,  0x00,  0x00,  0x00,
  0x00,  0x00
};

const UCHAR abc_fontArialNarrowBold31h_00D8[  82] = { /* code 00D8 */
  0x00,  0x00,  0x00,  0x00,  0x00,  0x00,  0x00,  0x00,
  0x00,  0x00,  0x00,  0x00,  0x00,  0x00,  0xFE,  0x18,
  0x1F,  0xF9,  0xC1,  0xE0,  0xFC,  0x1C,  0x01,  0xC1,
  0xC0,  0x0E,  0x0C,  0x00,  0xD8,  0x60,  0x0C,  0xC6,
  0x00,  0xE3,  0x30,  0x0E,  0x19,  0x80,  0xE0,  0xCC,
  0x0E,  0x06,  0x60,  0xE0,  0x33,  0x06,  0x01,  0x9C,
  0x60,  0x1C,  0x66,  0x00,  0xC3,  0xE0,  0x0E,  0x0E,
  0x00,  0xE0,  0x7C,  0x1E,  0x07,  0xFF,  0xE0,  0x71,
  0xFC,  0x01,  0x00,  0x00,  0x00,  0x00,  0x00,  0x00,
  0x00,  0x00,  0x00,  0x00,  0x00,  0x00,  0x00,  0x00,
  0x00,  0x00
};

const UCHAR abc_fontArialNarrowBold31h_00D9[  62] = { /* code 00D9 */
  0x07,  0x00,  0x07,  0x00,  0x03,  0x80,  0x01,  0x80,
  0x00,  0x40,  0x00,  0x00,  0x38,  0x1C,  0x38,  0x1C,
  0x38,  0x1C,  0x38,  0x1C,  0x38,  0x1C,  0x38,  0x1C,
  0x38,  0x1C,  0x38,  0x1C,  0x38,  0x1C,  0x38,  0x1C,
  0x38,  0x1C,  0x38,  0x1C,  0x38,  0x1C,  0x38,  0x1C,
  0x38,  0x1C,  0x3C,  0x3C,  0x3F,  0xF8,  0x1F,  0xF8,
  0x0F,  0xF0,  0x00,  0x00,  0x00,  0x00,  0x00,  0x00,
  0x00,  0x00,  0x00,  0x00,  0x00,  0x00
};

const UCHAR abc_fontArialNarrowBold31h_00DA[  62] = { /* code 00DA */
  0x00,  0xE0,  0x01,  0xC0,  0x01,  0xC0,  0x01,  0x80,
  0x02,  0x00,  0x00,  0x00,  0x38,  0x1C,  0x38,  0x1C,
  0x38,  0x1C,  0x38,  0x1C,  0x38,  0x1C,  0x38,  0x1C,
  0x38,  0x1C,  0x38,  0x1C,  0x38,  0x1C,  0x38,  0x1C,
  0x38,  0x1C,  0x38,  0x1C,  0x38,  0x1C,  0x38,  0x1C,
  0x38,  0x1C,  0x3C,  0x3C,  0x3F,  0xF8,  0x1F,  0xF8,
  0x0F,  0xF0,  0x00,  0x00,  0x00,  0x00,  0x00,  0x00,
  0x00,  0x00,  0x00,  0x00,  0x00,  0x00
};

const UCHAR abc_fontArialNarrowBold31h_00DB[  62] = { /* code 00DB */
  0x01,  0x80,  0x03,  0xC0,  0x07,  0xE0,  0x06,  0x60,
  0x08,  0x10,  0x00,  0x00,  0x38,  0x1C,  0x38,  0x1C,
  0x38,  0x1C,  0x38,  0x1C,  0x38,  0x1C,  0x38,  0x1C,
  0x38,  0x1C,  0x38,  0x1C,  0x38,  0x1C,  0x38,  0x1C,
  0x38,  0x1C,  0x38,  0x1C,  0x38,  0x1C,  0x38,  0x1C,
  0x38,  0x1C,  0x3C,  0x3C,  0x3F,  0xF8,  0x1F,  0xF8,
  0x0F,  0xF0,  0x00,  0x00,  0x00,  0x00,  0x00,  0x00,
  0x00,  0x00,  0x00,  0x00,  0x00,  0x00
};

const UCHAR abc_fontArialNarrowBold31h_00DC[  62] = { /* code 00DC */
  0x0E,  0x70,  0x0E,  0x70,  0x0E,  0x70,  0x0E,  0x70,
  0x00,  0x00,  0x00,  0x00,  0x38,  0x1C,  0x38,  0x1C,
  0x38,  0x1C,  0x38,  0x1C,  0x38,  0x1C,  0x38,  0x1C,
  0x38,  0x1C,  0x38,  0x1C,  0x38,  0x1C,  0x38,  0x1C,
  0x38,  0x1C,  0x38,  0x1C,  0x38,  0x1C,  0x38,  0x1C,
  0x38,  0x1C,  0x3C,  0x3C,  0x3F,  0xF8,  0x1F,  0xF8,
  0x0F,  0xF0,  0x00,  0x00,  0x00,  0x00,  0x00,  0x00,
  0x00,  0x00,  0x00,  0x00,  0x00,  0x00
};

const UCHAR abc_fontArialNarrowBold31h_00E0[  47] = { /* code 00E0 */
  0x00,  0x00,  0x00,  0x00,  0x00,  0x00,  0x00,  0x01,
  0xC0,  0x0E,  0x00,  0xE0,  0x06,  0x00,  0x10,  0x00,
  0x01,  0xF8,  0x3F,  0xC7,  0xFE,  0x70,  0xE0,  0x0E,
  0x03,  0xE1,  0xFE,  0x3E,  0xE7,  0x8E,  0x70,  0xE7,
  0x0E,  0x7B,  0xE7,  0xFE,  0x3E,  0xF0,  0x00,  0x00,
  0x00,  0x00,  0x00,  0x00,  0x00,  0x00,  0x00
};

const UCHAR abc_fontArialNarrowBold31h_00E1[  47] = { /* code 00E1 */
  0x00,  0x00,  0x00,  0x00,  0x00,  0x00,  0x00,  0x00,
  0x3C,  0x03,  0x80,  0x70,  0x06,  0x00,  0x00,  0x00,
  0x01,  0xF8,  0x3F,  0xC7,  0xFE,  0x70,  0xE0,  0x0E,
  0x03,  0xE1,  0xFE,  0x3E,  0xE7,  0x8E,  0x70,  0xE7,
  0x0E,  0x7B,  0xE7,  0xFE,  0x3E,  0xF0,  0x00,  0x00,
  0x00,  0x00,  0x00,  0x00,  0x00,  0x00,  0x00
};

const UCHAR abc_fontArialNarrowBold31h_00E2[  47] = { /* code 00E2 */
  0x00,  0x00,  0x00,  0x00,  0x00,  0x00,  0x00,  0x00,
  0x70,  0x0F,  0x00,  0xF8,  0x19,  0x80,  0x04,  0x00,
  0x01,  0xF8,  0x3F,  0xC7,  0xFE,  0x70,  0xE0,  0x0E,
  0x03,  0xE1,  0xFE,  0x3E,  0xE7,  0x8E,  0x70,  0xE7,
  0x0E,  0x7B,  0xE7,  0xFE,  0x3E,  0xF0,  0x00,  0x00,
  0x00,  0x00,  0x00,  0x00,  0x00,  0x00,  0x00
};

const UCHAR abc_fontArialNarrowBold31h_00E3[  47] = { /* code 00E3 */
  0x00,  0x00,  0x00,  0x00,  0x00,  0x00,  0x00,  0x00,
  0x00,  0x1C,  0xC1,  0xFC,  0x33,  0x80,  0x00,  0x00,
  0x01,  0xF8,  0x3F,  0xC7,  0xFE,  0x70,  0xE0,  0x0E,
  0x03,  0xE1,  0xFE,  0x3E,  0xE7,  0x8E,  0x70,  0xE7,
  0x0E,  0x7B,  0xE7,  0xFE,  0x3E,  0xF0,  0x00,  0x00,
  0x00,  0x00,  0x00,  0x00,  0x00,  0x00,  0x00
};

const UCHAR abc_fontArialNarrowBold31h_00E4[  47] = { /* code 00E4 */
  0x00,  0x00,  0x00,  0x00,  0x00,  0x00,  0x00,  0x01,
  0x9C,  0x19,  0xC1,  0x9C,  0x19,  0xC0,  0x00,  0x00,
  0x01,  0xF8,  0x3F,  0xC7,  0xFE,  0x70,  0xE0,  0x0E,
  0x03,  0xE1,  0xFE,  0x3E,  0xE7,  0x8E,  0x70,  0xE7,
  0x0E,  0x7B,  0xE7,  0xFE,  0x3E,  0xF0,  0x00,  0x00,
  0x00,  0x00,  0x00,  0x00,  0x00,  0x00,  0x00
};

const UCHAR abc_fontArialNarrowBold31h_00E5[  47] = { /* code 00E5 */
  0x00,  0x00,  0x00,  0x00,  0x00,  0x00,  0x00,  0x00,
  0x70,  0x0D,  0x00,  0x90,  0x0F,  0x00,  0x60,  0x00,
  0x01,  0xF8,  0x3F,  0xC7,  0xFE,  0x70,  0xE0,  0x0E,
  0x03,  0xE1,  0xFE,  0x3E,  0xE7,  0x8E,  0x70,  0xE7,
  0x0E,  0x7B,  0xE7,  0xFE,  0x3E,  0xF0,  0x00,  0x00,
  0x00,  0x00,  0x00,  0x00,  0x00,  0x00,  0x00
};

const UCHAR abc_fontArialNarrowBold31h_00E6[  78] = { /* code 00E6 */
  0x00,  0x00,  0x00,  0x00,  0x00,  0x00,  0x00,  0x00,
  0x00,  0x00,  0x00,  0x00,  0x00,  0x00,  0x00,  0x00,
  0x00,  0x00,  0x00,  0x00,  0x00,  0x00,  0x00,  0x00,
  0x00,  0x00,  0x00,  0x01,  0xF9,  0xF0,  0x3F,  0xFF,
  0x83,  0xFF,  0xFC,  0x70,  0xF1,  0xC0,  0x0E,  0x1C,
  0x03,  0xE0,  0xC1,  0xFF,  0xFE,  0x3E,  0xFF,  0xE7,
  0x8E,  0x00,  0x70,  0xE0,  0x07,  0x0F,  0x1E,  0x79,
  0xFB,  0xC7,  0xFF,  0xF8,  0x3F,  0x1F,  0x00,  0x00,
  0x00,  0x00,  0x00,  0x00,  0x00,  0x00,  0x00,  0x00,
  0x00,  0x00,  0x00,  0x00,  0x00,  0x00
};

const UCHAR abc_fontArialNarrowBold31h_00E7[  47] = { /* code 00E7 */
  0x00,  0x00,  0x00,  0x00,  0x00,  0x00,  0x00,  0x00,
  0x00,  0x00,  0x00,  0x00,  0x00,  0x00,  0x00,  0x00,
  0x00,  0xF8,  0x1F,  0xC3,  0xFE,  0x78,  0xE7,  0x05,
  0x70,  0x07,  0x00,  0x70,  0x07,  0x00,  0x70,  0x77,
  0x8E,  0x3F,  0xE3,  0xFC,  0x1F,  0x80,  0x70,  0x0F,
  0x80,  0x18,  0x01,  0x81,  0xF0,  0x04,  0x00
};

const UCHAR abc_fontArialNarrowBold31h_00E8[  47] = { /* code 00E8 */
  0x00,  0x00,  0x00,  0x00,  0x00,  0x00,  0x00,  0x01,
  0xC0,  0x0E,  0x00,  0xE0,  0x06,  0x00,  0x10,  0x00,
  0x01,  0xF8,  0x3F,  0xC3,  0xFC,  0x70,  0xE7,  0x0E,
  0x70,  0xE7,  0xFE,  0x7F,  0xE7,  0x00,  0x70,  0x07,
  0x0E,  0x3D,  0xE3,  0xFC,  0x1F,  0x80,  0x00,  0x00,
  0x00,  0x00,  0x00,  0x00,  0x00,  0x00,  0x00
};

const UCHAR abc_fontArialNarrowBold31h_00E9[  47] = { /* code 00E9 */
  0x00,  0x00,  0x00,  0x00,  0x00,  0x00,  0x00,  0x00,
  0x38,  0x03,  0x80,  0x70,  0x06,  0x00,  0x00,  0x00,
  0x01,  0xF8,  0x3F,  0xC3,  0xFC,  0x70,  0xE7,  0x0E,
  0x70,  0xE7,  0xFE,  0x7F,  0xE7,  0x00,  0x70,  0x07,
  0x0E,  0x3D,  0xE3,  0xFC,  0x1F,  0x80,  0x00,  0x00,
  0x00,  0x00,  0x00,  0x00,  0x00,  0x00,  0x00
};

const UCHAR abc_fontArialNarrowBold31h_00EA[  47] = { /* code 00EA */
  0x00,  0x00,  0x00,  0x00,  0x00,  0x00,  0x00,  0x00,
  0x70,  0x0F,  0x01,  0xF8,  0x19,  0x82,  0x04,  0x00,
  0x01,  0xF8,  0x3F,  0xC3,  0xFC,  0x70,  0xE7,  0x0E,
  0x70,  0xE7,  0xFE,  0x7F,  0xE7,  0x00,  0x70,  0x07,
  0x0E,  0x3D,  0xE3,  0xFC,  0x1F,  0x80,  0x00,  0x00,
  0x00,  0x00,  0x00,  0x00,  0x00,  0x00,  0x00
};

const UCHAR abc_fontArialNarrowBold31h_00EB[  47] = { /* code 00EB */
  0x00,  0x00,  0x00,  0x00,  0x00,  0x00,  0x00,  0x03,
  0x9C,  0x39,  0xC3,  0x9C,  0x39,  0xC0,  0x00,  0x00,
  0x01,  0xF8,  0x3F,  0xC3,  0xFC,  0x70,  0xE7,  0x0E,
  0x70,  0xE7,  0xFE,  0x7F,  0xE7,  0x00,  0x70,  0x07,
  0x0E,  0x3D,  0xE3,  0xFC,  0x1F,  0x80,  0x00,  0x00,
  0x00,  0x00,  0x00,  0x00,  0x00,  0x00,  0x00
};

const UCHAR abc_fontArialNarrowBold31h_00EC[  24] = { /* code 00EC */
  0x00,  0x00,  0x00,  0x03,  0x87,  0x1C,  0x30,  0x20,
  0x0E,  0x38,  0xE3,  0x8E,  0x38,  0xE3,  0x8E,  0x38,
  0xE3,  0x8E,  0x38,  0x00,  0x00,  0x00,  0x00,  0x00
};

const UCHAR abc_fontArialNarrowBold31h_00ED[  24] = { /* code 00ED */
  0x00,  0x00,  0x00,  0x00,  0x71,  0xCE,  0x30,  0x00,
  0x0E,  0x38,  0xE3,  0x8E,  0x38,  0xE3,  0x8E,  0x38,
  0xE3,  0x8E,  0x38,  0x00,  0x00,  0x00,  0x00,  0x00
};

const UCHAR abc_fontArialNarrowBold31h_00EE[  31] = { /* code 00EE */
  0x00,  0x00,  0x00,  0x00,  0x00,  0x1C,  0x3C,  0x7E,
  0x66,  0x81,  0x00,  0x1C,  0x1C,  0x1C,  0x1C,  0x1C,
  0x1C,  0x1C,  0x1C,  0x1C,  0x1C,  0x1C,  0x1C,  0x1C,
  0x1C,  0x00,  0x00,  0x00,  0x00,  0x00,  0x00
};

const UCHAR abc_fontArialNarrowBold31h_00EF[  31] = { /* code 00EF */
  0x00,  0x00,  0x00,  0x00,  0x00,  0xE7,  0xE7,  0xE7,
  0xE7,  0x00,  0x00,  0x1C,  0x1C,  0x1C,  0x1C,  0x1C,
  0x1C,  0x1C,  0x1C,  0x1C,  0x1C,  0x1C,  0x1C,  0x1C,
  0x1C,  0x00,  0x00,  0x00,  0x00,  0x00,  0x00
};

const UCHAR abc_fontArialNarrowBold31h_00F1[  51] = { /* code 00F1 */
  0x00,  0x00,  0x00,  0x00,  0x00,  0x00,  0x00,  0x00,
  0x00,  0x00,  0x39,  0x83,  0xF8,  0x19,  0xC0,  0x00,
  0x00,  0x00,  0x67,  0x83,  0x7E,  0x1F,  0xF8,  0xE1,
  0xC7,  0x0E,  0x38,  0x71,  0xC3,  0x8E,  0x1C,  0x70,
  0xE3,  0x87,  0x1C,  0x38,  0xE1,  0xC7,  0x0E,  0x38,
  0x70,  0x00,  0x00,  0x00,  0x00,  0x00,  0x00,  0x00,
  0x00,  0x00,  0x00
};

const UCHAR abc_fontArialNarrowBold31h_00F2[  51] = { /* code 00F2 */
  0x00,  0x00,  0x00,  0x00,  0x00,  0x00,  0x00,  0x00,
  0x0F,  0x00,  0x38,  0x00,  0xE0,  0x03,  0x00,  0x00,
  0x00,  0x00,  0x1F,  0x81,  0xFE,  0x1F,  0xF9,  0xE3,
  0xCE,  0x0E,  0x70,  0x7B,  0x81,  0xDC,  0x0E,  0xE0,
  0xF7,  0x07,  0x3C,  0x38,  0xFF,  0xC3,  0xFC,  0x0F,
  0xC0,  0x00,  0x00,  0x00,  0x00,  0x00,  0x00,  0x00,
  0x00,  0x00,  0x00
};

const UCHAR abc_fontArialNarrowBold31h_00F3[  51] = { /* code 00F3 */
  0x00,  0x00,  0x00,  0x00,  0x00,  0x00,  0x00,  0x00,
  0x00,  0xE0,  0x0E,  0x00,  0x70,  0x03,  0x00,  0x20,
  0x00,  0x00,  0x1F,  0x81,  0xFE,  0x1F,  0xF9,  0xE3,
  0xCE,  0x0E,  0x70,  0x7B,  0x81,  0xDC,  0x0E,  0xE0,
  0xF7,  0x07,  0x3C,  0x38,  0xFF,  0xC3,  0xFC,  0x0F,
  0xC0,  0x00,  0x00,  0x00,  0x00,  0x00,  0x00,  0x00,
  0x00,  0x00,  0x00
};

const UCHAR abc_fontArialNarrowBold31h_00F4[  51] = { /* code 00F4 */
  0x00,  0x00,  0x00,  0x00,  0x00,  0x00,  0x00,  0x00,
  0x03,  0x80,  0x1E,  0x01,  0xF0,  0x0C,  0xC0,  0x80,
  0x00,  0x00,  0x1F,  0x81,  0xFE,  0x1F,  0xF9,  0xE3,
  0xCE,  0x0E,  0x70,  0x7B,  0x81,  0xDC,  0x0E,  0xE0,
  0xF7,  0x07,  0x3C,  0x38,  0xFF,  0xC3,  0xFC,  0x0F,
  0xC0,  0x00,  0x00,  0x00,  0x00,  0x00,  0x00,  0x00,
  0x00,  0x00,  0x00
};

const UCHAR abc_fontArialNarrowBold31h_00F5[  51] = { /* code 00F5 */
  0x00,  0x00,  0x00,  0x00,  0x00,  0x00,  0x00,  0x00,
  0x00,  0x00,  0x39,  0x83,  0xF8,  0x19,  0xC0,  0x00,
  0x00,  0x00,  0x1F,  0x81,  0xFE,  0x1F,  0xF9,  0xE3,
  0xCE,  0x0E,  0x70,  0x7B,  0x81,  0xDC,  0x0E,  0xE0,
  0xF7,  0x07,  0x3C,  0x38,  0xFF,  0xC3,  0xFC,  0x0F,
  0xC0,  0x00,  0x00,  0x00,  0x00,  0x00,  0x00,  0x00,
  0x00,  0x00,  0x00
};

const UCHAR abc_fontArialNarrowBold31h_00F6[  51] = { /* code 00F6 */
  0x00,  0x00,  0x00,  0x00,  0x00,  0x00,  0x00,  0x00,
  0x0E,  0x60,  0x73,  0x03,  0x98,  0x1C,  0xC0,  0x00,
  0x00,  0x00,  0x1F,  0x81,  0xFE,  0x1F,  0xF9,  0xE3,
  0xCE,  0x0E,  0x70,  0x7B,  0x81,  0xDC,  0x0E,  0xE0,
  0xF7,  0x07,  0x3C,  0x38,  0xFF,  0xC3,  0xFC,  0x0F,
  0xC0,  0x00,  0x00,  0x00,  0x00,  0x00,  0x00,  0x00,
  0x00,  0x00,  0x00
};

const UCHAR abc_fontArialNarrowBold31h_00F8[  66] = { /* code 00F8 */
  0x00,  0x00,  0x00,  0x00,  0x00,  0x00,  0x00,  0x00,
  0x00,  0x00,  0x00,  0x00,  0x00,  0x00,  0x00,  0x00,
  0x00,  0x00,  0x00,  0x00,  0x02,  0x01,  0xFF,  0x83,
  0xFF,  0x83,  0x83,  0xC1,  0x80,  0xE1,  0xC0,  0xF8,
  0xC0,  0xEC,  0x60,  0xE6,  0x30,  0xE3,  0x18,  0xE1,
  0x8C,  0xE0,  0xC6,  0xE0,  0xE3,  0xE0,  0x60,  0xE0,
  0xF0,  0x7F,  0xF0,  0x6F,  0xE0,  0x10,  0x00,  0x00,
  0x00,  0x00,  0x00,  0x00,  0x00,  0x00,  0x00,  0x00,
  0x00,  0x00
};

const UCHAR abc_fontArialNarrowBold31h_00F9[  51] = { /* code 00F9 */
  0x00,  0x00,  0x00,  0x00,  0x00,  0x00,  0x00,  0x00,
  0x0F,  0x00,  0x38,  0x00,  0xE0,  0x03,  0x00,  0x00,
  0x00,  0x00,  0x70,  0xE3,  0x87,  0x1C,  0x38,  0xE1,
  0xC7,  0x0E,  0x38,  0x71,  0xC3,  0x8E,  0x1C,  0x70,
  0xE3,  0x87,  0x1C,  0x78,  0xF7,  0xC7,  0xFE,  0x1F,
  0x70,  0x00,  0x00,  0x00,  0x00,  0x00,  0x00,  0x00,
  0x00,  0x00,  0x00
};

const UCHAR abc_fontArialNarrowBold31h_00FA[  51] = { /* code 00FA */
  0x00,  0x00,  0x00,  0x00,  0x00,  0x00,  0x00,  0x00,
  0x00,  0xE0,  0x0E,  0x00,  0x60,  0x07,  0x00,  0x00,
  0x00,  0x00,  0x70,  0xE3,  0x87,  0x1C,  0x38,  0xE1,
  0xC7,  0x0E,  0x38,  0x71,  0xC3,  0x8E,  0x1C,  0x70,
  0xE3,  0x87,  0x1C,  0x78,  0xF7,  0xC7,  0xFE,  0x1F,
  0x70,  0x00,  0x00,  0x00,  0x00,  0x00,  0x00,  0x00,
  0x00,  0x00,  0x00
};

const UCHAR abc_fontArialNarrowBold31h_00FB[  51] = { /* code 00FB */
  0x00,  0x00,  0x00,  0x00,  0x00,  0x00,  0x00,  0x00,
  0x03,  0x80,  0x1E,  0x01,  0xF0,  0x1D,  0xC0,  0x00,
  0x00,  0x00,  0x70,  0xE3,  0x87,  0x1C,  0x38,  0xE1,
  0xC7,  0x0E,  0x38,  0x71,  0xC3,  0x8E,  0x1C,  0x70,
  0xE3,  0x87,  0x1C,  0x78,  0xF7,  0xC7,  0xFE,  0x1F,
  0x70,  0x00,  0x00,  0x00,  0x00,  0x00,  0x00,  0x00,
  0x00,  0x00,  0x00
};

const UCHAR abc_fontArialNarrowBold31h_00FC[  51] = { /* code 00FC */
  0x00,  0x00,  0x00,  0x00,  0x00,  0x00,  0x00,  0x00,
  0x0E,  0x60,  0x73,  0x03,  0x98,  0x1C,  0xC0,  0x00,
  0x00,  0x00,  0x70,  0xE3,  0x87,  0x1C,  0x38,  0xE1,
  0xC7,  0x0E,  0x38,  0x71,  0xC3,  0x8E,  0x1C,  0x70,
  0xE3,  0x87,  0x1C,  0x78,  0xF7,  0xC7,  0xFE,  0x1F,
  0x70,  0x00,  0x00,  0x00,  0x00,  0x00,  0x00,  0x00,
  0x00,  0x00,  0x00
};

const UCHAR abc_fontArialNarrowBold31h_0100[  62] = { /* code 0100 */
  0x00,  0x00,  0x00,  0x00,  0x0F,  0xE0,  0x0F,  0xE0,
  0x0F,  0xE0,  0x00,  0x00,  0x03,  0x80,  0x07,  0xC0,
  0x07,  0xC0,  0x07,  0xC0,  0x0E,  0xC0,  0x0E,  0xE0,
  0x0E,  0xE0,  0x0E,  0xE0,  0x1C,  0x70,  0x1C,  0x70,
  0x1C,  0x70,  0x3F,  0xF8,  0x3F,  0xF8,  0x3F,  0xF8,
  0x70,  0x1C,  0x70,  0x1C,  0x70,  0x1C,  0xF0,  0x1E,
  0xE0,  0x0E,  0x00,  0x00,  0x00,  0x00,  0x00,  0x00,
  0x00,  0x00,  0x00,  0x00,  0x00,  0x00
};

const UCHAR abc_fontArialNarrowBold31h_0101[  47] = { /* code 0101 */
  0x00,  0x00,  0x00,  0x00,  0x00,  0x00,  0x00,  0x00,
  0x00,  0x3F,  0x83,  0xF8,  0x3F,  0x80,  0x00,  0x00,
  0x01,  0xF8,  0x3F,  0xC3,  0xFE,  0x78,  0xE3,  0x0E,
  0x01,  0xE1,  0xFE,  0x3F,  0xE7,  0xCE,  0x70,  0xE7,
  0x1E,  0x7F,  0xE3,  0xFE,  0x1E,  0x70,  0x00,  0x00,
  0x00,  0x00,  0x00,  0x00,  0x00,  0x00,  0x00
};

const UCHAR abc_fontArialNarrowBold31h_0103[  59] = { /* code 0103 */
  0x00,  0x00,  0x00,  0x00,  0x00,  0x00,  0x00,  0x00,
  0x00,  0x03,  0x0C,  0x07,  0x38,  0x07,  0xE0,  0x07,
  0x80,  0x00,  0x00,  0x3F,  0x80,  0xFF,  0x83,  0xFF,
  0x8F,  0x1F,  0x1C,  0x1E,  0x00,  0x3C,  0x01,  0xF8,
  0x3F,  0xF0,  0xF9,  0xE3,  0xC3,  0xC7,  0x87,  0x8F,
  0x1F,  0x1F,  0xFE,  0x1F,  0xDC,  0x1F,  0x3C,  0x00,
  0x00,  0x00,  0x00,  0x00,  0x00,  0x00,  0x00,  0x00,
  0x00,  0x00,  0x00
};

const UCHAR abc_fontArialNarrowBold31h_0105[  59] = { /* code 0105 */
  0x00,  0x00,  0x00,  0x00,  0x00,  0x00,  0x00,  0x00,
  0x00,  0x00,  0x00,  0x00,  0x00,  0x00,  0x00,  0x00,
  0x00,  0x00,  0x00,  0x3F,  0x80,  0xFF,  0x83,  0xFF,
  0x8F,  0x1F,  0x1C,  0x1E,  0x00,  0x3C,  0x01,  0xF8,
  0x3F,  0xF0,  0xF9,  0xE3,  0xC3,  0xC7,  0x87,  0x8F,
  0x1F,  0x1F,  0xFE,  0x1F,  0xDC,  0x1F,  0x3C,  0x00,
  0x70,  0x01,  0xC0,  0x03,  0x80,  0x07,  0xC0,  0x07,
  0x80,  0x00,  0x00
};

const UCHAR abc_fontArialNarrowBold31h_0107[  59] = { /* code 0107 */
  0x00,  0x00,  0x00,  0x00,  0x00,  0x00,  0x00,  0x00,
  0x00,  0x00,  0x3C,  0x00,  0xF0,  0x01,  0xC0,  0x07,
  0x00,  0x00,  0x00,  0x1F,  0x80,  0xFF,  0x83,  0xFF,
  0x87,  0x8F,  0x9E,  0x0C,  0x3C,  0x00,  0x78,  0x00,
  0xF0,  0x01,  0xE0,  0x03,  0xC0,  0x07,  0x83,  0x07,
  0x8F,  0x8F,  0xFE,  0x0F,  0xFC,  0x07,  0xE0,  0x00,
  0x00,  0x00,  0x00,  0x00,  0x00,  0x00,  0x00,  0x00,
  0x00,  0x00,  0x00
};

const UCHAR abc_fontArialNarrowBold31h_0110[  78] = { /* code 0110 */
  0x00,  0x00,  0x00,  0x00,  0x00,  0x00,  0x00,  0x00,
  0x00,  0x00,  0x00,  0x00,  0x03,  0xFF,  0xC0,  0x3F,
  0xFF,  0x03,  0xFF,  0xF8,  0x3F,  0xFF,  0x83,  0xC0,
  0x7C,  0x3C,  0x03,  0xC3,  0xC0,  0x3E,  0x3C,  0x01,
  0xE3,  0xC0,  0x1E,  0xFF,  0xE1,  0xEF,  0xFE,  0x1E,
  0x3C,  0x01,  0xE3,  0xC0,  0x1E,  0x3C,  0x01,  0xE3,
  0xC0,  0x3C,  0x3C,  0x07,  0xC3,  0xFF,  0xF8,  0x3F,
  0xFF,  0x83,  0xFF,  0xF0,  0x3F,  0xFC,  0x00,  0x00,
  0x00,  0x00,  0x00,  0x00,  0x00,  0x00,  0x00,  0x00,
  0x00,  0x00,  0x00,  0x00,  0x00,  0x00
};

const UCHAR abc_fontArialNarrowBold31h_0111[  66] = { /* code 0111 */
  0x00,  0x00,  0x00,  0x00,  0x00,  0x00,  0x00,  0x00,
  0x00,  0x00,  0x00,  0x00,  0xF0,  0x00,  0x78,  0x03,
  0xFE,  0x01,  0xFF,  0x00,  0x0F,  0x01,  0xE7,  0x83,
  0xFF,  0xC3,  0xFF,  0xE1,  0xE1,  0xF1,  0xF0,  0xF8,
  0xF0,  0x3C,  0x78,  0x1E,  0x3C,  0x0F,  0x1E,  0x07,
  0x8F,  0x03,  0xC7,  0xC3,  0xE1,  0xE1,  0xF0,  0xFF,
  0xF8,  0x3F,  0xFC,  0x07,  0x9E,  0x00,  0x00,  0x00,
  0x00,  0x00,  0x00,  0x00,  0x00,  0x00,  0x00,  0x00,
  0x00,  0x00
};

const UCHAR abc_fontArialNarrowBold31h_0112[  59] = { /* code 0112 */
  0x00,  0x00,  0x00,  0x00,  0x7F,  0x00,  0xFE,  0x01,
  0xFC,  0x00,  0x00,  0x1F,  0xFE,  0x3F,  0xFC,  0x7F,
  0xF8,  0xE0,  0x01,  0xC0,  0x03,  0x80,  0x07,  0x00,
  0x0E,  0x00,  0x1F,  0xFC,  0x3F,  0xF8,  0x7F,  0xF0,
  0xE0,  0x01,  0xC0,  0x03,  0x80,  0x07,  0x00,  0x0E,
  0x00,  0x1F,  0xFE,  0x3F,  0xFC,  0x7F,  0xF8,  0x00,
  0x00,  0x00,  0x00,  0x00,  0x00,  0x00,  0x00,  0x00,
  0x00,  0x00,  0x00
};

const UCHAR abc_fontArialNarrowBold31h_0113[  47] = { /* code 0113 */
  0x00,  0x00,  0x00,  0x00,  0x00,  0x00,  0x00,  0x00,
  0x00,  0x1F,  0xC1,  0xFC,  0x1F,  0xC0,  0x00,  0x00,
  0x00,  0xF8,  0x1F,  0xC3,  0xFE,  0x38,  0xE7,  0x07,
  0x7F,  0xF7,  0xFF,  0x7F,  0xF7,  0x00,  0x70,  0x63,
  0x8F,  0x3F,  0xE1,  0xFE,  0x0F,  0x80,  0x00,  0x00,
  0x00,  0x00,  0x00,  0x00,  0x00,  0x00,  0x00
};

const UCHAR abc_fontArialNarrowBold31h_0119[  59] = { /* code 0119 */
  0x00,  0x00,  0x00,  0x00,  0x00,  0x00,  0x00,  0x00,
  0x00,  0x00,  0x00,  0x00,  0x00,  0x00,  0x00,  0x00,
  0x00,  0x00,  0x00,  0x1F,  0x00,  0xFF,  0x83,  0xFF,
  0x87,  0x8F,  0x1E,  0x0E,  0x3C,  0x1E,  0x7F,  0xFC,
  0xFF,  0xF9,  0xFF,  0xF3,  0xC0,  0x07,  0x80,  0x07,
  0x86,  0x0F,  0xFF,  0x0F,  0xFC,  0x07,  0xE0,  0x01,
  0xC0,  0x07,  0x00,  0x0E,  0x00,  0x1F,  0x00,  0x1E,
  0x00,  0x00,  0x00
};

const UCHAR abc_fontArialNarrowBold31h_011F[  66] = { /* code 011F */
  0x00,  0x00,  0x00,  0x00,  0x00,  0x00,  0x00,  0x00,
  0x00,  0x00,  0x00,  0x61,  0x80,  0x39,  0xC0,  0x0F,
  0xC0,  0x03,  0xC0,  0x00,  0x00,  0x01,  0xE7,  0x83,
  0xFB,  0xC3,  0xFF,  0xE1,  0xE1,  0xF1,  0xF0,  0xF8,
  0xF0,  0x3C,  0x78,  0x1E,  0x3C,  0x0F,  0x1E,  0x07,
  0x8F,  0x03,  0xC7,  0xC3,  0xE1,  0xE3,  0xF0,  0xFF,
  0xF8,  0x3F,  0xBC,  0x0F,  0x9E,  0x00,  0x0F,  0x18,
  0x0F,  0x8F,  0xFF,  0x83,  0xFF,  0x80,  0x7F,  0x80,
  0x00,  0x00
};

const UCHAR abc_fontArialNarrowBold31h_012B[  28] = { /* code 012B */
  0x00,  0x00,  0x00,  0x00,  0x00,  0x3F,  0xFF,  0xFE,
  0x00,  0x01,  0xC3,  0x87,  0x0E,  0x1C,  0x38,  0x70,
  0xE1,  0xC3,  0x87,  0x0E,  0x1C,  0x38,  0x00,  0x00,
  0x00,  0x00,  0x00,  0x00
};

const UCHAR abc_fontArialNarrowBold31h_0130[  31] = { /* code 0130 */
  0x3C,  0x3C,  0x3C,  0x3C,  0x00,  0x3C,  0x3C,  0x3C,
  0x3C,  0x3C,  0x3C,  0x3C,  0x3C,  0x3C,  0x3C,  0x3C,
  0x3C,  0x3C,  0x3C,  0x3C,  0x3C,  0x3C,  0x3C,  0x3C,
  0x3C,  0x00,  0x00,  0x00,  0x00,  0x00,  0x00
};

const UCHAR abc_fontArialNarrowBold31h_0131[  31] = { /* code 0131 */
  0x00,  0x00,  0x00,  0x00,  0x00,  0x00,  0x00,  0x00,
  0x00,  0x00,  0x3C,  0x3C,  0x3C,  0x3C,  0x3C,  0x3C,
  0x3C,  0x3C,  0x3C,  0x3C,  0x3C,  0x3C,  0x3C,  0x3C,
  0x3C,  0x00,  0x00,  0x00,  0x00,  0x00,  0x00
};

const UCHAR abc_fontArialNarrowBold31h_0141[  66] = { /* code 0141 */
  0x00,  0x00,  0x00,  0x00,  0x00,  0x00,  0x00,  0x00,
  0x00,  0x00,  0x01,  0xE0,  0x00,  0xF0,  0x00,  0x78,
  0x00,  0x3C,  0x40,  0x1E,  0x60,  0x0F,  0x60,  0x07,
  0xE0,  0x03,  0xE0,  0x01,  0xE0,  0x00,  0xF0,  0x00,
  0xF8,  0x00,  0xFC,  0x00,  0x5E,  0x00,  0x0F,  0x00,
  0x07,  0x80,  0x03,  0xC0,  0x01,  0xFF,  0xF8,  0xFF,
  0xFC,  0x7F,  0xFE,  0x3F,  0xFF,  0x00,  0x00,  0x00,
  0x00,  0x00,  0x00,  0x00,  0x00,  0x00,  0x00,  0x00,
  0x00,  0x00
};

const UCHAR abc_fontArialNarrowBold31h_0142[  31] = { /* code 0142 */
  0x00,  0x00,  0x00,  0x00,  0x00,  0x3C,  0x3C,  0x3C,
  0x3C,  0x3C,  0x3C,  0x3D,  0x3F,  0x3E,  0x3C,  0x7C,
  0xFC,  0xBC,  0x3C,  0x3C,  0x3C,  0x3C,  0x3C,  0x3C,
  0x3C,  0x00,  0x00,  0x00,  0x00,  0x00,  0x00
};

const UCHAR abc_fontArialNarrowBold31h_0144[  66] = { /* code 0144 */
  0x00,  0x00,  0x00,  0x00,  0x00,  0x00,  0x00,  0x00,
  0x00,  0x00,  0x00,  0x03,  0xC0,  0x03,  0xC0,  0x01,
  0xC0,  0x01,  0xC0,  0x00,  0x00,  0x0F,  0x3E,  0x07,
  0xBF,  0x83,  0xFF,  0xE1,  0xF1,  0xF0,  0xF0,  0x78,
  0x78,  0x3C,  0x3C,  0x1E,  0x1E,  0x0F,  0x0F,  0x07,
  0x87,  0x83,  0xC3,  0xC1,  0xE1,  0xE0,  0xF0,  0xF0,
  0x78,  0x78,  0x3C,  0x3C,  0x1E,  0x00,  0x00,  0x00,
  0x00,  0x00,  0x00,  0x00,  0x00,  0x00,  0x00,  0x00,
  0x00,  0x00
};

const UCHAR abc_fontArialNarrowBold31h_0146[  66] = { /* code 0146 */
  0x00,  0x00,  0x00,  0x00,  0x00,  0x00,  0x00,  0x00,
  0x00,  0x00,  0x00,  0x00,  0x00,  0x00,  0x00,  0x00,
  0x00,  0x00,  0x00,  0x00,  0x00,  0x0F,  0x3E,  0x07,
  0xBF,  0x83,  0xFF,  0xE1,  0xF1,  0xF0,  0xF0,  0x78,
  0x78,  0x3C,  0x3C,  0x1E,  0x1E,  0x0F,  0x0F,  0x07,
  0x87,  0x83,  0xC3,  0xC1,  0xE1,  0xE0,  0xF0,  0xF0,
  0x78,  0x78,  0x3C,  0x3C,  0x1E,  0x00,  0x00,  0x00,
  0x78,  0x00,  0x3C,  0x00,  0x06,  0x00,  0x07,  0x00,
  0x07,  0x00
};

const UCHAR abc_fontArialNarrowBold31h_015B[  59] = { /* code 015B */
  0x00,  0x00,  0x00,  0x00,  0x00,  0x00,  0x00,  0x00,
  0x00,  0x00,  0x3C,  0x00,  0xF0,  0x01,  0xC0,  0x07,
  0x00,  0x00,  0x00,  0x3F,  0x81,  0xFF,  0xC7,  0xFF,
  0xCF,  0x06,  0x1E,  0x00,  0x3F,  0x00,  0x3F,  0xC0,
  0x3F,  0xE0,  0x1F,  0xE0,  0x07,  0xE0,  0x03,  0xC3,
  0x07,  0x9F,  0xFE,  0x1F,  0xFC,  0x0F,  0xE0,  0x00,
  0x00,  0x00,  0x00,  0x00,  0x00,  0x00,  0x00,  0x00,
  0x00,  0x00,  0x00
};

const UCHAR abc_fontArialNarrowBold31h_015E[  70] = { /* code 015E */
  0x00,  0x00,  0x00,  0x00,  0x00,  0x00,  0x00,  0x00,
  0x00,  0x00,  0x00,  0x00,  0xFC,  0x00,  0xFF,  0xC0,
  0x7F,  0xF8,  0x3F,  0xFE,  0x0F,  0x87,  0xC3,  0xC0,
  0xF0,  0xF8,  0x00,  0x3F,  0xC0,  0x07,  0xFE,  0x00,
  0xFF,  0xE0,  0x0F,  0xFC,  0x00,  0x7F,  0x80,  0x03,
  0xE7,  0x80,  0x79,  0xF0,  0x1E,  0x3E,  0x0F,  0x8F,
  0xFF,  0xC1,  0xFF,  0xF0,  0x3F,  0xF8,  0x03,  0xF8,
  0x00,  0x7C,  0x00,  0x03,  0x80,  0x00,  0xE0,  0x00,
  0x38,  0x00,  0xF8,  0x00,  0x00,  0x00
};

const UCHAR abc_fontArialNarrowBold31h_015F[  59] = { /* code 015F */
  0x00,  0x00,  0x00,  0x00,  0x00,  0x00,  0x00,  0x00,
  0x00,  0x00,  0x00,  0x00,  0x00,  0x00,  0x00,  0x00,
  0x00,  0x00,  0x00,  0x3F,  0x81,  0xFF,  0xC7,  0xFF,
  0xCF,  0x06,  0x1E,  0x00,  0x3F,  0x00,  0x3F,  0xC0,
  0x3F,  0xE0,  0x1F,  0xE0,  0x07,  0xE0,  0x03,  0xC3,
  0x07,  0x9F,  0xFE,  0x1F,  0xFC,  0x0F,  0xE0,  0x0F,
  0x80,  0x03,  0x80,  0x07,  0x00,  0x0E,  0x01,  0xF0,
  0x00,  0x00,  0x00
};

const UCHAR abc_fontArialNarrowBold31h_0161[  59] = { /* code 0161 */
  0x00,  0x00,  0x00,  0x00,  0x00,  0x00,  0x00,  0x00,
  0x00,  0x03,  0x8E,  0x03,  0xB8,  0x03,  0xE0,  0x07,
  0xC0,  0x00,  0x00,  0x3F,  0x81,  0xFF,  0xC7,  0xFF,
  0xCF,  0x06,  0x1E,  0x00,  0x3F,  0x00,  0x3F,  0xC0,
  0x3F,  0xE0,  0x1F,  0xE0,  0x07,  0xE0,  0x03,  0xC3,
  0x07,  0x9F,  0xFE,  0x1F,  0xFC,  0x0F,  0xE0,  0x00,
  0x00,  0x00,  0x00,  0x00,  0x00,  0x00,  0x00,  0x00,
  0x00,  0x00,  0x00
};

const UCHAR abc_fontArialNarrowBold31h_016A[  78] = { /* code 016A */
  0x00,  0x00,  0x00,  0x3F,  0xC0,  0x03,  0xFC,  0x00,
  0x3F,  0xC0,  0x00,  0x00,  0x03,  0xC0,  0x3C,  0x3C,
  0x03,  0xC3,  0xC0,  0x3C,  0x3C,  0x03,  0xC3,  0xC0,
  0x3C,  0x3C,  0x03,  0xC3,  0xC0,  0x3C,  0x3C,  0x03,
  0xC3,  0xC0,  0x3C,  0x3C,  0x03,  0xC3,  0xC0,  0x3C,
  0x3C,  0x03,  0xC3,  0xC0,  0x3C,  0x3C,  0x03,  0xC3,
  0xE0,  0x3C,  0x3F,  0x0F,  0xC1,  0xFF,  0xF8,  0x1F,
  0xFF,  0x80,  0xFF,  0xF0,  0x03,  0xFC,  0x00,  0x00,
  0x00,  0x00,  0x00,  0x00,  0x00,  0x00,  0x00,  0x00,
  0x00,  0x00,  0x00,  0x00,  0x00,  0x00
};

const UCHAR abc_fontArialNarrowBold31h_016B[  66] = { /* code 016B */
  0x00,  0x00,  0x00,  0x00,  0x00,  0x00,  0x00,  0x00,
  0x00,  0x00,  0x00,  0x00,  0x00,  0x1F,  0xE0,  0x0F,
  0xF0,  0x07,  0xF8,  0x00,  0x00,  0x0F,  0x07,  0x87,
  0x83,  0xC3,  0xC1,  0xE1,  0xE0,  0xF0,  0xF0,  0x78,
  0x78,  0x3C,  0x3C,  0x1E,  0x1E,  0x0F,  0x0F,  0x07,
  0x87,  0x83,  0xC3,  0xC1,  0xE1,  0xF1,  0xF0,  0xFF,
  0xF8,  0x3F,  0xFC,  0x0F,  0x9E,  0x00,  0x00,  0x00,
  0x00,  0x00,  0x00,  0x00,  0x00,  0x00,  0x00,  0x00,
  0x00,  0x00
};

const UCHAR abc_fontArialNarrowBold31h_017A[  55] = { /* code 017A */
  0x00,  0x00,  0x00,  0x00,  0x00,  0x00,  0x00,  0x00,
  0x00,  0x07,  0x80,  0x3C,  0x00,  0xE0,  0x07,  0x00,
  0x00,  0x07,  0xFF,  0x9F,  0xFE,  0x7F,  0xF8,  0x01,
  0xE0,  0x0F,  0x00,  0x78,  0x03,  0xC0,  0x1E,  0x00,
  0xF0,  0x07,  0x80,  0x3C,  0x01,  0xE0,  0x07,  0xFF,
  0x9F,  0xFE,  0x7F,  0xF8,  0x00,  0x00,  0x00,  0x00,
  0x00,  0x00,  0x00,  0x00,  0x00,  0x00,  0x00
};

const UCHAR abc_fontArialNarrowBold31h_01AF[  86] = { /* code 01AF */
  0x00,  0x00,  0x00,  0x00,  0x00,  0x00,  0x00,  0x00,
  0x00,  0x00,  0x00,  0x00,  0x00,  0x01,  0xE0,  0x1E,
  0xF7,  0x80,  0x7B,  0xDE,  0x01,  0xEF,  0x78,  0x07,
  0xBD,  0xE0,  0x1E,  0x37,  0x80,  0x78,  0xDE,  0x01,
  0xE6,  0x78,  0x07,  0xF9,  0xE0,  0x1F,  0x87,  0x80,
  0x78,  0x1E,  0x01,  0xE0,  0x78,  0x07,  0x81,  0xE0,
  0x1E,  0x07,  0x80,  0x78,  0x1F,  0x01,  0xE0,  0x7E,
  0x0F,  0x80,  0xFF,  0xFC,  0x03,  0xFF,  0xF0,  0x07,
  0xFF,  0x80,  0x07,  0xF8,  0x00,  0x00,  0x00,  0x00,
  0x00,  0x00,  0x00,  0x00,  0x00,  0x00,  0x00,  0x00,
  0x00,  0x00,  0x00,  0x00,  0x00,  0x00
};

const UCHAR abc_fontArialNarrowBold31h_01B0[  78] = { /* code 01B0 */
  0x00,  0x00,  0x00,  0x00,  0x00,  0x00,  0x00,  0x00,
  0x00,  0x00,  0x00,  0x00,  0x00,  0x00,  0x00,  0x00,
  0x00,  0x00,  0x00,  0x00,  0x00,  0x00,  0x00,  0x00,
  0x00,  0x3C,  0x1E,  0xF3,  0xC1,  0xEF,  0x3C,  0x1E,
  0xF3,  0xC1,  0xEF,  0x3C,  0x1E,  0x33,  0xC1,  0xE3,
  0x3C,  0x1E,  0x63,  0xC1,  0xFE,  0x3C,  0x1F,  0x83,
  0xC1,  0xE0,  0x3C,  0x1E,  0x03,  0xE3,  0xE0,  0x3F,
  0xFE,  0x01,  0xFD,  0xE0,  0x0F,  0x9E,  0x00,  0x00,
  0x00,  0x00,  0x00,  0x00,  0x00,  0x00,  0x00,  0x00,
  0x00,  0x00,  0x00,  0x00,  0x00,  0x00
};

const UCHAR abc_fontArialNarrowBold31h_0219[  59] = { /* code 0219 */
  0x00,  0x00,  0x00,  0x00,  0x00,  0x00,  0x00,  0x00,
  0x00,  0x00,  0x00,  0x00,  0x00,  0x00,  0x00,  0x00,
  0x00,  0x00,  0x00,  0x3F,  0x81,  0xFF,  0xC7,  0xFF,
  0xCF,  0x06,  0x1E,  0x00,  0x3F,  0x00,  0x3F,  0xC0,
  0x3F,  0xE0,  0x1F,  0xE0,  0x07,  0xE0,  0x03,  0xC3,
  0x07,  0x9F,  0xFE,  0x1F,  0xFC,  0x0F,  0xE0,  0x00,
  0x00,  0x0F,  0x00,  0x1E,  0x00,  0x0C,  0x00,  0x38,
  0x00,  0xE0,  0x00
};

const UCHAR abc_fontArialNarrowBold31h_021B[  35] = { /* code 021B */
  0x00,  0x00,  0x00,  0x00,  0x00,  0x00,  0x20,  0x70,
  0x78,  0x3C,  0x1E,  0x3F,  0xFF,  0xFF,  0xF9,  0xE0,
  0xF0,  0x78,  0x3C,  0x1E,  0x0F,  0x07,  0x83,  0xC1,
  0xE0,  0xFE,  0x3F,  0x0F,  0x80,  0x03,  0xC1,  0xE0,
  0x30,  0x38,  0x38
};

const UCHAR abc_fontArialNarrowBold31h_0386[  62] = { /* code 0386 */
  0x00,  0x00,  0x00,  0x00,  0x00,  0x00,  0x00,  0x00,
  0x00,  0x00,  0x00,  0x00,  0x7B,  0x80,  0x77,  0xC0,
  0x67,  0xC0,  0xC7,  0xC0,  0x0E,  0xC0,  0x0E,  0xE0,
  0x0E,  0xE0,  0x0E,  0xE0,  0x1C,  0x70,  0x1C,  0x70,
  0x1C,  0x70,  0x3F,  0xF8,  0x3F,  0xF8,  0x3F,  0xF8,
  0x70,  0x1C,  0x70,  0x1C,  0x70,  0x1C,  0xF0,  0x1E,
  0xE0,  0x0E,  0x00,  0x00,  0x00,  0x00,  0x00,  0x00,
  0x00,  0x00,  0x00,  0x00,  0x00,  0x00
};

const UCHAR abc_fontArialNarrowBold31h_0388[  74] = { /* code 0388 */
  0x00,  0x00,  0x00,  0x00,  0x00,  0x00,  0x00,  0x00,
  0x00,  0x00,  0x00,  0x00,  0x00,  0x00,  0x1E,  0xFF,
  0xF3,  0x9F,  0xFE,  0x63,  0xFF,  0xD8,  0x70,  0x00,
  0x0E,  0x00,  0x01,  0xC0,  0x00,  0x38,  0x00,  0x07,
  0x00,  0x00,  0xFF,  0xE0,  0x1F,  0xFC,  0x03,  0xFF,
  0x80,  0x70,  0x00,  0x0E,  0x00,  0x01,  0xC0,  0x00,
  0x38,  0x00,  0x07,  0x00,  0x00,  0xFF,  0xF0,  0x1F,
  0xFE,  0x03,  0xFF,  0xC0,  0x00,  0x00,  0x00,  0x00,
  0x00,  0x00,  0x00,  0x00,  0x00,  0x00,  0x00,  0x00,
  0x00,  0x00
};

const UCHAR abc_fontArialNarrowBold31h_0391[  62] = { /* code 0391 */
  0x00,  0x00,  0x00,  0x00,  0x00,  0x00,  0x00,  0x00,
  0x00,  0x00,  0x00,  0x00,  0x03,  0x80,  0x07,  0xC0,
  0x07,  0xC0,  0x07,  0xC0,  0x0E,  0xC0,  0x0E,  0xE0,
  0x0E,  0xE0,  0x0E,  0xE0,  0x1C,  0x70,  0x1C,  0x70,
  0x1C,  0x70,  0x3F,  0xF8,  0x3F,  0xF8,  0x3F,  0xF8,
  0x70,  0x1C,  0x70,  0x1C,  0x70,  0x1C,  0xF0,  0x1E,
  0xE0,  0x0E,  0x00,  0x00,  0x00,  0x00,  0x00,  0x00,
  0x00,  0x00,  0x00,  0x00,  0x00,  0x00
};

const UCHAR abc_fontArialNarrowBold31h_0392[  62] = { /* code 0392 */
  0x00,  0x00,  0x00,  0x00,  0x00,  0x00,  0x00,  0x00,
  0x00,  0x00,  0x00,  0x00,  0x7F,  0xE0,  0x7F,  0xF8,
  0x7F,  0xF8,  0x70,  0x3C,  0x70,  0x1C,  0x70,  0x1C,
  0x70,  0x1C,  0x70,  0x38,  0x7F,  0xF8,  0x7F,  0xF0,
  0x7F,  0xF8,  0x70,  0x3C,  0x70,  0x1C,  0x70,  0x1C,
  0x70,  0x1C,  0x70,  0x3C,  0x7F,  0xF8,  0x7F,  0xF8,
  0x7F,  0xE0,  0x00,  0x00,  0x00,  0x00,  0x00,  0x00,
  0x00,  0x00,  0x00,  0x00,  0x00,  0x00
};

const UCHAR abc_fontArialNarrowBold31h_0393[  62] = { /* code 0393 */
  0x00,  0x00,  0x00,  0x00,  0x00,  0x00,  0x00,  0x00,
  0x00,  0x00,  0x3F,  0xFE,  0x3F,  0xFE,  0x3F,  0xFE,
  0x3F,  0xFE,  0x3C,  0x00,  0x3C,  0x00,  0x3C,  0x00,
  0x3C,  0x00,  0x3C,  0x00,  0x3C,  0x00,  0x3C,  0x00,
  0x3C,  0x00,  0x3C,  0x00,  0x3C,  0x00,  0x3C,  0x00,
  0x3C,  0x00,  0x3C,  0x00,  0x3C,  0x00,  0x3C,  0x00,
  0x3C,  0x00,  0x00,  0x00,  0x00,  0x00,  0x00,  0x00,
  0x00,  0x00,  0x00,  0x00,  0x00,  0x00
};

const UCHAR abc_fontArialNarrowBold31h_0394[  62] = { /* code 0394 */
  0x00,  0x00,  0x00,  0x00,  0x00,  0x00,  0x00,  0x00,
  0x00,  0x00,  0x00,  0x00,  0x03,  0x80,  0x07,  0xC0,
  0x07,  0xC0,  0x07,  0xC0,  0x0E,  0xE0,  0x0E,  0xE0,
  0x0E,  0xE0,  0x1C,  0x70,  0x1C,  0x70,  0x1C,  0x70,
  0x38,  0x78,  0x38,  0x38,  0x38,  0x38,  0x78,  0x38,
  0x70,  0x1C,  0x70,  0x1C,  0x7F,  0xFC,  0xFF,  0xFE,
  0xFF,  0xFE,  0x00,  0x00,  0x00,  0x00,  0x00,  0x00,
  0x00,  0x00,  0x00,  0x00,  0x00,  0x00
};

const UCHAR abc_fontArialNarrowBold31h_0395[  59] = { /* code 0395 */
  0x00,  0x00,  0x00,  0x00,  0x00,  0x00,  0x00,  0x00,
  0x00,  0x00,  0x00,  0x1F,  0xFE,  0x3F,  0xFC,  0x7F,
  0xF8,  0xE0,  0x01,  0xC0,  0x03,  0x80,  0x07,  0x00,
  0x0E,  0x00,  0x1F,  0xFC,  0x3F,  0xF8,  0x7F,  0xF0,
  0xE0,  0x01,  0xC0,  0x03,  0x80,  0x07,  0x00,  0x0E,
  0x00,  0x1F,  0xFE,  0x3F,  0xFC,  0x7F,  0xF8,  0x00,
  0x00,  0x00,  0x00,  0x00,  0x00,  0x00,  0x00,  0x00,
  0x00,  0x00,  0x00
};

const UCHAR abc_fontArialNarrowBold31h_0397[  62] = { /* code 0397 */
  0x00,  0x00,  0x00,  0x00,  0x00,  0x00,  0x00,  0x00,
  0x00,  0x00,  0x00,  0x00,  0x70,  0x1C,  0x70,  0x1C,
  0x70,  0x1C,  0x70,  0x1C,  0x70,  0x1C,  0x70,  0x1C,
  0x70,  0x1C,  0x70,  0x1C,  0x7F,  0xFC,  0x7F,  0xFC,
  0x7F,  0xFC,  0x70,  0x1C,  0x70,  0x1C,  0x70,  0x1C,
  0x70,  0x1C,  0x70,  0x1C,  0x70,  0x1C,  0x70,  0x1C,
  0x70,  0x1C,  0x00,  0x00,  0x00,  0x00,  0x00,  0x00,
  0x00,  0x00,  0x00,  0x00,  0x00,  0x00
};

const UCHAR abc_fontArialNarrowBold31h_0399[  24] = { /* code 0399 */
  0x00,  0x00,  0x00,  0x00,  0x07,  0x1C,  0x71,  0xC7,
  0x1C,  0x71,  0xC7,  0x1C,  0x71,  0xC7,  0x1C,  0x71,
  0xC7,  0x1C,  0x70,  0x00,  0x00,  0x00,  0x00,  0x00
};

const UCHAR abc_fontArialNarrowBold31h_039A[  62] = { /* code 039A */
  0x00,  0x00,  0x00,  0x00,  0x00,  0x00,  0x00,  0x00,
  0x00,  0x00,  0x00,  0x00,  0x70,  0x1E,  0x70,  0x3C,
  0x70,  0x38,  0x70,  0x70,  0x70,  0xE0,  0x71,  0xE0,
  0x73,  0xC0,  0x77,  0x80,  0x7F,  0xC0,  0x7F,  0xC0,
  0x7D,  0xE0,  0x78,  0xE0,  0x70,  0xF0,  0x70,  0x70,
  0x70,  0x38,  0x70,  0x3C,  0x70,  0x1C,  0x70,  0x1E,
  0x70,  0x0E,  0x00,  0x00,  0x00,  0x00,  0x00,  0x00,
  0x00,  0x00,  0x00,  0x00,  0x00,  0x00
};

const UCHAR abc_fontArialNarrowBold31h_039C[  70] = { /* code 039C */
  0x00,  0x00,  0x00,  0x00,  0x00,  0x00,  0x00,  0x00,
  0x00,  0x00,  0x00,  0x00,  0x00,  0x07,  0xC1,  0xF1,
  0xF0,  0x7C,  0x7E,  0x3F,  0x1F,  0x8F,  0xC7,  0xE3,
  0xF1,  0xF8,  0xFC,  0x76,  0x37,  0x1D,  0x8D,  0xC7,
  0x77,  0x71,  0xDD,  0xDC,  0x77,  0x77,  0x1D,  0xDD,
  0xC7,  0x36,  0x71,  0xCD,  0x9C,  0x73,  0xE7,  0x1C,
  0xF9,  0xC7,  0x3E,  0x71,  0xCF,  0x9C,  0x71,  0xC7,
  0x00,  0x00,  0x00,  0x00,  0x00,  0x00,  0x00,  0x00,
  0x00,  0x00,  0x00,  0x00,  0x00,  0x00
};

const UCHAR abc_fontArialNarrowBold31h_039D[  62] = { /* code 039D */
  0x00,  0x00,  0x00,  0x00,  0x00,  0x00,  0x00,  0x00,
  0x00,  0x00,  0x00,  0x00,  0x70,  0x1C,  0x78,  0x1C,
  0x78,  0x1C,  0x7C,  0x1C,  0x7C,  0x1C,  0x7E,  0x1C,
  0x7E,  0x1C,  0x77,  0x1C,  0x77,  0x1C,  0x73,  0x9C,
  0x73,  0x9C,  0x71,  0xDC,  0x71,  0xDC,  0x70,  0xFC,
  0x70,  0xFC,  0x70,  0x7C,  0x70,  0x7C,  0x70,  0x3C,
  0x70,  0x3C,  0x00,  0x00,  0x00,  0x00,  0x00,  0x00,
  0x00,  0x00,  0x00,  0x00,  0x00,  0x00
};

const UCHAR abc_fontArialNarrowBold31h_039E[  55] = { /* code 039E */
  0x00,  0x00,  0x00,  0x00,  0x00,  0x00,  0x00,  0x00,
  0x00,  0x00,  0x07,  0xFF,  0x1F,  0xFC,  0x7F,  0xF0,
  0x00,  0x00,  0x00,  0x00,  0x00,  0x00,  0x00,  0x00,
  0x03,  0xFE,  0x0F,  0xF8,  0x3F,  0xE0,  0x00,  0x00,
  0x00,  0x00,  0x00,  0x00,  0x00,  0x00,  0x07,  0xFF,
  0x1F,  0xFC,  0x7F,  0xF0,  0x00,  0x00,  0x00,  0x00,
  0x00,  0x00,  0x00,  0x00,  0x00,  0x00,  0x00
};

const UCHAR abc_fontArialNarrowBold31h_039F[  66] = { /* code 039F */
  0x00,  0x00,  0x00,  0x00,  0x00,  0x00,  0x00,  0x00,
  0x00,  0x00,  0x00,  0x00,  0x00,  0x0F,  0x80,  0x1F,
  0xF0,  0x1F,  0xFC,  0x1F,  0x0F,  0x0E,  0x03,  0x87,
  0x01,  0xC7,  0x00,  0x73,  0x80,  0x39,  0xC0,  0x1C,
  0xE0,  0x0E,  0x70,  0x07,  0x38,  0x03,  0x9C,  0x01,
  0xC7,  0x01,  0xC3,  0x80,  0xE1,  0xF1,  0xF0,  0x7F,
  0xF0,  0x1F,  0xF0,  0x03,  0xE0,  0x00,  0x00,  0x00,
  0x00,  0x00,  0x00,  0x00,  0x00,  0x00,  0x00,  0x00,
  0x00,  0x00
};

const UCHAR abc_fontArialNarrowBold31h_03A0[  62] = { /* code 03A0 */
  0x00,  0x00,  0x00,  0x00,  0x00,  0x00,  0x00,  0x00,
  0x00,  0x00,  0x00,  0x00,  0x7F,  0xFC,  0x7F,  0xFC,
  0x7F,  0xFC,  0x70,  0x1C,  0x70,  0x1C,  0x70,  0x1C,
  0x70,  0x1C,  0x70,  0x1C,  0x70,  0x1C,  0x70,  0x1C,
  0x70,  0x1C,  0x70,  0x1C,  0x70,  0x1C,  0x70,  0x1C,
  0x70,  0x1C,  0x70,  0x1C,  0x70,  0x1C,  0x70,  0x1C,
  0x70,  0x1C,  0x00,  0x00,  0x00,  0x00,  0x00,  0x00,
  0x00,  0x00,  0x00,  0x00,  0x00,  0x00
};

const UCHAR abc_fontArialNarrowBold31h_03A1[  59] = { /* code 03A1 */
  0x00,  0x00,  0x00,  0x00,  0x00,  0x00,  0x00,  0x00,
  0x00,  0x00,  0x00,  0x0F,  0xF8,  0x1F,  0xFC,  0x3F,
  0xF8,  0x70,  0x78,  0xE0,  0x71,  0xC0,  0xE3,  0x81,
  0xC7,  0x03,  0x8E,  0x0F,  0x1F,  0xFC,  0x3F,  0xF0,
  0x7F,  0xC0,  0xE0,  0x01,  0xC0,  0x03,  0x80,  0x07,
  0x00,  0x0E,  0x00,  0x1C,  0x00,  0x38,  0x00,  0x00,
  0x00,  0x00,  0x00,  0x00,  0x00,  0x00,  0x00,  0x00,
  0x00,  0x00,  0x00
};

const UCHAR abc_fontArialNarrowBold31h_03A3[  62] = { /* code 03A3 */
  0x00,  0x00,  0x00,  0x00,  0x00,  0x00,  0x00,  0x00,
  0x00,  0x00,  0x7F,  0xFE,  0x7F,  0xFE,  0x7F,  0xFE,
  0x7F,  0xFE,  0x7E,  0x00,  0x3E,  0x00,  0x1F,  0x00,
  0x0F,  0x80,  0x07,  0xC0,  0x03,  0xE0,  0x07,  0xC0,
  0x07,  0x80,  0x0F,  0x80,  0x1F,  0x00,  0x3E,  0x00,
  0x7C,  0x00,  0x7F,  0xFE,  0x7F,  0xFE,  0x7F,  0xFE,
  0x7F,  0xFE,  0x00,  0x00,  0x00,  0x00,  0x00,  0x00,
  0x00,  0x00,  0x00,  0x00,  0x00,  0x00
};

const UCHAR abc_fontArialNarrowBold31h_03A5[  59] = { /* code 03A5 */
  0x00,  0x00,  0x00,  0x00,  0x00,  0x00,  0x00,  0x00,
  0x00,  0x00,  0x00,  0x3C,  0x07,  0xB8,  0x0E,  0x78,
  0x3C,  0x70,  0x70,  0xF1,  0xE0,  0xE3,  0x80,  0xEF,
  0x01,  0xDC,  0x01,  0xF0,  0x03,  0xE0,  0x03,  0x80,
  0x07,  0x00,  0x0E,  0x00,  0x1C,  0x00,  0x38,  0x00,
  0x70,  0x00,  0xE0,  0x01,  0xC0,  0x03,  0x80,  0x00,
  0x00,  0x00,  0x00,  0x00,  0x00,  0x00,  0x00,  0x00,
  0x00,  0x00,  0x00
};

const UCHAR abc_fontArialNarrowBold31h_03AC[  55] = { /* code 03AC */
  0x00,  0x00,  0x00,  0x00,  0x00,  0x00,  0x00,  0x00,
  0x00,  0x00,  0x00,  0x70,  0x01,  0x80,  0x0C,  0x00,
  0x00,  0x00,  0x00,  0x03,  0xCE,  0x1F,  0xB8,  0xFF,
  0xC3,  0x8F,  0x1C,  0x1C,  0x70,  0x71,  0xC1,  0xC7,
  0x07,  0x1C,  0x1C,  0x70,  0x70,  0xE3,  0xC3,  0xFF,
  0x07,  0xEE,  0x0F,  0x38,  0x00,  0x00,  0x00,  0x00,
  0x00,  0x00,  0x00,  0x00,  0x00,  0x00,  0x00
};

const UCHAR abc_fontArialNarrowBold31h_03AD[  43] = { /* code 03AD */
  0x00,  0x00,  0x00,  0x00,  0x00,  0x00,  0x00,  0x00,
  0x03,  0x80,  0x60,  0x18,  0x00,  0x00,  0x00,  0x0F,
  0xE3,  0xFE,  0xFF,  0x9C,  0x33,  0x80,  0x3F,  0x03,
  0xE0,  0xFC,  0x3C,  0x07,  0x00,  0xE1,  0x1F,  0xF1,
  0xFF,  0x1F,  0x80,  0x00,  0x00,  0x00,  0x00,  0x00,
  0x00,  0x00,  0x00
};

const UCHAR abc_fontArialNarrowBold31h_03AE[  55] = { /* code 03AE */
  0x00,  0x00,  0x00,  0x00,  0x00,  0x00,  0x00,  0x00,
  0x00,  0x00,  0x00,  0x38,  0x00,  0xC0,  0x06,  0x00,
  0x00,  0x00,  0x00,  0x0E,  0x70,  0x3B,  0xE0,  0xFF,
  0xC3,  0xCF,  0x0E,  0x1C,  0x38,  0x70,  0xE1,  0xC3,
  0x87,  0x0E,  0x1C,  0x38,  0x70,  0xE1,  0xC3,  0x87,
  0x0E,  0x1C,  0x38,  0x70,  0x01,  0xC0,  0x07,  0x00,
  0x1C,  0x00,  0x70,  0x01,  0xC0,  0x00,  0x00
};

const UCHAR abc_fontArialNarrowBold31h_03AF[  24] = { /* code 03AF */
  0x00,  0x00,  0x00,  0x00,  0x07,  0x18,  0xC0,  0x00,
  0x1C,  0x71,  0xC7,  0x1C,  0x71,  0xC7,  0x1C,  0x71,
  0xC7,  0x1C,  0x70,  0x00,  0x00,  0x00,  0x00,  0x00
};

const UCHAR abc_fontArialNarrowBold31h_03B1[  66] = { /* code 03B1 */
  0x00,  0x00,  0x00,  0x00,  0x00,  0x00,  0x00,  0x00,
  0x00,  0x00,  0x00,  0x00,  0x00,  0x00,  0x00,  0x00,
  0x00,  0x00,  0x00,  0x00,  0x00,  0x01,  0xF1,  0xC3,
  0xFD,  0xC3,  0xFF,  0xE1,  0xE3,  0xF1,  0xF0,  0xF8,
  0xF0,  0x38,  0x78,  0x1C,  0x3C,  0x0E,  0x1E,  0x07,
  0x0F,  0x03,  0x83,  0xC3,  0xC1,  0xF1,  0xF0,  0x7F,
  0xF8,  0x3F,  0xDC,  0x07,  0xC7,  0x00,  0x00,  0x00,
  0x00,  0x00,  0x00,  0x00,  0x00,  0x00,  0x00,  0x00,
  0x00,  0x00
};

const UCHAR abc_fontArialNarrowBold31h_03B2[  55] = { /* code 03B2 */
  0x00,  0x00,  0x00,  0x00,  0x00,  0x00,  0x00,  0x00,
  0x00,  0x00,  0x00,  0x78,  0x07,  0xF8,  0x1F,  0xF0,
  0xF3,  0xC3,  0x87,  0x0E,  0x1C,  0x38,  0x70,  0xE3,
  0x83,  0xB8,  0x0E,  0xF8,  0x38,  0xF0,  0xE1,  0xE3,
  0x83,  0x8E,  0x0E,  0x3C,  0x38,  0xF1,  0xE3,  0xFF,
  0x0E,  0xFC,  0x39,  0xE0,  0xE0,  0x03,  0x80,  0x0E,
  0x00,  0x38,  0x00,  0xE0,  0x00,  0x00,  0x00
};

const UCHAR abc_fontArialNarrowBold31h_03B3[  47] = { /* code 03B3 */
  0x00,  0x00,  0x00,  0x00,  0x00,  0x00,  0x00,  0x00,
  0x00,  0x00,  0x00,  0x00,  0x00,  0x00,  0x00,  0x00,
  0x0E,  0x0E,  0xE0,  0xE6,  0x0C,  0x71,  0xC7,  0x1C,
  0x71,  0xC3,  0xB8,  0x3B,  0x83,  0xB8,  0x1B,  0x01,
  0xF0,  0x1F,  0x00,  0xE0,  0x0E,  0x00,  0xE0,  0x0E,
  0x00,  0xE0,  0x0E,  0x00,  0xE0,  0x00,  0x00
};

const UCHAR abc_fontArialNarrowBold31h_03B4[  62] = { /* code 03B4 */
  0x00,  0x00,  0x00,  0x00,  0x00,  0x00,  0x00,  0x00,
  0x00,  0x00,  0x3F,  0xFC,  0x3F,  0xFC,  0x3F,  0xFC,
  0x1F,  0x00,  0x07,  0x80,  0x0F,  0xC0,  0x1F,  0xF0,
  0x3F,  0xF8,  0x3E,  0x7C,  0x7C,  0x3C,  0x78,  0x1E,
  0x78,  0x1E,  0x78,  0x1E,  0x78,  0x1E,  0x78,  0x1E,
  0x3C,  0x3E,  0x3C,  0x7C,  0x1F,  0xF8,  0x0F,  0xF8,
  0x07,  0xE0,  0x00,  0x00,  0x00,  0x00,  0x00,  0x00,
  0x00,  0x00,  0x00,  0x00,  0x00,  0x00
};

const UCHAR abc_fontArialNarrowBold31h_03B5[  51] = { /* code 03B5 */
  0x00,  0x00,  0x00,  0x00,  0x00,  0x00,  0x00,  0x00,
  0x00,  0x00,  0x00,  0x00,  0x00,  0x00,  0x00,  0x00,
  0x03,  0xF0,  0x3F,  0xE3,  0xFE,  0x1E,  0x20,  0xF0,
  0x07,  0xC0,  0x1F,  0x80,  0x7C,  0x0F,  0xE0,  0xF8,
  0x07,  0x80,  0x3C,  0x31,  0xFF,  0xC7,  0xFF,  0x0F,
  0xE0,  0x00,  0x00,  0x00,  0x00,  0x00,  0x00,  0x00,
  0x00,  0x00,  0x00
};

const UCHAR abc_fontArialNarrowBold31h_03B7[  55] = { /* code 03B7 */
  0x00,  0x00,  0x00,  0x00,  0x00,  0x00,  0x00,  0x00,
  0x00,  0x00,  0x00,  0x00,  0x00,  0x00,  0x00,  0x00,
  0x00,  0x00,  0x00,  0x0E,  0x70,  0x3B,  0xE0,  0xFF,
  0xC3,  0xCF,  0x0E,  0x1C,  0x38,  0x70,  0xE1,  0xC3,
  0x87,  0x0E,  0x1C,  0x38,  0x70,  0xE1,  0xC3,  0x87,
  0x0E,  0x1C,  0x38,  0x70,  0x01,  0xC0,  0x07,  0x00,
  0x1C,  0x00,  0x70,  0x01,  0xC0,  0x00,  0x00
};

const UCHAR abc_fontArialNarrowBold31h_03B8[  47] = { /* code 03B8 */
  0x00,  0x00,  0x00,  0x00,  0x00,  0x00,  0x00,  0x00,
  0x00,  0x0F,  0x01,  0xF8,  0x3F,  0xC3,  0x9C,  0x70,
  0xE7,  0x0E,  0x70,  0xE7,  0x0E,  0x7F,  0xE7,  0xFE,
  0x7F,  0xE7,  0x0E,  0x70,  0xE7,  0x0E,  0x70,  0xE3,
  0x9C,  0x3F,  0xC1,  0xF8,  0x0F,  0x00,  0x00,  0x00,
  0x00,  0x00,  0x00,  0x00,  0x00,  0x00,  0x00
};

const UCHAR abc_fontArialNarrowBold31h_03B9[  24] = { /* code 03B9 */
  0x00,  0x00,  0x00,  0x00,  0x00,  0x00,  0x00,  0x00,
  0x1C,  0x71,  0xC7,  0x1C,  0x71,  0xC7,  0x1C,  0x71,
  0xC7,  0x1C,  0x70,  0x00,  0x00,  0x00,  0x00,  0x00
};

const UCHAR abc_fontArialNarrowBold31h_03BA[  47] = { /* code 03BA */
  0x00,  0x00,  0x00,  0x00,  0x00,  0x00,  0x00,  0x00,
  0x00,  0x00,  0x00,  0x00,  0x00,  0x00,  0x00,  0x00,
  0x07,  0x0F,  0x71,  0xE7,  0x3C,  0x77,  0x87,  0xF0,
  0x7E,  0x07,  0xE0,  0x7E,  0x07,  0xF0,  0x77,  0x87,
  0x3C,  0x71,  0xC7,  0x0E,  0x70,  0xF0,  0x00,  0x00,
  0x00,  0x00,  0x00,  0x00,  0x00,  0x00,  0x00
};

const UCHAR abc_fontArialNarrowBold31h_03BB[  47] = { /* code 03BB */
  0x00,  0x00,  0x00,  0x00,  0x00,  0x00,  0x00,  0x00,
  0x00,  0x38,  0x01,  0xC0,  0x1C,  0x00,  0xC0,  0x0E,
  0x01,  0xE0,  0x1F,  0x01,  0xF0,  0x1F,  0x03,  0xF8,
  0x3B,  0x83,  0xB8,  0x3B,  0xC7,  0x9C,  0x71,  0xC7,
  0x0E,  0x70,  0xEF,  0x0E,  0xE0,  0x70,  0x00,  0x00,
  0x00,  0x00,  0x00,  0x00,  0x00,  0x00,  0x00
};

const UCHAR abc_fontArialNarrowBold31h_03BC[  55] = { /* code 03BC */
  0x00,  0x00,  0x00,  0x00,  0x00,  0x00,  0x00,  0x00,
  0x00,  0x00,  0x00,  0x00,  0x00,  0x00,  0x00,  0x00,
  0x00,  0x00,  0x00,  0x0E,  0x1C,  0x38,  0x70,  0xE1,
  0xC3,  0x87,  0x0E,  0x1C,  0x38,  0x70,  0xE1,  0xC3,
  0x87,  0x0E,  0x1C,  0x38,  0x70,  0xF3,  0xC3,  0xFF,
  0x0F,  0xFC,  0x3B,  0x70,  0xE0,  0x03,  0x80,  0x0E,
  0x00,  0x38,  0x00,  0xE0,  0x00,  0x00,  0x00
};

const UCHAR abc_fontArialNarrowBold31h_03BD[  47] = { /* code 03BD */
  0x00,  0x00,  0x00,  0x00,  0x00,  0x00,  0x00,  0x00,
  0x00,  0x00,  0x00,  0x00,  0x00,  0x00,  0x00,  0x00,
  0x0E,  0x0E,  0xE0,  0xE7,  0x1C,  0x71,  0xC7,  0x1C,
  0x31,  0x83,  0xB8,  0x3B,  0x83,  0xB8,  0x1B,  0x01,
  0xF0,  0x1F,  0x01,  0xF0,  0x0E,  0x00,  0x00,  0x00,
  0x00,  0x00,  0x00,  0x00,  0x00,  0x00,  0x00
};

const UCHAR abc_fontArialNarrowBold31h_03BE[  39] = { /* code 03BE */
  0x00,  0x00,  0x00,  0x00,  0x00,  0x00,  0x00,  0x00,
  0xF8,  0x7E,  0x3F,  0x8E,  0x03,  0x80,  0xE0,  0x1F,
  0x83,  0xE0,  0xF8,  0x78,  0x38,  0x1C,  0x07,  0x01,
  0xC0,  0x70,  0x1E,  0x03,  0xF0,  0x7E,  0x0F,  0xC0,
  0x70,  0x1C,  0x1F,  0x07,  0x81,  0xC0,  0x00
};

const UCHAR abc_fontArialNarrowBold31h_03BF[  55] = { /* code 03BF */
  0x00,  0x00,  0x00,  0x00,  0x00,  0x00,  0x00,  0x00,
  0x00,  0x00,  0x00,  0x00,  0x00,  0x00,  0x00,  0x00,
  0x00,  0x00,  0x00,  0x01,  0xE0,  0x1F,  0xE0,  0xFF,
  0xC3,  0x87,  0x1E,  0x1E,  0x70,  0x39,  0xC0,  0xE7,
  0x03,  0x9C,  0x0E,  0x78,  0x78,  0xE1,  0xC3,  0xFF,
  0x07,  0xF8,  0x07,  0x80,  0x00,  0x00,  0x00,  0x00,
  0x00,  0x00,  0x00,  0x00,  0x00,  0x00,  0x00
};

const UCHAR abc_fontArialNarrowBold31h_03C0[  74] = { /* code 03C0 */
  0x00,  0x00,  0x00,  0x00,  0x00,  0x00,  0x00,  0x00,
  0x00,  0x00,  0x00,  0x00,  0x00,  0x00,  0x00,  0x00,
  0x00,  0x00,  0x00,  0x00,  0x00,  0x00,  0x00,  0x00,
  0x00,  0x00,  0x7F,  0xFF,  0xEF,  0xFF,  0xFC,  0x18,
  0x18,  0x03,  0x03,  0x00,  0x60,  0x60,  0x0C,  0x0C,
  0x01,  0x81,  0x80,  0x30,  0x30,  0x06,  0x06,  0x00,
  0xC0,  0xC0,  0x18,  0x18,  0x03,  0x03,  0x00,  0x60,
  0x60,  0x0C,  0x0C,  0x01,  0x81,  0x80,  0x00,  0x00,
  0x00,  0x00,  0x00,  0x00,  0x00,  0x00,  0x00,  0x00,
  0x00,  0x00
};

const UCHAR abc_fontArialNarrowBold31h_03C1[  55] = { /* code 03C1 */
  0x00,  0x00,  0x00,  0x00,  0x00,  0x00,  0x00,  0x00,
  0x00,  0x00,  0x00,  0x00,  0x00,  0x00,  0x00,  0x00,
  0x00,  0x00,  0x00,  0x03,  0xE0,  0x1F,  0xE0,  0xFF,
  0xC3,  0x87,  0x1E,  0x0E,  0x70,  0x39,  0xC0,  0xE7,
  0x03,  0x9C,  0x0E,  0x78,  0x79,  0xE1,  0xC7,  0xFF,
  0x1F,  0xF8,  0x77,  0x81,  0xC0,  0x07,  0x00,  0x1C,
  0x00,  0x70,  0x01,  0xC0,  0x00,  0x00,  0x00
};

const UCHAR abc_fontArialNarrowBold31h_03C2[  47] = { /* code 03C2 */
  0x00,  0x00,  0x00,  0x00,  0x00,  0x00,  0x00,  0x00,
  0x00,  0x00,  0x00,  0x00,  0x00,  0x00,  0x00,  0x00,
  0x00,  0x7C,  0x0F,  0xE1,  0xFE,  0x3C,  0x43,  0x80,
  0x70,  0x07,  0x00,  0x70,  0x07,  0x00,  0x78,  0x03,
  0xC0,  0x3F,  0x81,  0xFC,  0x03,  0xE0,  0x0E,  0x00,
  0xE0,  0x7E,  0x0F,  0xC0,  0xF8,  0x00,  0x00
};

const UCHAR abc_fontArialNarrowBold31h_03C3[  66] = { /* code 03C3 */
  0x00,  0x00,  0x00,  0x00,  0x00,  0x00,  0x00,  0x00,
  0x00,  0x00,  0x00,  0x00,  0x00,  0x00,  0x00,  0x00,
  0x00,  0x00,  0x00,  0x00,  0x00,  0x00,  0x00,  0x00,
  0xFF,  0xE1,  0xFF,  0xF1,  0xC1,  0xC0,  0xC0,  0x60,
  0xE0,  0x38,  0x60,  0x0C,  0x30,  0x06,  0x18,  0x03,
  0x0C,  0x01,  0x86,  0x00,  0xC3,  0x80,  0xE0,  0xC0,
  0x60,  0x70,  0x70,  0x1F,  0xF0,  0x03,  0xE0,  0x00,
  0x00,  0x00,  0x00,  0x00,  0x00,  0x00,  0x00,  0x00,
  0x00,  0x00
};

const UCHAR abc_fontArialNarrowBold31h_03C4[  43] = { /* code 03C4 */
  0x00,  0x00,  0x00,  0x00,  0x00,  0x00,  0x00,  0x00,
  0x00,  0x00,  0x00,  0x00,  0x00,  0x00,  0x00,  0x1F,
  0x83,  0xF0,  0x18,  0x03,  0x00,  0x60,  0x0C,  0x01,
  0x80,  0x30,  0x06,  0x00,  0xC0,  0x18,  0x03,  0x00,
  0x60,  0x0C,  0x01,  0x80,  0x00,  0x00,  0x00,  0x00,
  0x00,  0x00,  0x00
};

const UCHAR abc_fontArialNarrowBold31h_03C5[  51] = { /* code 03C5 */
  0x00,  0x00,  0x00,  0x00,  0x00,  0x00,  0x00,  0x00,
  0x00,  0x00,  0x00,  0x00,  0x00,  0x00,  0x00,  0x00,
  0x00,  0x00,  0xE1,  0xC7,  0x0E,  0x38,  0x71,  0xC3,
  0x8E,  0x1C,  0x70,  0xE3,  0x87,  0x1C,  0x38,  0xE1,
  0xC7,  0x0E,  0x3C,  0xF0,  0xFF,  0x03,  0xF0,  0x0F,
  0x00,  0x00,  0x00,  0x00,  0x00,  0x00,  0x00,  0x00,
  0x00,  0x00,  0x00
};

const UCHAR abc_fontArialNarrowBold31h_03C6[  70] = { /* code 03C6 */
  0x00,  0x00,  0x00,  0x00,  0x00,  0x00,  0x00,  0x00,
  0x00,  0x00,  0x00,  0x00,  0x00,  0x00,  0x00,  0x00,
  0x00,  0x00,  0x00,  0x00,  0x00,  0x00,  0x00,  0x00,
  0x00,  0x19,  0xF0,  0x1E,  0xFE,  0x0E,  0x31,  0xC3,
  0x0C,  0x31,  0x83,  0x06,  0x60,  0xC1,  0x98,  0x30,
  0x66,  0x0C,  0x19,  0x83,  0x06,  0x60,  0xC3,  0x8C,
  0x30,  0xC3,  0x8C,  0x70,  0x73,  0x38,  0x0F,  0xFC,
  0x00,  0xFC,  0x00,  0x0C,  0x00,  0x03,  0x00,  0x00,
  0xC0,  0x00,  0x30,  0x00,  0x0C,  0x00
};

const UCHAR abc_fontArialNarrowBold31h_03C7[  51] = { /* code 03C7 */
  0x00,  0x00,  0x00,  0x00,  0x00,  0x00,  0x00,  0x00,
  0x00,  0x00,  0x00,  0x00,  0x00,  0x00,  0x00,  0x00,
  0x00,  0x01,  0xC0,  0x7F,  0x07,  0xB8,  0x38,  0xE3,
  0x87,  0x1C,  0x1D,  0xC0,  0xEE,  0x03,  0xE0,  0x1F,
  0x00,  0x70,  0x07,  0xC0,  0x3E,  0x03,  0xB8,  0x1D,
  0xC1,  0xC7,  0x0E,  0x38,  0xE0,  0xEF,  0x07,  0xF0,
  0x1C,  0x00,  0x00
};

const UCHAR abc_fontArialNarrowBold31h_03C9[  74] = { /* code 03C9 */
  0x00,  0x00,  0x00,  0x00,  0x00,  0x00,  0x00,  0x00,
  0x00,  0x00,  0x00,  0x00,  0x00,  0x00,  0x00,  0x00,
  0x00,  0x00,  0x00,  0x00,  0x00,  0x00,  0x00,  0x00,
  0x00,  0x00,  0x1C,  0x01,  0xC3,  0x80,  0x38,  0x70,
  0x07,  0x1C,  0x00,  0x73,  0x87,  0x0E,  0x70,  0xE1,
  0xCE,  0x1C,  0x39,  0xC3,  0x87,  0x38,  0x70,  0xE7,
  0x0E,  0x1C,  0x73,  0xE7,  0x0F,  0xEF,  0xE0,  0xFD,
  0xF8,  0x0F,  0x1E,  0x00,  0x00,  0x00,  0x00,  0x00,
  0x00,  0x00,  0x00,  0x00,  0x00,  0x00,  0x00,  0x00,
  0x00,  0x00
};

const UCHAR abc_fontArialNarrowBold31h_03CC[  55] = { /* code 03CC */
  0x00,  0x00,  0x00,  0x00,  0x00,  0x00,  0x00,  0x00,
  0x00,  0x00,  0x00,  0x70,  0x01,  0x80,  0x0C,  0x00,
  0x00,  0x00,  0x00,  0x01,  0xE0,  0x1F,  0xE0,  0xFF,
  0xC3,  0x87,  0x1E,  0x1E,  0x70,  0x39,  0xC0,  0xE7,
  0x03,  0x9C,  0x0E,  0x78,  0x78,  0xE1,  0xC3,  0xFF,
  0x07,  0xF8,  0x07,  0x80,  0x00,  0x00,  0x00,  0x00,
  0x00,  0x00,  0x00,  0x00,  0x00,  0x00,  0x00
};

const UCHAR abc_fontArialNarrowBold31h_03CE[  74] = { /* code 03CE */
  0x00,  0x00,  0x00,  0x00,  0x00,  0x00,  0x00,  0x00,
  0x00,  0x00,  0x00,  0x00,  0x00,  0x00,  0x00,  0x38,
  0x00,  0x06,  0x00,  0x01,  0x80,  0x00,  0x00,  0x00,
  0x00,  0x00,  0x1C,  0x01,  0xC3,  0x80,  0x38,  0x70,
  0x07,  0x1C,  0x00,  0x73,  0x87,  0x0E,  0x70,  0xE1,
  0xCE,  0x1C,  0x39,  0xC3,  0x87,  0x38,  0x70,  0xE7,
  0x0E,  0x1C,  0x73,  0xE7,  0x0F,  0xEF,  0xE0,  0xFD,
  0xF8,  0x0F,  0x1E,  0x00,  0x00,  0x00,  0x00,  0x00,
  0x00,  0x00,  0x00,  0x00,  0x00,  0x00,  0x00,  0x00,
  0x00,  0x00
};

const UCHAR abc_fontArialNarrowBold31h_060C[  35] = { /* code 060C */
  0x00,  0x00,  0x00,  0x00,  0x00,  0x00,  0x00,  0x00,
  0x00,  0x00,  0x00,  0x00,  0x00,  0x00,  0x00,  0x20,
  0x20,  0x20,  0x10,  0x0E,  0x07,  0x83,  0xC0,  0xC0,
  0x00,  0x00,  0x00,  0x00,  0x00,  0x00,  0x00,  0x00,
  0x00,  0x00,  0x00
};

const UCHAR abc_fontArialNarrowBold31h_0621[  51] = { /* code 0621 */
  0x00,  0x00,  0x00,  0x00,  0x00,  0x00,  0x00,  0x00,
  0x00,  0x00,  0x00,  0x00,  0x00,  0x00,  0x00,  0x00,
  0x00,  0x00,  0x0F,  0x00,  0xFC,  0x0F,  0xC0,  0x7E,
  0x07,  0x00,  0x3C,  0x71,  0xFF,  0x87,  0xF8,  0x1F,
  0x00,  0xE0,  0x0C,  0x00,  0xC0,  0x04,  0x00,  0x00,
  0x00,  0x00,  0x00,  0x00,  0x00,  0x00,  0x00,  0x00,
  0x00,  0x00,  0x00
};

const UCHAR abc_fontArialNarrowBold31h_0623[  24] = { /* code 0623 */
  0x31,  0x03,  0x98,  0x00,  0x41,  0x0C,  0x30,  0xC3,
  0x0E,  0x18,  0x61,  0x86,  0x18,  0x61,  0x86,  0x10,
  0x40,  0x00,  0x00,  0x00,  0x00,  0x00,  0x00,  0x00
};

const UCHAR abc_fontArialNarrowBold31h_0625[  24] = { /* code 0625 */
  0x00,  0x00,  0x00,  0x00,  0x41,  0x0C,  0x30,  0xC3,
  0x0E,  0x18,  0x61,  0x86,  0x18,  0x61,  0x86,  0x10,
  0x40,  0x00,  0x31,  0x03,  0x98,  0x00,  0x00,  0x00
};

const UCHAR abc_fontArialNarrowBold31h_0626[  66] = { /* code 0626 */
  0x00,  0x00,  0x00,  0x00,  0x00,  0x00,  0x00,  0x00,
  0x00,  0x00,  0x00,  0x00,  0x00,  0x00,  0x00,  0x00,
  0x00,  0x00,  0x00,  0x00,  0x00,  0x06,  0x00,  0x04,
  0x00,  0x01,  0xC0,  0x01,  0x80,  0x70,  0x00,  0xF8,
  0x00,  0x7C,  0x08,  0x62,  0x08,  0x60,  0x04,  0x3E,
  0x04,  0x1F,  0x82,  0x07,  0xC1,  0x00,  0x60,  0x80,
  0xE0,  0x61,  0xF0,  0x3F,  0xF0,  0x1F,  0xF0,  0x03,
  0xC0,  0x00,  0x00,  0x00,  0x00,  0x00,  0x00,  0x00,
  0x00,  0x00
};

const UCHAR abc_fontArialNarrowBold31h_0627[  24] = { /* code 0627 */
  0x00,  0x00,  0x00,  0x00,  0x41,  0x0C,  0x30,  0xC3,
  0x0E,  0x18,  0x61,  0x86,  0x18,  0x61,  0x86,  0x10,
  0x40,  0x00,  0x00,  0x00,  0x00,  0x00,  0x00,  0x00
};

const UCHAR abc_fontArialNarrowBold31h_0628[  70] = { /* code 0628 */
  0x00,  0x00,  0x00,  0x00,  0x00,  0x00,  0x00,  0x00,
  0x00,  0x00,  0x00,  0x00,  0x00,  0x00,  0x00,  0x00,
  0x00,  0x00,  0x00,  0x00,  0x00,  0x00,  0x00,  0x00,
  0x00,  0x80,  0x00,  0x20,  0x01,  0x90,  0x00,  0x64,
  0x00,  0x19,  0x00,  0x02,  0x60,  0x00,  0xDF,  0xFF,
  0xF7,  0xFF,  0xFC,  0xFF,  0xFF,  0x1F,  0xFF,  0xC0,
  0x00,  0x00,  0x00,  0x00,  0x03,  0x00,  0x00,  0xF0,
  0x00,  0x7C,  0x00,  0x1E,  0x00,  0x01,  0x80,  0x00,
  0x00,  0x00,  0x00,  0x00,  0x00,  0x00
};

const UCHAR abc_fontArialNarrowBold31h_0629[  35] = { /* code 0629 */
  0x00,  0x00,  0x00,  0x00,  0x00,  0x43,  0x79,  0xF9,
  0xEC,  0x20,  0x00,  0x00,  0x02,  0x01,  0xC1,  0xF0,
  0x7C,  0x5E,  0x27,  0x31,  0x9F,  0xCF,  0xE7,  0xE1,
  0xC0,  0x00,  0x00,  0x00,  0x00,  0x00,  0x00,  0x00,
  0x00,  0x00,  0x00
};

const UCHAR abc_fontArialNarrowBold31h_062A[  70] = { /* code 062A */
  0x00,  0x00,  0x00,  0x00,  0x00,  0x00,  0x00,  0x00,
  0x00,  0x00,  0x00,  0x00,  0x00,  0x00,  0x00,  0x00,
  0x00,  0x00,  0x00,  0x10,  0x00,  0x6F,  0x00,  0x1F,
  0x80,  0x8F,  0x60,  0x20,  0x81,  0x90,  0x00,  0x64,
  0x00,  0x19,  0x00,  0x02,  0x60,  0x00,  0xDF,  0xFF,
  0xF7,  0xFF,  0xFC,  0xFF,  0xFF,  0x1F,  0xFF,  0xC0,
  0x00,  0x00,  0x00,  0x00,  0x00,  0x00,  0x00,  0x00,
  0x00,  0x00,  0x00,  0x00,  0x00,  0x00,  0x00,  0x00,
  0x00,  0x00,  0x00,  0x00,  0x00,  0x00
};

const UCHAR abc_fontArialNarrowBold31h_062C[  62] = { /* code 062C */
  0x00,  0x00,  0x00,  0x00,  0x00,  0x00,  0x00,  0x00,
  0x00,  0x00,  0x00,  0x00,  0x00,  0x00,  0x00,  0x00,
  0x00,  0x00,  0x00,  0x00,  0x00,  0x00,  0x1F,  0xFC,
  0x3F,  0xFC,  0x3F,  0xF8,  0x7F,  0xC0,  0x46,  0x00,
  0x08,  0x00,  0x10,  0x00,  0x30,  0x00,  0x20,  0x00,
  0x61,  0x80,  0x61,  0xE0,  0x63,  0xE0,  0x73,  0xC0,
  0x78,  0xC0,  0x7E,  0x00,  0x3F,  0xFE,  0x3F,  0xFC,
  0x1F,  0xF8,  0x03,  0xE0,  0x00,  0x00
};

const UCHAR abc_fontArialNarrowBold31h_062D[  62] = { /* code 062D */
  0x00,  0x00,  0x00,  0x00,  0x00,  0x00,  0x00,  0x00,
  0x00,  0x00,  0x00,  0x00,  0x00,  0x00,  0x00,  0x00,
  0x00,  0x00,  0x00,  0x00,  0x00,  0x00,  0x1F,  0xFC,
  0x3F,  0xFC,  0x3F,  0xF8,  0x7F,  0xC0,  0x46,  0x00,
  0x08,  0x00,  0x10,  0x00,  0x30,  0x00,  0x20,  0x00,
  0x60,  0x00,  0x60,  0x00,  0x60,  0x00,  0x70,  0x00,
  0x78,  0x00,  0x7E,  0x00,  0x3F,  0xFE,  0x3F,  0xFC,
  0x1F,  0xF8,  0x03,  0xE0,  0x00,  0x00
};

const UCHAR abc_fontArialNarrowBold31h_062E[  62] = { /* code 062E */
  0x00,  0x00,  0x00,  0x00,  0x00,  0x00,  0x00,  0x00,
  0x00,  0x00,  0x00,  0x00,  0x06,  0x00,  0x07,  0x80,
  0x0F,  0x80,  0x0F,  0x00,  0x03,  0x00,  0x1F,  0xFC,
  0x3F,  0xFC,  0x3F,  0xF8,  0x7F,  0xC0,  0x46,  0x00,
  0x08,  0x00,  0x10,  0x00,  0x30,  0x00,  0x20,  0x00,
  0x60,  0x00,  0x60,  0x00,  0x60,  0x00,  0x70,  0x00,
  0x78,  0x00,  0x7E,  0x00,  0x3F,  0xFE,  0x3F,  0xFC,
  0x1F,  0xF8,  0x03,  0xE0,  0x00,  0x00
};

const UCHAR abc_fontArialNarrowBold31h_062F[  35] = { /* code 062F */
  0x00,  0x00,  0x00,  0x00,  0x00,  0x00,  0x00,  0x00,
  0x00,  0x00,  0x02,  0x01,  0x80,  0xE0,  0x70,  0x3C,
  0x06,  0x03,  0x40,  0xBF,  0xDF,  0xEF,  0xF7,  0xF8,
  0x00,  0x00,  0x00,  0x00,  0x00,  0x00,  0x00,  0x00,
  0x00,  0x00,  0x00
};

const UCHAR abc_fontArialNarrowBold31h_0630[  35] = { /* code 0630 */
  0x00,  0x00,  0x00,  0x03,  0x01,  0xE1,  0xF0,  0xF0,
  0x18,  0x00,  0x02,  0x01,  0x80,  0xE0,  0x70,  0x3C,
  0x06,  0x03,  0x40,  0xBF,  0xDF,  0xEF,  0xF7,  0xF8,
  0x00,  0x00,  0x00,  0x00,  0x00,  0x00,  0x00,  0x00,
  0x00,  0x00,  0x00
};

const UCHAR abc_fontArialNarrowBold31h_0631[  47] = { /* code 0631 */
  0x00,  0x00,  0x00,  0x00,  0x00,  0x00,  0x00,  0x00,
  0x00,  0x00,  0x00,  0x00,  0x00,  0x00,  0x00,  0x00,
  0x00,  0x00,  0x00,  0x00,  0x04,  0x00,  0x60,  0x07,
  0x00,  0x70,  0x03,  0x00,  0x10,  0x01,  0x00,  0x10,
  0x03,  0x00,  0x70,  0x0E,  0xC3,  0xC3,  0xF8,  0x0F,
  0x00,  0x00,  0x00,  0x00,  0x00,  0x00,  0x00
};

const UCHAR abc_fontArialNarrowBold31h_0632[  47] = { /* code 0632 */
  0x00,  0x00,  0x00,  0x00,  0x00,  0x00,  0x00,  0x00,
  0x00,  0x00,  0x00,  0x18,  0x01,  0xE0,  0x3E,  0x03,
  0xC0,  0x0C,  0x00,  0x00,  0x04,  0x00,  0x60,  0x07,
  0x00,  0x70,  0x03,  0x00,  0x10,  0x01,  0x00,  0x10,
  0x03,  0x00,  0x70,  0x0E,  0xC3,  0xC3,  0xF8,  0x0F,
  0x00,  0x00,  0x00,  0x00,  0x00,  0x00,  0x00
};

const UCHAR abc_fontArialNarrowBold31h_0633[  93] = { /* code 0633 */
  0x00,  0x00,  0x00,  0x00,  0x00,  0x00,  0x00,  0x00,
  0x00,  0x00,  0x00,  0x00,  0x00,  0x00,  0x00,  0x00,
  0x00,  0x00,  0x00,  0x00,  0x00,  0x00,  0x00,  0x00,
  0x00,  0x00,  0x00,  0x00,  0x00,  0x00,  0x00,  0x00,
  0x00,  0x00,  0x00,  0x00,  0x00,  0x00,  0x00,  0x00,
  0x04,  0x01,  0x00,  0x04,  0x23,  0x08,  0x0E,  0x27,
  0x10,  0x0E,  0x23,  0x10,  0x07,  0xFF,  0x20,  0x07,
  0xFF,  0x20,  0x03,  0xFF,  0x60,  0x03,  0xCF,  0x70,
  0x06,  0x00,  0x78,  0x0E,  0x00,  0x7F,  0xFE,  0x00,
  0x3F,  0xFC,  0x00,  0x1F,  0xF8,  0x00,  0x0F,  0xE0,
  0x00,  0x00,  0x00,  0x00,  0x00,  0x00,  0x00,  0x00,
  0x00,  0x00,  0x00,  0x00,  0x00
};

const UCHAR abc_fontArialNarrowBold31h_0634[  93] = { /* code 0634 */
  0x00,  0x00,  0x00,  0x00,  0x00,  0x00,  0x00,  0x00,
  0x00,  0x00,  0x00,  0x00,  0x00,  0x00,  0x00,  0x00,
  0x00,  0x40,  0x00,  0x00,  0x70,  0x00,  0x00,  0xE0,
  0x00,  0x00,  0x28,  0x00,  0x00,  0x9E,  0x00,  0x00,
  0xFC,  0x00,  0x01,  0xEC,  0x00,  0x00,  0xC0,  0x00,
  0x04,  0x01,  0x00,  0x04,  0x23,  0x08,  0x0E,  0x27,
  0x10,  0x0E,  0x23,  0x10,  0x07,  0xFF,  0x20,  0x07,
  0xFF,  0x20,  0x03,  0xFF,  0x60,  0x03,  0xCF,  0x70,
  0x06,  0x00,  0x78,  0x0E,  0x00,  0x7F,  0xFE,  0x00,
  0x3F,  0xFC,  0x00,  0x1F,  0xF8,  0x00,  0x0F,  0xE0,
  0x00,  0x00,  0x00,  0x00,  0x00,  0x00,  0x00,  0x00,
  0x00,  0x00,  0x00,  0x00,  0x00
};

const UCHAR abc_fontArialNarrowBold31h_0635[ 113] = { /* code 0635 */
  0x00,  0x00,  0x00,  0x00,  0x00,  0x00,  0x00,  0x00,
  0x00,  0x00,  0x00,  0x00,  0x00,  0x00,  0x00,  0x00,
  0x00,  0x00,  0x00,  0x00,  0x00,  0x00,  0x00,  0x00,
  0x00,  0x00,  0x00,  0x00,  0x00,  0x00,  0x00,  0x00,
  0x00,  0x00,  0x00,  0x00,  0x00,  0x00,  0x00,  0x00,
  0x00,  0x00,  0x01,  0xC0,  0x00,  0x00,  0x3F,  0x00,
  0x02,  0x03,  0xFC,  0x00,  0x10,  0x3F,  0xE1,  0x01,
  0xC7,  0x83,  0x10,  0x0E,  0x70,  0x18,  0x80,  0x3F,
  0xFF,  0xC8,  0x01,  0xFF,  0xFE,  0x40,  0x07,  0xFF,
  0xF6,  0x00,  0x3F,  0xFF,  0xB8,  0x03,  0x00,  0x01,
  0xE0,  0x38,  0x00,  0x0F,  0xFF,  0xC0,  0x00,  0x3F,
  0xFC,  0x00,  0x00,  0xFF,  0xC0,  0x00,  0x03,  0xF8,
  0x00,  0x00,  0x00,  0x00,  0x00,  0x00,  0x00,  0x00,
  0x00,  0x00,  0x00,  0x00,  0x00,  0x00,  0x00,  0x00,
  0x00
};

const UCHAR abc_fontArialNarrowBold31h_0636[ 113] = { /* code 0636 */
  0x00,  0x00,  0x00,  0x00,  0x00,  0x00,  0x00,  0x00,
  0x00,  0x00,  0x00,  0x00,  0x00,  0x00,  0x00,  0x00,
  0x00,  0x00,  0x00,  0x00,  0x00,  0x00,  0x00,  0x00,
  0xC0,  0x00,  0x00,  0x07,  0x80,  0x00,  0x00,  0x7C,
  0x00,  0x00,  0x03,  0xC0,  0x00,  0x00,  0x06,  0x00,
  0x00,  0x00,  0x01,  0xC0,  0x00,  0x00,  0x3F,  0x00,
  0x02,  0x03,  0xFC,  0x00,  0x10,  0x3F,  0xE1,  0x01,
  0xC7,  0x83,  0x10,  0x0E,  0x70,  0x18,  0x80,  0x3F,
  0xFF,  0xC8,  0x01,  0xFF,  0xFE,  0x40,  0x07,  0xFF,
  0xF6,  0x00,  0x3F,  0xFF,  0xB8,  0x03,  0x00,  0x01,
  0xE0,  0x38,  0x00,  0x0F,  0xFF,  0xC0,  0x00,  0x3F,
  0xFC,  0x00,  0x00,  0xFF,  0xC0,  0x00,  0x03,  0xF8,
  0x00,  0x00,  0x00,  0x00,  0x00,  0x00,  0x00,  0x00,
  0x00,  0x00,  0x00,  0x00,  0x00,  0x00,  0x00,  0x00,
  0x00
};

const UCHAR abc_fontArialNarrowBold31h_0637[  59] = { /* code 0637 */
  0x00,  0x00,  0x00,  0x00,  0x00,  0x00,  0x40,  0x00,
  0x80,  0x03,  0xC0,  0x07,  0x80,  0x0F,  0x00,  0x0E,
  0x00,  0x18,  0x00,  0x30,  0x00,  0x31,  0xE0,  0x67,
  0xE0,  0xFF,  0xC1,  0xFF,  0x87,  0x83,  0x1C,  0x07,
  0xFF,  0xFF,  0xFF,  0xFF,  0xFF,  0xFF,  0xFF,  0xE0,
  0x00,  0x00,  0x00,  0x00,  0x00,  0x00,  0x00,  0x00,
  0x00,  0x00,  0x00,  0x00,  0x00,  0x00,  0x00,  0x00,
  0x00,  0x00,  0x00
};

const UCHAR abc_fontArialNarrowBold31h_0639[  59] = { /* code 0639 */
  0x00,  0x00,  0x00,  0x00,  0x00,  0x00,  0x00,  0x00,
  0x00,  0x00,  0x00,  0x00,  0x00,  0x00,  0x00,  0x00,
  0x00,  0x0F,  0x00,  0x3F,  0x80,  0xFF,  0x81,  0xC0,
  0x06,  0x00,  0x0C,  0x06,  0x1C,  0x3C,  0x1F,  0xF0,
  0x3F,  0xE0,  0x7F,  0x01,  0xF0,  0x03,  0x80,  0x0E,
  0x00,  0x18,  0x00,  0x30,  0x00,  0x70,  0x00,  0xF8,
  0x01,  0xFF,  0xF9,  0xFF,  0xE1,  0xFF,  0x00,  0xFC,
  0x00,  0x00,  0x00
};

const UCHAR abc_fontArialNarrowBold31h_063A[  59] = { /* code 063A */
  0x00,  0x00,  0x00,  0x00,  0x00,  0x00,  0x00,  0x00,
  0xC0,  0x01,  0xE0,  0x07,  0xC0,  0x0F,  0x00,  0x06,
  0x00,  0x0F,  0x00,  0x3F,  0x80,  0xFF,  0x81,  0xC0,
  0x06,  0x00,  0x0C,  0x06,  0x1C,  0x3C,  0x1F,  0xF0,
  0x3F,  0xE0,  0x7F,  0x01,  0xF0,  0x03,  0x80,  0x0E,
  0x00,  0x18,  0x00,  0x30,  0x00,  0x70,  0x00,  0xF8,
  0x01,  0xFF,  0xF9,  0xFF,  0xE1,  0xFF,  0x00,  0xFC,
  0x00,  0x00,  0x00
};

const UCHAR abc_fontArialNarrowBold31h_0641[  78] = { /* code 0641 */
  0x00,  0x00,  0x00,  0x00,  0x00,  0x00,  0x00,  0x00,
  0x00,  0x00,  0x00,  0x00,  0x00,  0x00,  0x18,  0x00,
  0x01,  0xE0,  0x00,  0x3E,  0x00,  0x03,  0xC0,  0x00,
  0x0C,  0x00,  0x00,  0xC1,  0x00,  0x1E,  0x10,  0x03,
  0xF2,  0x00,  0x7F,  0x60,  0x06,  0x76,  0x00,  0x63,
  0x70,  0x07,  0xB7,  0xFF,  0xFF,  0x7F,  0xFF,  0xF3,
  0xFF,  0xFF,  0x1F,  0xFF,  0xF0,  0x00,  0x00,  0x00,
  0x00,  0x00,  0x00,  0x00,  0x00,  0x00,  0x00,  0x00,
  0x00,  0x00,  0x00,  0x00,  0x00,  0x00,  0x00,  0x00,
  0x00,  0x00,  0x00,  0x00,  0x00,  0x00
};

const UCHAR abc_fontArialNarrowBold31h_0642[  66] = { /* code 0642 */
  0x00,  0x00,  0x00,  0x00,  0x00,  0x00,  0x00,  0x00,
  0x00,  0x00,  0x00,  0x00,  0x00,  0x00,  0x00,  0x00,
  0x00,  0x00,  0x02,  0x00,  0x1B,  0xC0,  0x0F,  0xC0,
  0x0F,  0xE0,  0x01,  0xF0,  0x00,  0xF8,  0x00,  0x7E,
  0x10,  0x67,  0x10,  0x33,  0x88,  0x1F,  0xCC,  0x0F,
  0xE4,  0x07,  0xF6,  0x01,  0xFB,  0x00,  0x05,  0x80,
  0x02,  0xE0,  0x03,  0x7C,  0x07,  0xBF,  0xFF,  0x8F,
  0xFF,  0xC3,  0xFF,  0xC0,  0x7F,  0x00,  0x00,  0x00,
  0x00,  0x00
};

const UCHAR abc_fontArialNarrowBold31h_0643[  59] = { /* code 0643 */
  0x00,  0x00,  0x00,  0x00,  0x00,  0x00,  0x00,  0x00,
  0x00,  0x80,  0x11,  0x00,  0x67,  0x80,  0x8F,  0x02,
  0x1E,  0x07,  0x9C,  0x0F,  0x30,  0x1E,  0x61,  0x0C,
  0xC4,  0x31,  0x8B,  0xC1,  0xB0,  0x03,  0x70,  0x06,
  0xFF,  0xFD,  0xFF,  0xF9,  0xFF,  0xF1,  0xFF,  0xE0,
  0x00,  0x00,  0x00,  0x00,  0x00,  0x00,  0x00,  0x00,
  0x00,  0x00,  0x00,  0x00,  0x00,  0x00,  0x00,  0x00,
  0x00,  0x00,  0x00
};

const UCHAR abc_fontArialNarrowBold31h_0644[  47] = { /* code 0644 */
  0x00,  0x00,  0x00,  0x00,  0x00,  0x00,  0x00,  0x40,
  0x04,  0x00,  0xF0,  0x0F,  0x00,  0xF0,  0x07,  0x00,
  0x60,  0x06,  0x00,  0x60,  0x06,  0x10,  0x31,  0x03,
  0x20,  0x32,  0x03,  0x60,  0x36,  0x03,  0x60,  0x37,
  0x0F,  0x7F,  0xF7,  0xFE,  0x3F,  0xC1,  0xF0,  0x00,
  0x00,  0x00,  0x00,  0x00,  0x00,  0x00,  0x00
};

const UCHAR abc_fontArialNarrowBold31h_0645[  39] = { /* code 0645 */
  0x00,  0x00,  0x00,  0x00,  0x00,  0x00,  0x00,  0x00,
  0x00,  0x00,  0x00,  0x00,  0x00,  0x00,  0x00,  0x00,
  0x03,  0x81,  0xF0,  0x9E,  0x03,  0xC0,  0xF1,  0xFC,
  0xFF,  0x7F,  0xDC,  0x06,  0x01,  0x80,  0x60,  0x0C,
  0x03,  0x00,  0xC0,  0x30,  0x0C,  0x02,  0x00
};

const UCHAR abc_fontArialNarrowBold31h_0646[  59] = { /* code 0646 */
  0x00,  0x00,  0x00,  0x00,  0x00,  0x00,  0x00,  0x00,
  0x00,  0x00,  0x00,  0x00,  0x00,  0x00,  0x00,  0x00,
  0x00,  0x06,  0x00,  0x0F,  0x00,  0x3E,  0x00,  0x78,
  0x00,  0x30,  0x80,  0x01,  0x04,  0x07,  0x10,  0x0E,
  0x20,  0x0C,  0x80,  0x19,  0x00,  0x16,  0x00,  0x2E,
  0x00,  0xDE,  0x03,  0xBF,  0xFF,  0x7F,  0xFC,  0x7F,
  0xF0,  0x3F,  0x80,  0x00,  0x00,  0x00,  0x00,  0x00,
  0x00,  0x00,  0x00
};

const UCHAR abc_fontArialNarrowBold31h_0647[  35] = { /* code 0647 */
  0x00,  0x00,  0x00,  0x00,  0x00,  0x00,  0x00,  0x00,
  0x00,  0x00,  0x00,  0x00,  0x02,  0x01,  0xC1,  0xF0,
  0x7C,  0x5E,  0x27,  0x31,  0x9F,  0xCF,  0xE7,  0xE1,
  0xC0,  0x00,  0x00,  0x00,  0x00,  0x00,  0x00,  0x00,
  0x00,  0x00,  0x00
};

const UCHAR abc_fontArialNarrowBold31h_0648[  47] = { /* code 0648 */
  0x00,  0x00,  0x00,  0x00,  0x00,  0x00,  0x00,  0x00,
  0x00,  0x00,  0x00,  0x00,  0x00,  0x00,  0x00,  0x00,
  0x00,  0x00,  0x00,  0xE0,  0x1E,  0x01,  0xF0,  0x3F,
  0x03,  0x30,  0x33,  0x03,  0xF0,  0x3F,  0x01,  0xF0,
  0x07,  0x80,  0xE4,  0x1E,  0x3F,  0xC1,  0xF8,  0x07,
  0x00,  0x00,  0x00,  0x00,  0x00,  0x00,  0x00
};

const UCHAR abc_fontArialNarrowBold31h_0649[  66] = { /* code 0649 */
  0x00,  0x00,  0x00,  0x00,  0x00,  0x00,  0x00,  0x00,
  0x00,  0x00,  0x00,  0x00,  0x00,  0x00,  0x00,  0x00,
  0x00,  0x00,  0x00,  0x00,  0x00,  0x00,  0x00,  0x00,
  0x00,  0x00,  0x00,  0x00,  0x00,  0x70,  0x00,  0xF8,
  0x00,  0x7C,  0x08,  0x62,  0x08,  0x60,  0x04,  0x3E,
  0x04,  0x1F,  0x82,  0x07,  0xC1,  0x00,  0x60,  0x80,
  0xE0,  0x61,  0xF0,  0x3F,  0xF0,  0x1F,  0xF0,  0x03,
  0xC0,  0x00,  0x00,  0x00,  0x00,  0x00,  0x00,  0x00,
  0x00,  0x00
};

const UCHAR abc_fontArialNarrowBold31h_064A[  66] = { /* code 064A */
  0x00,  0x00,  0x00,  0x00,  0x00,  0x00,  0x00,  0x00,
  0x00,  0x00,  0x00,  0x00,  0x00,  0x00,  0x00,  0x00,
  0x00,  0x00,  0x00,  0x00,  0x00,  0x00,  0x00,  0x00,
  0x00,  0x00,  0x00,  0x00,  0x00,  0x70,  0x00,  0xF8,
  0x00,  0x7C,  0x08,  0x62,  0x08,  0x60,  0x04,  0x3E,
  0x04,  0x1F,  0x82,  0x07,  0xC1,  0x00,  0x60,  0x80,
  0xE0,  0x61,  0xF0,  0x3F,  0xF0,  0x1F,  0xF0,  0x03,
  0xC0,  0x00,  0x04,  0x00,  0x17,  0x00,  0x1D,  0x00,
  0x04,  0x00
};

const UCHAR abc_fontArialNarrowBold31h_064E[  20] = { /* code 064E */
  0x00,  0x00,  0x00,  0x9B,  0x00,  0x00,  0x00,  0x00,
  0x00,  0x00,  0x00,  0x00,  0x00,  0x00,  0x00,  0x00,
  0x00,  0x00,  0x00,  0x00
};

const UCHAR abc_fontArialNarrowBold31h_0651[  20] = { /* code 0651 */
  0x00,  0x02,  0x57,  0xFB,  0x00,  0x00,  0x00,  0x00,
  0x00,  0x00,  0x00,  0x00,  0x00,  0x00,  0x00,  0x00,
  0x00,  0x00,  0x00,  0x00
};

const UCHAR abc_fontArialNarrowBold31h_1EA3[  59] = { /* code 1EA3 */
  0x00,  0x00,  0x00,  0x00,  0x00,  0x00,  0x00,  0x00,
  0x00,  0x00,  0xF0,  0x00,  0x30,  0x00,  0x60,  0x01,
  0x00,  0x00,  0x00,  0x3F,  0x80,  0xFF,  0x83,  0xFF,
  0x8F,  0x1F,  0x1C,  0x1E,  0x00,  0x3C,  0x01,  0xF8,
  0x3F,  0xF0,  0xF9,  0xE3,  0xC3,  0xC7,  0x87,  0x8F,
  0x1F,  0x1F,  0xFE,  0x1F,  0xDC,  0x1F,  0x3C,  0x00,
  0x00,  0x00,  0x00,  0x00,  0x00,  0x00,  0x00,  0x00,
  0x00,  0x00,  0x00
};

const UCHAR abc_fontArialNarrowBold31h_1EA5[  59] = { /* code 1EA5 */
  0x00,  0xF0,  0x03,  0xC0,  0x07,  0x00,  0x1C,  0x00,
  0x00,  0x00,  0x70,  0x01,  0xF0,  0x07,  0x70,  0x1C,
  0x70,  0x00,  0x00,  0x3F,  0x80,  0xFF,  0x83,  0xFF,
  0x8F,  0x1F,  0x1C,  0x1E,  0x00,  0x3C,  0x01,  0xF8,
  0x3F,  0xF0,  0xF9,  0xE3,  0xC3,  0xC7,  0x87,  0x8F,
  0x1F,  0x1F,  0xFE,  0x1F,  0xDC,  0x1F,  0x3C,  0x00,
  0x00,  0x00,  0x00,  0x00,  0x00,  0x00,  0x00,  0x00,
  0x00,  0x00,  0x00
};

const UCHAR abc_fontArialNarrowBold31h_1EA9[  59] = { /* code 1EA9 */
  0x07,  0x80,  0x01,  0x80,  0x03,  0x00,  0x08,  0x00,
  0x00,  0x00,  0x70,  0x01,  0xF0,  0x07,  0x70,  0x1C,
  0x70,  0x00,  0x00,  0x3F,  0x80,  0xFF,  0x83,  0xFF,
  0x8F,  0x1F,  0x1C,  0x1E,  0x00,  0x3C,  0x01,  0xF8,
  0x3F,  0xF0,  0xF9,  0xE3,  0xC3,  0xC7,  0x87,  0x8F,
  0x1F,  0x1F,  0xFE,  0x1F,  0xDC,  0x1F,  0x3C,  0x00,
  0x00,  0x00,  0x00,  0x00,  0x00,  0x00,  0x00,  0x00,
  0x00,  0x00,  0x00
};

const UCHAR abc_fontArialNarrowBold31h_1EAD[  59] = { /* code 1EAD */
  0x00,  0x00,  0x00,  0x00,  0x00,  0x00,  0x00,  0x00,
  0x00,  0x00,  0x70,  0x01,  0xF0,  0x07,  0x70,  0x1C,
  0x70,  0x00,  0x00,  0x3F,  0x80,  0xFF,  0x83,  0xFF,
  0x8F,  0x1F,  0x1C,  0x1E,  0x00,  0x3C,  0x01,  0xF8,
  0x3F,  0xF0,  0xF9,  0xE3,  0xC3,  0xC7,  0x87,  0x8F,
  0x1F,  0x1F,  0xFE,  0x1F,  0xDC,  0x1F,  0x3C,  0x00,
  0x00,  0x00,  0x00,  0x3C,  0x00,  0x78,  0x00,  0xF0,
  0x01,  0xE0,  0x00
};

const UCHAR abc_fontArialNarrowBold31h_1EAF[  59] = { /* code 1EAF */
  0x01,  0xE0,  0x07,  0x80,  0x0E,  0x00,  0x38,  0x00,
  0x00,  0x03,  0x0C,  0x07,  0x38,  0x07,  0xE0,  0x07,
  0x80,  0x00,  0x00,  0x3F,  0x80,  0xFF,  0x83,  0xFF,
  0x8F,  0x1F,  0x1C,  0x1E,  0x00,  0x3C,  0x01,  0xF8,
  0x3F,  0xF0,  0xF9,  0xE3,  0xC3,  0xC7,  0x87,  0x8F,
  0x1F,  0x1F,  0xFE,  0x1F,  0xDC,  0x1F,  0x3C,  0x00,
  0x00,  0x00,  0x00,  0x00,  0x00,  0x00,  0x00,  0x00,
  0x00,  0x00,  0x00
};

const UCHAR abc_fontArialNarrowBold31h_1EBF[  59] = { /* code 1EBF */
  0x00,  0xF0,  0x03,  0xC0,  0x07,  0x00,  0x1C,  0x00,
  0x00,  0x00,  0x70,  0x01,  0xF0,  0x07,  0x70,  0x1C,
  0x70,  0x00,  0x00,  0x1F,  0x00,  0xFF,  0x83,  0xFF,
  0x87,  0x8F,  0x1E,  0x0E,  0x3C,  0x1E,  0x7F,  0xFC,
  0xFF,  0xF9,  0xFF,  0xF3,  0xC0,  0x07,  0x80,  0x07,
  0x86,  0x0F,  0xFF,  0x0F,  0xFC,  0x07,  0xE0,  0x00,
  0x00,  0x00,  0x00,  0x00,  0x00,  0x00,  0x00,  0x00,
  0x00,  0x00,  0x00
};

const UCHAR abc_fontArialNarrowBold31h_1EC1[  59] = { /* code 1EC1 */
  0x0F,  0x00,  0x0F,  0x00,  0x0E,  0x00,  0x0E,  0x00,
  0x00,  0x00,  0x70,  0x01,  0xF0,  0x07,  0x70,  0x1C,
  0x70,  0x00,  0x00,  0x1F,  0x00,  0xFF,  0x83,  0xFF,
  0x87,  0x8F,  0x1E,  0x0E,  0x3C,  0x1E,  0x7F,  0xFC,
  0xFF,  0xF9,  0xFF,  0xF3,  0xC0,  0x07,  0x80,  0x07,
  0x86,  0x0F,  0xFF,  0x0F,  0xFC,  0x07,  0xE0,  0x00,
  0x00,  0x00,  0x00,  0x00,  0x00,  0x00,  0x00,  0x00,
  0x00,  0x00,  0x00
};

const UCHAR abc_fontArialNarrowBold31h_1EC3[  59] = { /* code 1EC3 */
  0x07,  0x80,  0x01,  0x80,  0x03,  0x00,  0x08,  0x00,
  0x00,  0x00,  0x70,  0x01,  0xF0,  0x07,  0x70,  0x1C,
  0x70,  0x00,  0x00,  0x1F,  0x00,  0xFF,  0x83,  0xFF,
  0x87,  0x8F,  0x1E,  0x0E,  0x3C,  0x1E,  0x7F,  0xFC,
  0xFF,  0xF9,  0xFF,  0xF3,  0xC0,  0x07,  0x80,  0x07,
  0x86,  0x0F,  0xFF,  0x0F,  0xFC,  0x07,  0xE0,  0x00,
  0x00,  0x00,  0x00,  0x00,  0x00,  0x00,  0x00,  0x00,
  0x00,  0x00,  0x00
};

const UCHAR abc_fontArialNarrowBold31h_1EC7[  59] = { /* code 1EC7 */
  0x00,  0x00,  0x00,  0x00,  0x00,  0x00,  0x00,  0x00,
  0x00,  0x00,  0x70,  0x01,  0xF0,  0x07,  0x70,  0x1C,
  0x70,  0x00,  0x00,  0x1F,  0x00,  0xFF,  0x83,  0xFF,
  0x87,  0x8F,  0x1E,  0x0E,  0x3C,  0x1E,  0x7F,  0xFC,
  0xFF,  0xF9,  0xFF,  0xF3,  0xC0,  0x07,  0x80,  0x07,
  0x86,  0x0F,  0xFF,  0x0F,  0xFC,  0x07,  0xE0,  0x00,
  0x00,  0x00,  0x00,  0x1E,  0x00,  0x3C,  0x00,  0x78,
  0x00,  0xF0,  0x00
};

const UCHAR abc_fontArialNarrowBold31h_1EC9[  31] = { /* code 1EC9 */
  0x00,  0x00,  0x00,  0x00,  0x00,  0x3C,  0x06,  0x06,
  0x08,  0x00,  0x3C,  0x3C,  0x3C,  0x3C,  0x3C,  0x3C,
  0x3C,  0x3C,  0x3C,  0x3C,  0x3C,  0x3C,  0x3C,  0x3C,
  0x3C,  0x00,  0x00,  0x00,  0x00,  0x00,  0x00
};

const UCHAR abc_fontArialNarrowBold31h_1ECB[  31] = { /* code 1ECB */
  0x00,  0x00,  0x00,  0x00,  0x00,  0x3C,  0x3C,  0x3C,
  0x00,  0x00,  0x3C,  0x3C,  0x3C,  0x3C,  0x3C,  0x3C,
  0x3C,  0x3C,  0x3C,  0x3C,  0x3C,  0x3C,  0x3C,  0x3C,
  0x3C,  0x00,  0x00,  0x3C,  0x3C,  0x3C,  0x3C
};

const UCHAR abc_fontArialNarrowBold31h_1ED5[  66] = { /* code 1ED5 */
  0x03,  0xC0,  0x00,  0x30,  0x00,  0x18,  0x00,  0x10,
  0x00,  0x00,  0x00,  0x0E,  0x00,  0x0F,  0x80,  0x0E,
  0xE0,  0x0E,  0x38,  0x00,  0x00,  0x00,  0xF8,  0x01,
  0xFF,  0x01,  0xFF,  0xC1,  0xF1,  0xF0,  0xF0,  0x78,
  0xF0,  0x1E,  0x78,  0x0F,  0x3C,  0x07,  0x9E,  0x03,
  0xCF,  0x01,  0xE3,  0xC1,  0xE1,  0xF1,  0xF0,  0x7F,
  0xF0,  0x1F,  0xF0,  0x03,  0xE0,  0x00,  0x00,  0x00,
  0x00,  0x00,  0x00,  0x00,  0x00,  0x00,  0x00,  0x00,
  0x00,  0x00
};

const UCHAR abc_fontArialNarrowBold31h_1EDF[  74] = { /* code 1EDF */
  0x00,  0x00,  0x00,  0x00,  0x00,  0x00,  0x00,  0x00,
  0x00,  0x00,  0x00,  0x00,  0x0F,  0x00,  0x00,  0x30,
  0x00,  0x06,  0x00,  0x01,  0x00,  0x00,  0x00,  0x00,
  0x1F,  0x07,  0x8F,  0xF8,  0xF3,  0xFF,  0x9E,  0xF8,
  0xFB,  0xDE,  0x0F,  0x9F,  0x80,  0xF3,  0xF0,  0x1E,
  0xDE,  0x03,  0xFB,  0xC0,  0x7C,  0x78,  0x0F,  0x07,
  0x83,  0xE0,  0xF8,  0xF8,  0x0F,  0xFE,  0x00,  0xFF,
  0x80,  0x07,  0xC0,  0x00,  0x00,  0x00,  0x00,  0x00,
  0x00,  0x00,  0x00,  0x00,  0x00,  0x00,  0x00,  0x00,
  0x00,  0x00
};

const UCHAR abc_fontArialNarrowBold31h_1EE2[  90] = { /* code 1EE2 */
  0x00,  0x00,  0x00,  0x00,  0x00,  0x00,  0x00,  0x00,
  0x00,  0x00,  0x00,  0x00,  0x00,  0x00,  0x00,  0x3F,
  0x83,  0xC1,  0xFF,  0xC7,  0x87,  0xFF,  0xCF,  0x1F,
  0xFF,  0xDE,  0x7E,  0x0F,  0xCC,  0xF8,  0x07,  0x9B,
  0xE0,  0x0F,  0x77,  0x80,  0x0F,  0xCF,  0x00,  0x1F,
  0x1E,  0x00,  0x3C,  0x3C,  0x00,  0x78,  0x78,  0x00,
  0xF0,  0xF0,  0x01,  0xE1,  0xF0,  0x07,  0xC1,  0xF0,
  0x1F,  0x03,  0xF0,  0x7E,  0x03,  0xFF,  0xF8,  0x03,
  0xFF,  0xE0,  0x03,  0xFF,  0x80,  0x01,  0xFC,  0x00,
  0x00,  0x00,  0x00,  0x00,  0x00,  0x00,  0x03,  0xC0,
  0x00,  0x07,  0x80,  0x00,  0x0F,  0x00,  0x00,  0x1E,
  0x00,  0x00
};

const UCHAR abc_fontArialNarrowBold31h_1EE3[  74] = { /* code 1EE3 */
  0x00,  0x00,  0x00,  0x00,  0x00,  0x00,  0x00,  0x00,
  0x00,  0x00,  0x00,  0x00,  0x00,  0x00,  0x00,  0x00,
  0x00,  0x00,  0x00,  0x00,  0x00,  0x00,  0x00,  0x00,
  0x1F,  0x07,  0x8F,  0xF8,  0xF3,  0xFF,  0x9E,  0xF8,
  0xFB,  0xDE,  0x0F,  0x9F,  0x80,  0xF3,  0xF0,  0x1E,
  0xDE,  0x03,  0xFB,  0xC0,  0x7C,  0x78,  0x0F,  0x07,
  0x83,  0xE0,  0xF8,  0xF8,  0x0F,  0xFE,  0x00,  0xFF,
  0x80,  0x07,  0xC0,  0x00,  0x00,  0x00,  0x00,  0x00,
  0x01,  0xE0,  0x00,  0x3C,  0x00,  0x07,  0x80,  0x00,
  0xF0,  0x00
};

const UCHAR abc_fontArialNarrowBold31h_1EE5[  66] = { /* code 1EE5 */
  0x00,  0x00,  0x00,  0x00,  0x00,  0x00,  0x00,  0x00,
  0x00,  0x00,  0x00,  0x00,  0x00,  0x00,  0x00,  0x00,
  0x00,  0x00,  0x00,  0x00,  0x00,  0x0F,  0x07,  0x87,
  0x83,  0xC3,  0xC1,  0xE1,  0xE0,  0xF0,  0xF0,  0x78,
  0x78,  0x3C,  0x3C,  0x1E,  0x1E,  0x0F,  0x0F,  0x07,
  0x87,  0x83,  0xC3,  0xC1,  0xE1,  0xF1,  0xF0,  0xFF,
  0xF8,  0x3F,  0xFC,  0x0F,  0x9E,  0x00,  0x00,  0x00,
  0x00,  0x00,  0x3C,  0x00,  0x1E,  0x00,  0x0F,  0x00,
  0x07,  0x80
};

const UCHAR abc_fontArialNarrowBold31h_1EE9[  78] = { /* code 1EE9 */
  0x00,  0x00,  0x00,  0x00,  0x00,  0x00,  0x00,  0x00,
  0x00,  0x00,  0x00,  0x00,  0x00,  0x07,  0x80,  0x00,
  0xF0,  0x00,  0x0E,  0x00,  0x01,  0xC0,  0x00,  0x00,
  0x00,  0x3C,  0x1E,  0xF3,  0xC1,  0xEF,  0x3C,  0x1E,
  0xF3,  0xC1,  0xEF,  0x3C,  0x1E,  0x33,  0xC1,  0xE3,
  0x3C,  0x1E,  0x63,  0xC1,  0xFE,  0x3C,  0x1F,  0x83,
  0xC1,  0xE0,  0x3C,  0x1E,  0x03,  0xE3,  0xE0,  0x3F,
  0xFE,  0x01,  0xFD,  0xE0,  0x0F,  0x9E,  0x00,  0x00,
  0x00,  0x00,  0x00,  0x00,  0x00,  0x00,  0x00,  0x00,
  0x00,  0x00,  0x00,  0x00,  0x00,  0x00
};

const UCHAR abc_fontArialNarrowBold31h_1EF1[  78] = { /* code 1EF1 */
  0x00,  0x00,  0x00,  0x00,  0x00,  0x00,  0x00,  0x00,
  0x00,  0x00,  0x00,  0x00,  0x00,  0x00,  0x00,  0x00,
  0x00,  0x00,  0x00,  0x00,  0x00,  0x00,  0x00,  0x00,
  0x00,  0x3C,  0x1E,  0xF3,  0xC1,  0xEF,  0x3C,  0x1E,
  0xF3,  0xC1,  0xEF,  0x3C,  0x1E,  0x33,  0xC1,  0xE3,
  0x3C,  0x1E,  0x63,  0xC1,  0xFE,  0x3C,  0x1F,  0x83,
  0xC1,  0xE0,  0x3C,  0x1E,  0x03,  0xE3,  0xE0,  0x3F,
  0xFE,  0x01,  0xFD,  0xE0,  0x0F,  0x9E,  0x00,  0x00,
  0x00,  0x00,  0x00,  0x00,  0x1E,  0x00,  0x01,  0xE0,
  0x00,  0x1E,  0x00,  0x01,  0xE0,  0x00
};

const UCHAR abc_fontArialNarrowBold31h_2082[  24] = { /* code 2082 */
  0x00,  0x00,  0x00,  0x00,  0x00,  0x00,  0x7D,  0x14,
  0x51,  0x45,  0x14,  0x51,  0x45,  0x14,  0x51,  0x45,
  0x14,  0x51,  0x7C,  0x00,  0x00,  0x00,  0x00,  0x00
};

const BFC_CHARINFO fontArialNarrowBold31h_CharInfo[281] = {
   {   6,  24, {abc_fontArialNarrowBold31h_0020} }, /* code 0020 */
   {   7,  28, {abc_fontArialNarrowBold31h_0021} }, /* code 0021 */
   {  11,  43, {abc_fontArialNarrowBold31h_0022} }, /* code 0022 */
   {  12,  47, {abc_fontArialNarrowBold31h_0023} }, /* code 0023 */
   {  12,  47, {abc_fontArialNarrowBold31h_0024} }, /* code 0024 */
   {  20,  78, {abc_fontArialNarrowBold31h_0025} }, /* code 0025 */
   {  16,  62, {abc_fontArialNarrowBold31h_0026} }, /* code 0026 */
   {   5,  20, {abc_fontArialNarrowBold31h_0027} }, /* code 0027 */
   {   7,  28, {abc_fontArialNarrowBold31h_0028} }, /* code 0028 */
   {   7,  28, {abc_fontArialNarrowBold31h_0029} }, /* code 0029 */
   {   9,  35, {abc_fontArialNarrowBold31h_002A} }, /* code 002A */
   {  13,  51, {abc_fontArialNarrowBold31h_002B} }, /* code 002B */
   {   6,  24, {abc_fontArialNarrowBold31h_002C} }, /* code 002C */
   {   7,  28, {abc_fontArialNarrowBold31h_002D} }, /* code 002D */
   {   6,  24, {abc_fontArialNarrowBold31h_002E} }, /* code 002E */
   {   6,  24, {abc_fontArialNarrowBold31h_002F} }, /* code 002F */
   {  12,  47, {abc_fontArialNarrowBold31h_0030} }, /* code 0030 */
   {  12,  47, {abc_fontArialNarrowBold31h_0031} }, /* code 0031 */
   {  12,  47, {abc_fontArialNarrowBold31h_0032} }, /* code 0032 */
   {  12,  47, {abc_fontArialNarrowBold31h_0033} }, /* code 0033 */
   {  12,  47, {abc_fontArialNarrowBold31h_0034} }, /* code 0034 */
   {  12,  47, {abc_fontArialNarrowBold31h_0035} }, /* code 0035 */
   {  12,  47, {abc_fontArialNarrowBold31h_0036} }, /* code 0036 */
   {  12,  47, {abc_fontArialNarrowBold31h_0037} }, /* code 0037 */
   {  12,  47, {abc_fontArialNarrowBold31h_0038} }, /* code 0038 */
   {  12,  47, {abc_fontArialNarrowBold31h_0039} }, /* code 0039 */
   {   7,  28, {abc_fontArialNarrowBold31h_003A} }, /* code 003A */
   {   7,  28, {abc_fontArialNarrowBold31h_003B} }, /* code 003B */
   {  13,  51, {abc_fontArialNarrowBold31h_003C} }, /* code 003C */
   {  13,  51, {abc_fontArialNarrowBold31h_003D} }, /* code 003D */
   {  13,  51, {abc_fontArialNarrowBold31h_003E} }, /* code 003E */
   {  13,  51, {abc_fontArialNarrowBold31h_003F} }, /* code 003F */
   {  22,  86, {abc_fontArialNarrowBold31h_0040} }, /* code 0040 */
   {  16,  62, {abc_fontArialNarrowBold31h_0041} }, /* code 0041 */
   {  16,  62, {abc_fontArialNarrowBold31h_0042} }, /* code 0042 */
   {  16,  62, {abc_fontArialNarrowBold31h_0043} }, /* code 0043 */
   {  16,  62, {abc_fontArialNarrowBold31h_0044} }, /* code 0044 */
   {  15,  59, {abc_fontArialNarrowBold31h_0045} }, /* code 0045 */
   {  13,  51, {abc_fontArialNarrowBold31h_0046} }, /* code 0046 */
   {  17,  66, {abc_fontArialNarrowBold31h_0047} }, /* code 0047 */
   {  16,  62, {abc_fontArialNarrowBold31h_0048} }, /* code 0048 */
   {   6,  24, {abc_fontArialNarrowBold31h_0049} }, /* code 0049 */
   {  12,  47, {abc_fontArialNarrowBold31h_004A} }, /* code 004A */
   {  16,  62, {abc_fontArialNarrowBold31h_004B} }, /* code 004B */
   {  13,  51, {abc_fontArialNarrowBold31h_004C} }, /* code 004C */
   {  18,  70, {abc_fontArialNarrowBold31h_004D} }, /* code 004D */
   {  16,  62, {abc_fontArialNarrowBold31h_004E} }, /* code 004E */
   {  17,  66, {abc_fontArialNarrowBold31h_004F} }, /* code 004F */
   {  15,  59, {abc_fontArialNarrowBold31h_0050} }, /* code 0050 */
   {  17,  66, {abc_fontArialNarrowBold31h_0051} }, /* code 0051 */
   {  16,  62, {abc_fontArialNarrowBold31h_0052} }, /* code 0052 */
   {  15,  59, {abc_fontArialNarrowBold31h_0053} }, /* code 0053 */
   {  13,  51, {abc_fontArialNarrowBold31h_0054} }, /* code 0054 */
   {  16,  62, {abc_fontArialNarrowBold31h_0055} }, /* code 0055 */
   {  15,  59, {abc_fontArialNarrowBold31h_0056} }, /* code 0056 */
   {  21,  82, {abc_fontArialNarrowBold31h_0057} }, /* code 0057 */
   {  15,  59, {abc_fontArialNarrowBold31h_0058} }, /* code 0058 */
   {  15,  59, {abc_fontArialNarrowBold31h_0059} }, /* code 0059 */
   {  13,  51, {abc_fontArialNarrowBold31h_005A} }, /* code 005A */
   {   7,  28, {abc_fontArialNarrowBold31h_005B} }, /* code 005B */
   {   6,  24, {abc_fontArialNarrowBold31h_005C} }, /* code 005C */
   {   7,  28, {abc_fontArialNarrowBold31h_005D} }, /* code 005D */
   {  13,  51, {abc_fontArialNarrowBold31h_005E} }, /* code 005E */
   {  12,  47, {abc_fontArialNarrowBold31h_005F} }, /* code 005F */
   {   7,  28, {abc_fontArialNarrowBold31h_0060} }, /* code 0060 */
   {  12,  47, {abc_fontArialNarrowBold31h_0061} }, /* code 0061 */
   {  13,  51, {abc_fontArialNarrowBold31h_0062} }, /* code 0062 */
   {  12,  47, {abc_fontArialNarrowBold31h_0063} }, /* code 0063 */
   {  13,  51, {abc_fontArialNarrowBold31h_0064} }, /* code 0064 */
   {  12,  47, {abc_fontArialNarrowBold31h_0065} }, /* code 0065 */
   {   8,  31, {abc_fontArialNarrowBold31h_0066} }, /* code 0066 */
   {  13,  51, {abc_fontArialNarrowBold31h_0067} }, /* code 0067 */
   {  13,  51, {abc_fontArialNarrowBold31h_0068} }, /* code 0068 */
   {   6,  24, {abc_fontArialNarrowBold31h_0069} }, /* code 0069 */
   {   6,  24, {abc_fontArialNarrowBold31h_006A} }, /* code 006A */
   {  12,  47, {abc_fontArialNarrowBold31h_006B} }, /* code 006B */
   {   6,  24, {abc_fontArialNarrowBold31h_006C} }, /* code 006C */
   {  20,  78, {abc_fontArialNarrowBold31h_006D} }, /* code 006D */
   {  13,  51, {abc_fontArialNarrowBold31h_006E} }, /* code 006E */
   {  13,  51, {abc_fontArialNarrowBold31h_006F} }, /* code 006F */
   {  13,  51, {abc_fontArialNarrowBold31h_0070} }, /* code 0070 */
   {  13,  51, {abc_fontArialNarrowBold31h_0071} }, /* code 0071 */
   {   9,  35, {abc_fontArialNarrowBold31h_0072} }, /* code 0072 */
   {  12,  47, {abc_fontArialNarrowBold31h_0073} }, /* code 0073 */
   {   7,  28, {abc_fontArialNarrowBold31h_0074} }, /* code 0074 */
   {  13,  51, {abc_fontArialNarrowBold31h_0075} }, /* code 0075 */
   {  12,  47, {abc_fontArialNarrowBold31h_0076} }, /* code 0076 */
   {  17,  66, {abc_fontArialNarrowBold31h_0077} }, /* code 0077 */
   {  12,  47, {abc_fontArialNarrowBold31h_0078} }, /* code 0078 */
   {  12,  47, {abc_fontArialNarrowBold31h_0079} }, /* code 0079 */
   {  11,  43, {abc_fontArialNarrowBold31h_007A} }, /* code 007A */
   {   9,  35, {abc_fontArialNarrowBold31h_007B} }, /* code 007B */
   {   6,  24, {abc_fontArialNarrowBold31h_007C} }, /* code 007C */
   {   9,  35, {abc_fontArialNarrowBold31h_007D} }, /* code 007D */
   {  13,  51, {abc_fontArialNarrowBold31h_007E} }, /* code 007E */
   {   7,  28, {abc_fontArialNarrowBold31h_00B2} }, /* code 00B2 */
   {  13,  51, {abc_fontArialNarrowBold31h_00BF} }, /* code 00BF */
   {  16,  62, {abc_fontArialNarrowBold31h_00C0} }, /* code 00C0 */
   {  16,  62, {abc_fontArialNarrowBold31h_00C1} }, /* code 00C1 */
   {  16,  62, {abc_fontArialNarrowBold31h_00C2} }, /* code 00C2 */
   {  16,  62, {abc_fontArialNarrowBold31h_00C3} }, /* code 00C3 */
   {  16,  62, {abc_fontArialNarrowBold31h_00C4} }, /* code 00C4 */
   {  16,  62, {abc_fontArialNarrowBold31h_00C5} }, /* code 00C5 */
   {  22,  86, {abc_fontArialNarrowBold31h_00C6} }, /* code 00C6 */
   {  16,  62, {abc_fontArialNarrowBold31h_00C7} }, /* code 00C7 */
   {  15,  59, {abc_fontArialNarrowBold31h_00C8} }, /* code 00C8 */
   {  15,  59, {abc_fontArialNarrowBold31h_00C9} }, /* code 00C9 */
   {  15,  59, {abc_fontArialNarrowBold31h_00CA} }, /* code 00CA */
   {  15,  59, {abc_fontArialNarrowBold31h_00CB} }, /* code 00CB */
   {   6,  24, {abc_fontArialNarrowBold31h_00CC} }, /* code 00CC */
   {   6,  24, {abc_fontArialNarrowBold31h_00CD} }, /* code 00CD */
   {   8,  31, {abc_fontArialNarrowBold31h_00CE} }, /* code 00CE */
   {   8,  31, {abc_fontArialNarrowBold31h_00CF} }, /* code 00CF */
   {  16,  62, {abc_fontArialNarrowBold31h_00D1} }, /* code 00D1 */
   {  17,  66, {abc_fontArialNarrowBold31h_00D2} }, /* code 00D2 */
   {  17,  66, {abc_fontArialNarrowBold31h_00D3} }, /* code 00D3 */
   {  17,  66, {abc_fontArialNarrowBold31h_00D4} }, /* code 00D4 */
   {  17,  66, {abc_fontArialNarrowBold31h_00D5} }, /* code 00D5 */
   {  17,  66, {abc_fontArialNarrowBold31h_00D6} }, /* code 00D6 */
   {  21,  82, {abc_fontArialNarrowBold31h_00D8} }, /* code 00D8 */
   {  16,  62, {abc_fontArialNarrowBold31h_00D9} }, /* code 00D9 */
   {  16,  62, {abc_fontArialNarrowBold31h_00DA} }, /* code 00DA */
   {  16,  62, {abc_fontArialNarrowBold31h_00DB} }, /* code 00DB */
   {  16,  62, {abc_fontArialNarrowBold31h_00DC} }, /* code 00DC */
   {  12,  47, {abc_fontArialNarrowBold31h_00E0} }, /* code 00E0 */
   {  12,  47, {abc_fontArialNarrowBold31h_00E1} }, /* code 00E1 */
   {  12,  47, {abc_fontArialNarrowBold31h_00E2} }, /* code 00E2 */
   {  12,  47, {abc_fontArialNarrowBold31h_00E3} }, /* code 00E3 */
   {  12,  47, {abc_fontArialNarrowBold31h_00E4} }, /* code 00E4 */
   {  12,  47, {abc_fontArialNarrowBold31h_00E5} }, /* code 00E5 */
   {  20,  78, {abc_fontArialNarrowBold31h_00E6} }, /* code 00E6 */
   {  12,  47, {abc_fontArialNarrowBold31h_00E7} }, /* code 00E7 */
   {  12,  47, {abc_fontArialNarrowBold31h_00E8} }, /* code 00E8 */
   {  12,  47, {abc_fontArialNarrowBold31h_00E9} }, /* code 00E9 */
   {  12,  47, {abc_fontArialNarrowBold31h_00EA} }, /* code 00EA */
   {  12,  47, {abc_fontArialNarrowBold31h_00EB} }, /* code 00EB */
   {   6,  24, {abc_fontArialNarrowBold31h_00EC} }, /* code 00EC */
   {   6,  24, {abc_fontArialNarrowBold31h_00ED} }, /* code 00ED */
   {   8,  31, {abc_fontArialNarrowBold31h_00EE} }, /* code 00EE */
   {   8,  31, {abc_fontArialNarrowBold31h_00EF} }, /* code 00EF */
   {  13,  51, {abc_fontArialNarrowBold31h_00F1} }, /* code 00F1 */
   {  13,  51, {abc_fontArialNarrowBold31h_00F2} }, /* code 00F2 */
   {  13,  51, {abc_fontArialNarrowBold31h_00F3} }, /* code 00F3 */
   {  13,  51, {abc_fontArialNarrowBold31h_00F4} }, /* code 00F4 */
   {  13,  51, {abc_fontArialNarrowBold31h_00F5} }, /* code 00F5 */
   {  13,  51, {abc_fontArialNarrowBold31h_00F6} }, /* code 00F6 */
   {  17,  66, {abc_fontArialNarrowBold31h_00F8} }, /* code 00F8 */
   {  13,  51, {abc_fontArialNarrowBold31h_00F9} }, /* code 00F9 */
   {  13,  51, {abc_fontArialNarrowBold31h_00FA} }, /* code 00FA */
   {  13,  51, {abc_fontArialNarrowBold31h_00FB} }, /* code 00FB */
   {  13,  51, {abc_fontArialNarrowBold31h_00FC} }, /* code 00FC */
   {  16,  62, {abc_fontArialNarrowBold31h_0100} }, /* code 0100 */
   {  12,  47, {abc_fontArialNarrowBold31h_0101} }, /* code 0101 */
   {  15,  59, {abc_fontArialNarrowBold31h_0103} }, /* code 0103 */
   {  15,  59, {abc_fontArialNarrowBold31h_0105} }, /* code 0105 */
   {  15,  59, {abc_fontArialNarrowBold31h_0107} }, /* code 0107 */
   {  20,  78, {abc_fontArialNarrowBold31h_0110} }, /* code 0110 */
   {  17,  66, {abc_fontArialNarrowBold31h_0111} }, /* code 0111 */
   {  15,  59, {abc_fontArialNarrowBold31h_0112} }, /* code 0112 */
   {  12,  47, {abc_fontArialNarrowBold31h_0113} }, /* code 0113 */
   {  15,  59, {abc_fontArialNarrowBold31h_0119} }, /* code 0119 */
   {  17,  66, {abc_fontArialNarrowBold31h_011F} }, /* code 011F */
   {   7,  28, {abc_fontArialNarrowBold31h_012B} }, /* code 012B */
   {   8,  31, {abc_fontArialNarrowBold31h_0130} }, /* code 0130 */
   {   8,  31, {abc_fontArialNarrowBold31h_0131} }, /* code 0131 */
   {  17,  66, {abc_fontArialNarrowBold31h_0141} }, /* code 0141 */
   {   8,  31, {abc_fontArialNarrowBold31h_0142} }, /* code 0142 */
   {  17,  66, {abc_fontArialNarrowBold31h_0144} }, /* code 0144 */
   {  17,  66, {abc_fontArialNarrowBold31h_0146} }, /* code 0146 */
   {  15,  59, {abc_fontArialNarrowBold31h_015B} }, /* code 015B */
   {  18,  70, {abc_fontArialNarrowBold31h_015E} }, /* code 015E */
   {  15,  59, {abc_fontArialNarrowBold31h_015F} }, /* code 015F */
   {  15,  59, {abc_fontArialNarrowBold31h_0161} }, /* code 0161 */
   {  20,  78, {abc_fontArialNarrowBold31h_016A} }, /* code 016A */
   {  17,  66, {abc_fontArialNarrowBold31h_016B} }, /* code 016B */
   {  14,  55, {abc_fontArialNarrowBold31h_017A} }, /* code 017A */
   {  22,  86, {abc_fontArialNarrowBold31h_01AF} }, /* code 01AF */
   {  20,  78, {abc_fontArialNarrowBold31h_01B0} }, /* code 01B0 */
   {  15,  59, {abc_fontArialNarrowBold31h_0219} }, /* code 0219 */
   {   9,  35, {abc_fontArialNarrowBold31h_021B} }, /* code 021B */
   {  16,  62, {abc_fontArialNarrowBold31h_0386} }, /* code 0386 */
   {  19,  74, {abc_fontArialNarrowBold31h_0388} }, /* code 0388 */
   {  16,  62, {abc_fontArialNarrowBold31h_0391} }, /* code 0391 */
   {  16,  62, {abc_fontArialNarrowBold31h_0392} }, /* code 0392 */
   {  16,  62, {abc_fontArialNarrowBold31h_0393} }, /* code 0393 */
   {  16,  62, {abc_fontArialNarrowBold31h_0394} }, /* code 0394 */
   {  15,  59, {abc_fontArialNarrowBold31h_0395} }, /* code 0395 */
   {  16,  62, {abc_fontArialNarrowBold31h_0397} }, /* code 0397 */
   {   6,  24, {abc_fontArialNarrowBold31h_0399} }, /* code 0399 */
   {  16,  62, {abc_fontArialNarrowBold31h_039A} }, /* code 039A */
   {  18,  70, {abc_fontArialNarrowBold31h_039C} }, /* code 039C */
   {  16,  62, {abc_fontArialNarrowBold31h_039D} }, /* code 039D */
   {  14,  55, {abc_fontArialNarrowBold31h_039E} }, /* code 039E */
   {  17,  66, {abc_fontArialNarrowBold31h_039F} }, /* code 039F */
   {  16,  62, {abc_fontArialNarrowBold31h_03A0} }, /* code 03A0 */
   {  15,  59, {abc_fontArialNarrowBold31h_03A1} }, /* code 03A1 */
   {  16,  62, {abc_fontArialNarrowBold31h_03A3} }, /* code 03A3 */
   {  15,  59, {abc_fontArialNarrowBold31h_03A5} }, /* code 03A5 */
   {  14,  55, {abc_fontArialNarrowBold31h_03AC} }, /* code 03AC */
   {  11,  43, {abc_fontArialNarrowBold31h_03AD} }, /* code 03AD */
   {  14,  55, {abc_fontArialNarrowBold31h_03AE} }, /* code 03AE */
   {   6,  24, {abc_fontArialNarrowBold31h_03AF} }, /* code 03AF */
   {  17,  66, {abc_fontArialNarrowBold31h_03B1} }, /* code 03B1 */
   {  14,  55, {abc_fontArialNarrowBold31h_03B2} }, /* code 03B2 */
   {  12,  47, {abc_fontArialNarrowBold31h_03B3} }, /* code 03B3 */
   {  16,  62, {abc_fontArialNarrowBold31h_03B4} }, /* code 03B4 */
   {  13,  51, {abc_fontArialNarrowBold31h_03B5} }, /* code 03B5 */
   {  14,  55, {abc_fontArialNarrowBold31h_03B7} }, /* code 03B7 */
   {  12,  47, {abc_fontArialNarrowBold31h_03B8} }, /* code 03B8 */
   {   6,  24, {abc_fontArialNarrowBold31h_03B9} }, /* code 03B9 */
   {  12,  47, {abc_fontArialNarrowBold31h_03BA} }, /* code 03BA */
   {  12,  47, {abc_fontArialNarrowBold31h_03BB} }, /* code 03BB */
   {  14,  55, {abc_fontArialNarrowBold31h_03BC} }, /* code 03BC */
   {  12,  47, {abc_fontArialNarrowBold31h_03BD} }, /* code 03BD */
   {  10,  39, {abc_fontArialNarrowBold31h_03BE} }, /* code 03BE */
   {  14,  55, {abc_fontArialNarrowBold31h_03BF} }, /* code 03BF */
   {  19,  74, {abc_fontArialNarrowBold31h_03C0} }, /* code 03C0 */
   {  14,  55, {abc_fontArialNarrowBold31h_03C1} }, /* code 03C1 */
   {  12,  47, {abc_fontArialNarrowBold31h_03C2} }, /* code 03C2 */
   {  17,  66, {abc_fontArialNarrowBold31h_03C3} }, /* code 03C3 */
   {  11,  43, {abc_fontArialNarrowBold31h_03C4} }, /* code 03C4 */
   {  13,  51, {abc_fontArialNarrowBold31h_03C5} }, /* code 03C5 */
   {  18,  70, {abc_fontArialNarrowBold31h_03C6} }, /* code 03C6 */
   {  13,  51, {abc_fontArialNarrowBold31h_03C7} }, /* code 03C7 */
   {  19,  74, {abc_fontArialNarrowBold31h_03C9} }, /* code 03C9 */
   {  14,  55, {abc_fontArialNarrowBold31h_03CC} }, /* code 03CC */
   {  19,  74, {abc_fontArialNarrowBold31h_03CE} }, /* code 03CE */
   {   9,  35, {abc_fontArialNarrowBold31h_060C} }, /* code 060C */
   {  13,  51, {abc_fontArialNarrowBold31h_0621} }, /* code 0621 */
   {   6,  24, {abc_fontArialNarrowBold31h_0623} }, /* code 0623 */
   {   6,  24, {abc_fontArialNarrowBold31h_0625} }, /* code 0625 */
   {  17,  66, {abc_fontArialNarrowBold31h_0626} }, /* code 0626 */
   {   6,  24, {abc_fontArialNarrowBold31h_0627} }, /* code 0627 */
   {  18,  70, {abc_fontArialNarrowBold31h_0628} }, /* code 0628 */
   {   9,  35, {abc_fontArialNarrowBold31h_0629} }, /* code 0629 */
   {  18,  70, {abc_fontArialNarrowBold31h_062A} }, /* code 062A */
   {  16,  62, {abc_fontArialNarrowBold31h_062C} }, /* code 062C */
   {  16,  62, {abc_fontArialNarrowBold31h_062D} }, /* code 062D */
   {  16,  62, {abc_fontArialNarrowBold31h_062E} }, /* code 062E */
   {   9,  35, {abc_fontArialNarrowBold31h_062F} }, /* code 062F */
   {   9,  35, {abc_fontArialNarrowBold31h_0630} }, /* code 0630 */
   {  12,  47, {abc_fontArialNarrowBold31h_0631} }, /* code 0631 */
   {  12,  47, {abc_fontArialNarrowBold31h_0632} }, /* code 0632 */
   {  24,  93, {abc_fontArialNarrowBold31h_0633} }, /* code 0633 */
   {  24,  93, {abc_fontArialNarrowBold31h_0634} }, /* code 0634 */
   {  29, 113, {abc_fontArialNarrowBold31h_0635} }, /* code 0635 */
   {  29, 113, {abc_fontArialNarrowBold31h_0636} }, /* code 0636 */
   {  15,  59, {abc_fontArialNarrowBold31h_0637} }, /* code 0637 */
   {  15,  59, {abc_fontArialNarrowBold31h_0639} }, /* code 0639 */
   {  15,  59, {abc_fontArialNarrowBold31h_063A} }, /* code 063A */
   {  20,  78, {abc_fontArialNarrowBold31h_0641} }, /* code 0641 */
   {  17,  66, {abc_fontArialNarrowBold31h_0642} }, /* code 0642 */
   {  15,  59, {abc_fontArialNarrowBold31h_0643} }, /* code 0643 */
   {  12,  47, {abc_fontArialNarrowBold31h_0644} }, /* code 0644 */
   {  10,  39, {abc_fontArialNarrowBold31h_0645} }, /* code 0645 */
   {  15,  59, {abc_fontArialNarrowBold31h_0646} }, /* code 0646 */
   {   9,  35, {abc_fontArialNarrowBold31h_0647} }, /* code 0647 */
   {  12,  47, {abc_fontArialNarrowBold31h_0648} }, /* code 0648 */
   {  17,  66, {abc_fontArialNarrowBold31h_0649} }, /* code 0649 */
   {  17,  66, {abc_fontArialNarrowBold31h_064A} }, /* code 064A */
   {   5,  20, {abc_fontArialNarrowBold31h_064E} }, /* code 064E */
   {   5,  20, {abc_fontArialNarrowBold31h_0651} }, /* code 0651 */
   {  15,  59, {abc_fontArialNarrowBold31h_1EA3} }, /* code 1EA3 */
   {  15,  59, {abc_fontArialNarrowBold31h_1EA5} }, /* code 1EA5 */
   {  15,  59, {abc_fontArialNarrowBold31h_1EA9} }, /* code 1EA9 */
   {  15,  59, {abc_fontArialNarrowBold31h_1EAD} }, /* code 1EAD */
   {  15,  59, {abc_fontArialNarrowBold31h_1EAF} }, /* code 1EAF */
   {  15,  59, {abc_fontArialNarrowBold31h_1EBF} }, /* code 1EBF */
   {  15,  59, {abc_fontArialNarrowBold31h_1EC1} }, /* code 1EC1 */
   {  15,  59, {abc_fontArialNarrowBold31h_1EC3} }, /* code 1EC3 */
   {  15,  59, {abc_fontArialNarrowBold31h_1EC7} }, /* code 1EC7 */
   {   8,  31, {abc_fontArialNarrowBold31h_1EC9} }, /* code 1EC9 */
   {   8,  31, {abc_fontArialNarrowBold31h_1ECB} }, /* code 1ECB */
   {  17,  66, {abc_fontArialNarrowBold31h_1ED5} }, /* code 1ED5 */
   {  19,  74, {abc_fontArialNarrowBold31h_1EDF} }, /* code 1EDF */
   {  23,  90, {abc_fontArialNarrowBold31h_1EE2} }, /* code 1EE2 */
   {  19,  74, {abc_fontArialNarrowBold31h_1EE3} }, /* code 1EE3 */
   {  17,  66, {abc_fontArialNarrowBold31h_1EE5} }, /* code 1EE5 */
   {  20,  78, {abc_fontArialNarrowBold31h_1EE9} }, /* code 1EE9 */
   {  20,  78, {abc_fontArialNarrowBold31h_1EF1} }, /* code 1EF1 */
   {   6,  24, {abc_fontArialNarrowBold31h_2082} }  /* code 2082 */
};

const BFC_FONT_PROP fontArialNarrowBold31h_Prop69 = {
   0x2082, /* first character */
   0x2082, /* last character  */
   &fontArialNarrowBold31h_CharInfo[ 280],  /* address of first character */
   (const BFC_FONT_PROP *)0				/* pointer to next BFC_FONT_PROP */
};

const BFC_FONT_PROP fontArialNarrowBold31h_Prop68 = {
   0x1EF1, /* first character */
   0x1EF1, /* last character  */
   &fontArialNarrowBold31h_CharInfo[ 279],  /* address of first character */
   &fontArialNarrowBold31h_Prop69			/* pointer to next BFC_FONT_PROP */
};

const BFC_FONT_PROP fontArialNarrowBold31h_Prop67 = {
   0x1EE9, /* first character */
   0x1EE9, /* last character  */
   &fontArialNarrowBold31h_CharInfo[ 278],  /* address of first character */
   &fontArialNarrowBold31h_Prop68			/* pointer to next BFC_FONT_PROP */
};

const BFC_FONT_PROP fontArialNarrowBold31h_Prop66 = {
   0x1EE5, /* first character */
   0x1EE5, /* last character  */
   &fontArialNarrowBold31h_CharInfo[ 277],  /* address of first character */
   &fontArialNarrowBold31h_Prop67			/* pointer to next BFC_FONT_PROP */
};

const BFC_FONT_PROP fontArialNarrowBold31h_Prop65 = {
   0x1EE2, /* first character */
   0x1EE3, /* last character  */
   &fontArialNarrowBold31h_CharInfo[ 275],  /* address of first character */
   &fontArialNarrowBold31h_Prop66			/* pointer to next BFC_FONT_PROP */
};

const BFC_FONT_PROP fontArialNarrowBold31h_Prop64 = {
   0x1EDF, /* first character */
   0x1EDF, /* last character  */
   &fontArialNarrowBold31h_CharInfo[ 274],  /* address of first character */
   &fontArialNarrowBold31h_Prop65			/* pointer to next BFC_FONT_PROP */
};

const BFC_FONT_PROP fontArialNarrowBold31h_Prop63 = {
   0x1ED5, /* first character */
   0x1ED5, /* last character  */
   &fontArialNarrowBold31h_CharInfo[ 273],  /* address of first character */
   &fontArialNarrowBold31h_Prop64			/* pointer to next BFC_FONT_PROP */
};

const BFC_FONT_PROP fontArialNarrowBold31h_Prop62 = {
   0x1ECB, /* first character */
   0x1ECB, /* last character  */
   &fontArialNarrowBold31h_CharInfo[ 272],  /* address of first character */
   &fontArialNarrowBold31h_Prop63			/* pointer to next BFC_FONT_PROP */
};

const BFC_FONT_PROP fontArialNarrowBold31h_Prop61 = {
   0x1EC9, /* first character */
   0x1EC9, /* last character  */
   &fontArialNarrowBold31h_CharInfo[ 271],  /* address of first character */
   &fontArialNarrowBold31h_Prop62			/* pointer to next BFC_FONT_PROP */
};

const BFC_FONT_PROP fontArialNarrowBold31h_Prop60 = {
   0x1EC7, /* first character */
   0x1EC7, /* last character  */
   &fontArialNarrowBold31h_CharInfo[ 270],  /* address of first character */
   &fontArialNarrowBold31h_Prop61			/* pointer to next BFC_FONT_PROP */
};

const BFC_FONT_PROP fontArialNarrowBold31h_Prop59 = {
   0x1EC3, /* first character */
   0x1EC3, /* last character  */
   &fontArialNarrowBold31h_CharInfo[ 269],  /* address of first character */
   &fontArialNarrowBold31h_Prop60			/* pointer to next BFC_FONT_PROP */
};

const BFC_FONT_PROP fontArialNarrowBold31h_Prop58 = {
   0x1EC1, /* first character */
   0x1EC1, /* last character  */
   &fontArialNarrowBold31h_CharInfo[ 268],  /* address of first character */
   &fontArialNarrowBold31h_Prop59			/* pointer to next BFC_FONT_PROP */
};

const BFC_FONT_PROP fontArialNarrowBold31h_Prop57 = {
   0x1EBF, /* first character */
   0x1EBF, /* last character  */
   &fontArialNarrowBold31h_CharInfo[ 267],  /* address of first character */
   &fontArialNarrowBold31h_Prop58			/* pointer to next BFC_FONT_PROP */
};

const BFC_FONT_PROP fontArialNarrowBold31h_Prop56 = {
   0x1EAF, /* first character */
   0x1EAF, /* last character  */
   &fontArialNarrowBold31h_CharInfo[ 266],  /* address of first character */
   &fontArialNarrowBold31h_Prop57			/* pointer to next BFC_FONT_PROP */
};

const BFC_FONT_PROP fontArialNarrowBold31h_Prop55 = {
   0x1EAD, /* first character */
   0x1EAD, /* last character  */
   &fontArialNarrowBold31h_CharInfo[ 265],  /* address of first character */
   &fontArialNarrowBold31h_Prop56			/* pointer to next BFC_FONT_PROP */
};

const BFC_FONT_PROP fontArialNarrowBold31h_Prop54 = {
   0x1EA9, /* first character */
   0x1EA9, /* last character  */
   &fontArialNarrowBold31h_CharInfo[ 264],  /* address of first character */
   &fontArialNarrowBold31h_Prop55			/* pointer to next BFC_FONT_PROP */
};

const BFC_FONT_PROP fontArialNarrowBold31h_Prop53 = {
   0x1EA5, /* first character */
   0x1EA5, /* last character  */
   &fontArialNarrowBold31h_CharInfo[ 263],  /* address of first character */
   &fontArialNarrowBold31h_Prop54			/* pointer to next BFC_FONT_PROP */
};

const BFC_FONT_PROP fontArialNarrowBold31h_Prop52 = {
   0x1EA3, /* first character */
   0x1EA3, /* last character  */
   &fontArialNarrowBold31h_CharInfo[ 262],  /* address of first character */
   &fontArialNarrowBold31h_Prop53			/* pointer to next BFC_FONT_PROP */
};

const BFC_FONT_PROP fontArialNarrowBold31h_Prop51 = {
   0x0651, /* first character */
   0x0651, /* last character  */
   &fontArialNarrowBold31h_CharInfo[ 261],  /* address of first character */
   &fontArialNarrowBold31h_Prop52			/* pointer to next BFC_FONT_PROP */
};

const BFC_FONT_PROP fontArialNarrowBold31h_Prop50 = {
   0x064E, /* first character */
   0x064E, /* last character  */
   &fontArialNarrowBold31h_CharInfo[ 260],  /* address of first character */
   &fontArialNarrowBold31h_Prop51			/* pointer to next BFC_FONT_PROP */
};

const BFC_FONT_PROP fontArialNarrowBold31h_Prop49 = {
   0x0641, /* first character */
   0x064A, /* last character  */
   &fontArialNarrowBold31h_CharInfo[ 250],  /* address of first character */
   &fontArialNarrowBold31h_Prop50			/* pointer to next BFC_FONT_PROP */
};

const BFC_FONT_PROP fontArialNarrowBold31h_Prop48 = {
   0x0639, /* first character */
   0x063A, /* last character  */
   &fontArialNarrowBold31h_CharInfo[ 248],  /* address of first character */
   &fontArialNarrowBold31h_Prop49			/* pointer to next BFC_FONT_PROP */
};

const BFC_FONT_PROP fontArialNarrowBold31h_Prop47 = {
   0x062C, /* first character */
   0x0637, /* last character  */
   &fontArialNarrowBold31h_CharInfo[ 236],  /* address of first character */
   &fontArialNarrowBold31h_Prop48			/* pointer to next BFC_FONT_PROP */
};

const BFC_FONT_PROP fontArialNarrowBold31h_Prop46 = {
   0x0625, /* first character */
   0x062A, /* last character  */
   &fontArialNarrowBold31h_CharInfo[ 230],  /* address of first character */
   &fontArialNarrowBold31h_Prop47			/* pointer to next BFC_FONT_PROP */
};

const BFC_FONT_PROP fontArialNarrowBold31h_Prop45 = {
   0x0623, /* first character */
   0x0623, /* last character  */
   &fontArialNarrowBold31h_CharInfo[ 229],  /* address of first character */
   &fontArialNarrowBold31h_Prop46			/* pointer to next BFC_FONT_PROP */
};

const BFC_FONT_PROP fontArialNarrowBold31h_Prop44 = {
   0x0621, /* first character */
   0x0621, /* last character  */
   &fontArialNarrowBold31h_CharInfo[ 228],  /* address of first character */
   &fontArialNarrowBold31h_Prop45			/* pointer to next BFC_FONT_PROP */
};

const BFC_FONT_PROP fontArialNarrowBold31h_Prop43 = {
   0x060C, /* first character */
   0x060C, /* last character  */
   &fontArialNarrowBold31h_CharInfo[ 227],  /* address of first character */
   &fontArialNarrowBold31h_Prop44			/* pointer to next BFC_FONT_PROP */
};

const BFC_FONT_PROP fontArialNarrowBold31h_Prop42 = {
   0x03CE, /* first character */
   0x03CE, /* last character  */
   &fontArialNarrowBold31h_CharInfo[ 226],  /* address of first character */
   &fontArialNarrowBold31h_Prop43			/* pointer to next BFC_FONT_PROP */
};

const BFC_FONT_PROP fontArialNarrowBold31h_Prop41 = {
   0x03CC, /* first character */
   0x03CC, /* last character  */
   &fontArialNarrowBold31h_CharInfo[ 225],  /* address of first character */
   &fontArialNarrowBold31h_Prop42			/* pointer to next BFC_FONT_PROP */
};

const BFC_FONT_PROP fontArialNarrowBold31h_Prop40 = {
   0x03C9, /* first character */
   0x03C9, /* last character  */
   &fontArialNarrowBold31h_CharInfo[ 224],  /* address of first character */
   &fontArialNarrowBold31h_Prop41			/* pointer to next BFC_FONT_PROP */
};

const BFC_FONT_PROP fontArialNarrowBold31h_Prop39 = {
   0x03B7, /* first character */
   0x03C7, /* last character  */
   &fontArialNarrowBold31h_CharInfo[ 207],  /* address of first character */
   &fontArialNarrowBold31h_Prop40			/* pointer to next BFC_FONT_PROP */
};

const BFC_FONT_PROP fontArialNarrowBold31h_Prop38 = {
   0x03B1, /* first character */
   0x03B5, /* last character  */
   &fontArialNarrowBold31h_CharInfo[ 202],  /* address of first character */
   &fontArialNarrowBold31h_Prop39			/* pointer to next BFC_FONT_PROP */
};

const BFC_FONT_PROP fontArialNarrowBold31h_Prop37 = {
   0x03AC, /* first character */
   0x03AF, /* last character  */
   &fontArialNarrowBold31h_CharInfo[ 198],  /* address of first character */
   &fontArialNarrowBold31h_Prop38			/* pointer to next BFC_FONT_PROP */
};

const BFC_FONT_PROP fontArialNarrowBold31h_Prop36 = {
   0x03A5, /* first character */
   0x03A5, /* last character  */
   &fontArialNarrowBold31h_CharInfo[ 197],  /* address of first character */
   &fontArialNarrowBold31h_Prop37			/* pointer to next BFC_FONT_PROP */
};

const BFC_FONT_PROP fontArialNarrowBold31h_Prop35 = {
   0x03A3, /* first character */
   0x03A3, /* last character  */
   &fontArialNarrowBold31h_CharInfo[ 196],  /* address of first character */
   &fontArialNarrowBold31h_Prop36			/* pointer to next BFC_FONT_PROP */
};

const BFC_FONT_PROP fontArialNarrowBold31h_Prop34 = {
   0x039C, /* first character */
   0x03A1, /* last character  */
   &fontArialNarrowBold31h_CharInfo[ 190],  /* address of first character */
   &fontArialNarrowBold31h_Prop35			/* pointer to next BFC_FONT_PROP */
};

const BFC_FONT_PROP fontArialNarrowBold31h_Prop33 = {
   0x0399, /* first character */
   0x039A, /* last character  */
   &fontArialNarrowBold31h_CharInfo[ 188],  /* address of first character */
   &fontArialNarrowBold31h_Prop34			/* pointer to next BFC_FONT_PROP */
};

const BFC_FONT_PROP fontArialNarrowBold31h_Prop32 = {
   0x0397, /* first character */
   0x0397, /* last character  */
   &fontArialNarrowBold31h_CharInfo[ 187],  /* address of first character */
   &fontArialNarrowBold31h_Prop33			/* pointer to next BFC_FONT_PROP */
};

const BFC_FONT_PROP fontArialNarrowBold31h_Prop31 = {
   0x0391, /* first character */
   0x0395, /* last character  */
   &fontArialNarrowBold31h_CharInfo[ 182],  /* address of first character */
   &fontArialNarrowBold31h_Prop32			/* pointer to next BFC_FONT_PROP */
};

const BFC_FONT_PROP fontArialNarrowBold31h_Prop30 = {
   0x0388, /* first character */
   0x0388, /* last character  */
   &fontArialNarrowBold31h_CharInfo[ 181],  /* address of first character */
   &fontArialNarrowBold31h_Prop31			/* pointer to next BFC_FONT_PROP */
};

const BFC_FONT_PROP fontArialNarrowBold31h_Prop29 = {
   0x0386, /* first character */
   0x0386, /* last character  */
   &fontArialNarrowBold31h_CharInfo[ 180],  /* address of first character */
   &fontArialNarrowBold31h_Prop30			/* pointer to next BFC_FONT_PROP */
};

const BFC_FONT_PROP fontArialNarrowBold31h_Prop28 = {
   0x021B, /* first character */
   0x021B, /* last character  */
   &fontArialNarrowBold31h_CharInfo[ 179],  /* address of first character */
   &fontArialNarrowBold31h_Prop29			/* pointer to next BFC_FONT_PROP */
};

const BFC_FONT_PROP fontArialNarrowBold31h_Prop27 = {
   0x0219, /* first character */
   0x0219, /* last character  */
   &fontArialNarrowBold31h_CharInfo[ 178],  /* address of first character */
   &fontArialNarrowBold31h_Prop28			/* pointer to next BFC_FONT_PROP */
};

const BFC_FONT_PROP fontArialNarrowBold31h_Prop26 = {
   0x01AF, /* first character */
   0x01B0, /* last character  */
   &fontArialNarrowBold31h_CharInfo[ 176],  /* address of first character */
   &fontArialNarrowBold31h_Prop27			/* pointer to next BFC_FONT_PROP */
};

const BFC_FONT_PROP fontArialNarrowBold31h_Prop25 = {
   0x017A, /* first character */
   0x017A, /* last character  */
   &fontArialNarrowBold31h_CharInfo[ 175],  /* address of first character */
   &fontArialNarrowBold31h_Prop26			/* pointer to next BFC_FONT_PROP */
};

const BFC_FONT_PROP fontArialNarrowBold31h_Prop24 = {
   0x016A, /* first character */
   0x016B, /* last character  */
   &fontArialNarrowBold31h_CharInfo[ 173],  /* address of first character */
   &fontArialNarrowBold31h_Prop25			/* pointer to next BFC_FONT_PROP */
};

const BFC_FONT_PROP fontArialNarrowBold31h_Prop23 = {
   0x0161, /* first character */
   0x0161, /* last character  */
   &fontArialNarrowBold31h_CharInfo[ 172],  /* address of first character */
   &fontArialNarrowBold31h_Prop24			/* pointer to next BFC_FONT_PROP */
};

const BFC_FONT_PROP fontArialNarrowBold31h_Prop22 = {
   0x015E, /* first character */
   0x015F, /* last character  */
   &fontArialNarrowBold31h_CharInfo[ 170],  /* address of first character */
   &fontArialNarrowBold31h_Prop23			/* pointer to next BFC_FONT_PROP */
};

const BFC_FONT_PROP fontArialNarrowBold31h_Prop21 = {
   0x015B, /* first character */
   0x015B, /* last character  */
   &fontArialNarrowBold31h_CharInfo[ 169],  /* address of first character */
   &fontArialNarrowBold31h_Prop22			/* pointer to next BFC_FONT_PROP */
};

const BFC_FONT_PROP fontArialNarrowBold31h_Prop20 = {
   0x0146, /* first character */
   0x0146, /* last character  */
   &fontArialNarrowBold31h_CharInfo[ 168],  /* address of first character */
   &fontArialNarrowBold31h_Prop21			/* pointer to next BFC_FONT_PROP */
};

const BFC_FONT_PROP fontArialNarrowBold31h_Prop19 = {
   0x0144, /* first character */
   0x0144, /* last character  */
   &fontArialNarrowBold31h_CharInfo[ 167],  /* address of first character */
   &fontArialNarrowBold31h_Prop20			/* pointer to next BFC_FONT_PROP */
};

const BFC_FONT_PROP fontArialNarrowBold31h_Prop18 = {
   0x0141, /* first character */
   0x0142, /* last character  */
   &fontArialNarrowBold31h_CharInfo[ 165],  /* address of first character */
   &fontArialNarrowBold31h_Prop19			/* pointer to next BFC_FONT_PROP */
};

const BFC_FONT_PROP fontArialNarrowBold31h_Prop17 = {
   0x0130, /* first character */
   0x0131, /* last character  */
   &fontArialNarrowBold31h_CharInfo[ 163],  /* address of first character */
   &fontArialNarrowBold31h_Prop18			/* pointer to next BFC_FONT_PROP */
};

const BFC_FONT_PROP fontArialNarrowBold31h_Prop16 = {
   0x012B, /* first character */
   0x012B, /* last character  */
   &fontArialNarrowBold31h_CharInfo[ 162],  /* address of first character */
   &fontArialNarrowBold31h_Prop17			/* pointer to next BFC_FONT_PROP */
};

const BFC_FONT_PROP fontArialNarrowBold31h_Prop15 = {
   0x011F, /* first character */
   0x011F, /* last character  */
   &fontArialNarrowBold31h_CharInfo[ 161],  /* address of first character */
   &fontArialNarrowBold31h_Prop16			/* pointer to next BFC_FONT_PROP */
};

const BFC_FONT_PROP fontArialNarrowBold31h_Prop14 = {
   0x0119, /* first character */
   0x0119, /* last character  */
   &fontArialNarrowBold31h_CharInfo[ 160],  /* address of first character */
   &fontArialNarrowBold31h_Prop15			/* pointer to next BFC_FONT_PROP */
};

const BFC_FONT_PROP fontArialNarrowBold31h_Prop13 = {
   0x0110, /* first character */
   0x0113, /* last character  */
   &fontArialNarrowBold31h_CharInfo[ 156],  /* address of first character */
   &fontArialNarrowBold31h_Prop14			/* pointer to next BFC_FONT_PROP */
};

const BFC_FONT_PROP fontArialNarrowBold31h_Prop12 = {
   0x0107, /* first character */
   0x0107, /* last character  */
   &fontArialNarrowBold31h_CharInfo[ 155],  /* address of first character */
   &fontArialNarrowBold31h_Prop13			/* pointer to next BFC_FONT_PROP */
};

const BFC_FONT_PROP fontArialNarrowBold31h_Prop11 = {
   0x0105, /* first character */
   0x0105, /* last character  */
   &fontArialNarrowBold31h_CharInfo[ 154],  /* address of first character */
   &fontArialNarrowBold31h_Prop12			/* pointer to next BFC_FONT_PROP */
};

const BFC_FONT_PROP fontArialNarrowBold31h_Prop10 = {
   0x0103, /* first character */
   0x0103, /* last character  */
   &fontArialNarrowBold31h_CharInfo[ 153],  /* address of first character */
   &fontArialNarrowBold31h_Prop11			/* pointer to next BFC_FONT_PROP */
};

const BFC_FONT_PROP fontArialNarrowBold31h_Prop9 = {
   0x0100, /* first character */
   0x0101, /* last character  */
   &fontArialNarrowBold31h_CharInfo[ 151],  /* address of first character */
   &fontArialNarrowBold31h_Prop10			/* pointer to next BFC_FONT_PROP */
};

const BFC_FONT_PROP fontArialNarrowBold31h_Prop8 = {
   0x00F8, /* first character */
   0x00FC, /* last character  */
   &fontArialNarrowBold31h_CharInfo[ 146],  /* address of first character */
   &fontArialNarrowBold31h_Prop9			/* pointer to next BFC_FONT_PROP */
};

const BFC_FONT_PROP fontArialNarrowBold31h_Prop7 = {
   0x00F1, /* first character */
   0x00F6, /* last character  */
   &fontArialNarrowBold31h_CharInfo[ 140],  /* address of first character */
   &fontArialNarrowBold31h_Prop8			/* pointer to next BFC_FONT_PROP */
};

const BFC_FONT_PROP fontArialNarrowBold31h_Prop6 = {
   0x00E0, /* first character */
   0x00EF, /* last character  */
   &fontArialNarrowBold31h_CharInfo[ 124],  /* address of first character */
   &fontArialNarrowBold31h_Prop7			/* pointer to next BFC_FONT_PROP */
};

const BFC_FONT_PROP fontArialNarrowBold31h_Prop5 = {
   0x00D8, /* first character */
   0x00DC, /* last character  */
   &fontArialNarrowBold31h_CharInfo[ 119],  /* address of first character */
   &fontArialNarrowBold31h_Prop6			/* pointer to next BFC_FONT_PROP */
};

const BFC_FONT_PROP fontArialNarrowBold31h_Prop4 = {
   0x00D1, /* first character */
   0x00D6, /* last character  */
   &fontArialNarrowBold31h_CharInfo[ 113],  /* address of first character */
   &fontArialNarrowBold31h_Prop5			/* pointer to next BFC_FONT_PROP */
};

const BFC_FONT_PROP fontArialNarrowBold31h_Prop3 = {
   0x00BF, /* first character */
   0x00CF, /* last character  */
   &fontArialNarrowBold31h_CharInfo[  96],  /* address of first character */
   &fontArialNarrowBold31h_Prop4			/* pointer to next BFC_FONT_PROP */
};

const BFC_FONT_PROP fontArialNarrowBold31h_Prop2 = {
   0x00B2, /* first character */
   0x00B2, /* last character  */
   &fontArialNarrowBold31h_CharInfo[  95],  /* address of first character */
   &fontArialNarrowBold31h_Prop3			/* pointer to next BFC_FONT_PROP */
};

const BFC_FONT_PROP fontArialNarrowBold31h_Prop1 = {
   0x0020, /* first character */
   0x007E, /* last character  */
   &fontArialNarrowBold31h_CharInfo[   0],  /* address of first character */
   &fontArialNarrowBold31h_Prop2			/* pointer to next BFC_FONT_PROP */
};

const BFC_FONT fontArialNarrowBold31h = {
   0x01020802,  /* font type = FONTTYPE_PROP | DATA_PACKED | ENCODING_UNICODE | DATALENGTH_8 */
   31,  /* font height in pixels   */
   25,  /* font ascent (baseline) in pixels  */
   0 ,  /* reversed, =0 */
   {&fontArialNarrowBold31h_Prop1}  
};
