/*******************************************************************************
 *                                                                             *
 * This file is generated by BitFontCreator Pro v3.8                           *
 * by Iseatech Software   http://www.iseasoft.com/bitfontcreator.html          *
 *                        support@iseasoft.com                                 *
 *                                                                             *
 * Font name: Arial Narrow                                                     *
 * Font width: 0 (proportional font)                                           *
 * Font height: 37                                                             *
 * Encode: Unicode                                                             *
 * Data length: 8 bits                                                         *
 * Invert bits: No                                                             *
 * Data format: Big Endian, Row based, Row preferred, Packed                   *
 *                                                                             *
 * Create time: 14:22 08-16-2026                                               *
 *******************************************************************************/

#include "bfcfont.h"

/* The following line needs to be included in any file selecting the
   font.
*/
extern const BFC_FONT fontArialNarrow37h;

const UCHAR abc_fontArialNarrow37h_0020[  33] = { /* code 0020 */
  0x00,  0x00,  0x00,  0x00,  0x00,  0x00,  0x00,  0x00,
  0x00,  0x00,  0x00,  0x00,  0x00,  0x00,  0x00,  0x00,
  0x00,  0x00,  0x00,  0x00,  0x00,  0x00,  0x00,  0x00,
  0x00,  0x00,  0x00,  0x00,  0x00,  0x00,  0x00,  0x00,
  0x00
};

const UCHAR abc_fontArialNarrow37h_0021[  33] = { /* code 0021 */
  0x00,  0x00,  0x00,  0x00,  0x00,  0x00,  0x18,  0x30,
  0x60,  0xC1,  0x83,  0x06,  0x0C,  0x18,  0x30,  0x60,
  0xC1,  0x83,  0x06,  0x0C,  0x18,  0x00,  0x00,  0x00,
  0x03,  0x06,  0x00,  0x00,  0x00,  0x00,  0x00,  0x00,
  0x00
};

const UCHAR abc_fontArialNarrow37h_0022[  42] = { /* code 0022 */
  0x00,  0x00,  0x00,  0x00,  0x00,  0x00,  0x00,  0x00,
  0x6C,  0x36,  0x1B,  0x0D,  0x86,  0xC3,  0x61,  0xB0,
  0xD8,  0x00,  0x00,  0x00,  0x00,  0x00,  0x00,  0x00,
  0x00,  0x00,  0x00,  0x00,  0x00,  0x00,  0x00,  0x00,
  0x00,  0x00,  0x00,  0x00,  0x00,  0x00,  0x00,  0x00,
  0x00,  0x00
};

const UCHAR abc_fontArialNarrow37h_0023[  65] = { /* code 0023 */
  0x00,  0x00,  0x00,  0x00,  0x00,  0x00,  0x00,  0x00,
  0x00,  0x00,  0x00,  0x00,  0x01,  0x86,  0x06,  0x18,
  0x18,  0x60,  0xC3,  0x03,  0x0C,  0x0C,  0x30,  0x30,
  0xCF,  0xFF,  0xFF,  0xFF,  0x18,  0x60,  0x61,  0x81,
  0x86,  0x06,  0x18,  0x18,  0x63,  0xFF,  0xFF,  0xFF,
  0xCC,  0x30,  0x30,  0xC0,  0xC3,  0x03,  0x0C,  0x18,
  0x60,  0x61,  0x81,  0x86,  0x00,  0x00,  0x00,  0x00,
  0x00,  0x00,  0x00,  0x00,  0x00,  0x00,  0x00,  0x00,
  0x00
};

const UCHAR abc_fontArialNarrow37h_0024[  70] = { /* code 0024 */
  0x00,  0x00,  0x00,  0x00,  0x00,  0x00,  0x00,  0x00,
  0x00,  0x00,  0x00,  0x00,  0x80,  0x07,  0xC0,  0x1F,
  0xE0,  0x74,  0xE1,  0xC8,  0xC3,  0x10,  0xC6,  0x21,
  0x8C,  0x40,  0x18,  0x80,  0x39,  0x00,  0x32,  0x00,
  0x7C,  0x00,  0x3E,  0x00,  0x1F,  0x00,  0x2F,  0x00,
  0x47,  0x00,  0x86,  0x31,  0x0C,  0x62,  0x18,  0xE4,
  0x30,  0xC8,  0xC1,  0xD3,  0x81,  0xFE,  0x01,  0xF0,
  0x00,  0x80,  0x01,  0x00,  0x02,  0x00,  0x00,  0x00,
  0x00,  0x00,  0x00,  0x00,  0x00,  0x00
};

const UCHAR abc_fontArialNarrow37h_0025[ 107] = { /* code 0025 */
  0x00,  0x00,  0x00,  0x00,  0x00,  0x00,  0x00,  0x00,
  0x00,  0x00,  0x00,  0x00,  0x00,  0x00,  0x00,  0x00,
  0x00,  0x00,  0x00,  0x00,  0x0F,  0x00,  0xC0,  0x3F,
  0x03,  0x80,  0x66,  0x06,  0x01,  0x86,  0x0C,  0x03,
  0x0C,  0x30,  0x06,  0x18,  0x60,  0x0C,  0x31,  0x80,
  0x18,  0x63,  0x00,  0x30,  0xCE,  0x00,  0x33,  0x18,
  0x00,  0x7E,  0x30,  0x00,  0x78,  0xC7,  0x80,  0x01,
  0x9F,  0x80,  0x06,  0x33,  0x00,  0x0C,  0xC3,  0x00,
  0x31,  0x86,  0x00,  0x63,  0x0C,  0x01,  0xC6,  0x18,
  0x03,  0x0C,  0x30,  0x06,  0x18,  0x60,  0x18,  0x19,
  0x80,  0x30,  0x3F,  0x00,  0xC0,  0x3C,  0x00,  0x00,
  0x00,  0x00,  0x00,  0x00,  0x00,  0x00,  0x00,  0x00,
  0x00,  0x00,  0x00,  0x00,  0x00,  0x00,  0x00,  0x00,
  0x00,  0x00,  0x00
};

const UCHAR abc_fontArialNarrow37h_0026[  84] = { /* code 0026 */
  0x00,  0x00,  0x00,  0x00,  0x00,  0x00,  0x00,  0x00,
  0x00,  0x00,  0x00,  0x00,  0x00,  0x00,  0x00,  0x00,
  0x0F,  0x00,  0x0F,  0xF0,  0x03,  0x0C,  0x01,  0x81,
  0x80,  0x60,  0x60,  0x18,  0x18,  0x06,  0x06,  0x00,
  0xC7,  0x00,  0x33,  0xC0,  0x07,  0xC0,  0x03,  0xE0,
  0x01,  0xF8,  0x00,  0xE6,  0x18,  0x30,  0xC6,  0x18,
  0x1B,  0x86,  0x07,  0xC1,  0x80,  0xF0,  0x60,  0x1C,
  0x18,  0x07,  0x03,  0x03,  0xC0,  0xE1,  0xF8,  0x1F,
  0xF3,  0x01,  0xF0,  0x80,  0x00,  0x00,  0x00,  0x00,
  0x00,  0x00,  0x00,  0x00,  0x00,  0x00,  0x00,  0x00,
  0x00,  0x00,  0x00,  0x00
};

const UCHAR abc_fontArialNarrow37h_0027[  24] = { /* code 0027 */
  0x00,  0x00,  0x00,  0x00,  0x0C,  0x63,  0x18,  0xC6,
  0x31,  0x80,  0x00,  0x00,  0x00,  0x00,  0x00,  0x00,
  0x00,  0x00,  0x00,  0x00,  0x00,  0x00,  0x00,  0x00
};

const UCHAR abc_fontArialNarrow37h_0028[  42] = { /* code 0028 */
  0x00,  0x00,  0x00,  0x00,  0x00,  0x00,  0x00,  0x00,
  0x06,  0x06,  0x03,  0x03,  0x01,  0x80,  0x80,  0xC0,
  0x60,  0x30,  0x30,  0x18,  0x0C,  0x06,  0x03,  0x01,
  0x80,  0xC0,  0x60,  0x30,  0x18,  0x0C,  0x03,  0x01,
  0x80,  0xC0,  0x30,  0x18,  0x0C,  0x03,  0x01,  0x80,
  0x60,  0x00
};

const UCHAR abc_fontArialNarrow37h_0029[  42] = { /* code 0029 */
  0x00,  0x00,  0x00,  0x00,  0x00,  0x00,  0x00,  0x00,
  0xC0,  0x30,  0x18,  0x06,  0x03,  0x00,  0x80,  0x60,
  0x30,  0x18,  0x06,  0x03,  0x01,  0x80,  0xC0,  0x60,
  0x30,  0x18,  0x0C,  0x06,  0x03,  0x01,  0x81,  0x80,
  0xC0,  0x60,  0x60,  0x30,  0x18,  0x18,  0x0C,  0x0C,
  0x00,  0x00
};

const UCHAR abc_fontArialNarrow37h_002A[  47] = { /* code 002A */
  0x00,  0x00,  0x00,  0x00,  0x00,  0x00,  0x00,  0x00,
  0x00,  0x30,  0x0C,  0x1B,  0x67,  0xF8,  0x7C,  0x1E,
  0x07,  0x83,  0x30,  0x48,  0x00,  0x00,  0x00,  0x00,
  0x00,  0x00,  0x00,  0x00,  0x00,  0x00,  0x00,  0x00,
  0x00,  0x00,  0x00,  0x00,  0x00,  0x00,  0x00,  0x00,
  0x00,  0x00,  0x00,  0x00,  0x00,  0x00,  0x00
};

const UCHAR abc_fontArialNarrow37h_002B[  70] = { /* code 002B */
  0x00,  0x00,  0x00,  0x00,  0x00,  0x00,  0x00,  0x00,
  0x00,  0x00,  0x00,  0x00,  0x00,  0x00,  0x00,  0x00,
  0x00,  0x00,  0x00,  0x00,  0x00,  0x00,  0x00,  0x00,
  0x00,  0x00,  0x00,  0x60,  0x00,  0xC0,  0x01,  0x80,
  0x03,  0x00,  0x06,  0x03,  0xFF,  0xF7,  0xFF,  0xE0,
  0x30,  0x00,  0x60,  0x00,  0xC0,  0x01,  0x80,  0x03,
  0x00,  0x00,  0x00,  0x00,  0x00,  0x00,  0x00,  0x00,
  0x00,  0x00,  0x00,  0x00,  0x00,  0x00,  0x00,  0x00,
  0x00,  0x00,  0x00,  0x00,  0x00,  0x00
};

const UCHAR abc_fontArialNarrow37h_002C[  33] = { /* code 002C */
  0x00,  0x00,  0x00,  0x00,  0x00,  0x00,  0x00,  0x00,
  0x00,  0x00,  0x00,  0x00,  0x00,  0x00,  0x00,  0x00,
  0x00,  0x00,  0x00,  0x00,  0x00,  0x00,  0x00,  0x00,
  0x03,  0x06,  0x04,  0x08,  0x10,  0x60,  0x80,  0x00,
  0x00
};

const UCHAR abc_fontArialNarrow37h_002D[  42] = { /* code 002D */
  0x00,  0x00,  0x00,  0x00,  0x00,  0x00,  0x00,  0x00,
  0x00,  0x00,  0x00,  0x00,  0x00,  0x00,  0x00,  0x00,
  0x00,  0x00,  0x00,  0x00,  0x00,  0x00,  0x00,  0x07,
  0xF3,  0xF8,  0x00,  0x00,  0x00,  0x00,  0x00,  0x00,
  0x00,  0x00,  0x00,  0x00,  0x00,  0x00,  0x00,  0x00,
  0x00,  0x00
};

const UCHAR abc_fontArialNarrow37h_002E[  33] = { /* code 002E */
  0x00,  0x00,  0x00,  0x00,  0x00,  0x00,  0x00,  0x00,
  0x00,  0x00,  0x00,  0x00,  0x00,  0x00,  0x00,  0x00,
  0x00,  0x00,  0x00,  0x00,  0x00,  0x00,  0x00,  0x00,
  0x03,  0x06,  0x00,  0x00,  0x00,  0x00,  0x00,  0x00,
  0x00
};

const UCHAR abc_fontArialNarrow37h_002F[  37] = { /* code 002F */
  0x00,  0x00,  0x00,  0x00,  0x00,  0x00,  0x00,  0x06,
  0x06,  0x06,  0x06,  0x0C,  0x0C,  0x0C,  0x0C,  0x18,
  0x18,  0x18,  0x18,  0x30,  0x30,  0x30,  0x30,  0x60,
  0x60,  0x60,  0x60,  0xC0,  0xC0,  0xC0,  0x00,  0x00,
  0x00,  0x00,  0x00,  0x00,  0x00
};

const UCHAR abc_fontArialNarrow37h_0030[  70] = { /* code 0030 */
  0x00,  0x00,  0x00,  0x00,  0x00,  0x00,  0x00,  0x00,
  0x00,  0x00,  0x00,  0x00,  0x00,  0x03,  0xE0,  0x0F,
  0xE0,  0x38,  0xE0,  0xE0,  0xE1,  0x80,  0xC3,  0x01,
  0x8C,  0x01,  0x98,  0x03,  0x30,  0x06,  0x60,  0x0C,
  0xC0,  0x19,  0x80,  0x33,  0x00,  0x66,  0x00,  0xCC,
  0x01,  0x98,  0x03,  0x30,  0x06,  0x30,  0x18,  0x60,
  0x30,  0xE0,  0xE0,  0xE3,  0x80,  0xFE,  0x00,  0xF8,
  0x00,  0x00,  0x00,  0x00,  0x00,  0x00,  0x00,  0x00,
  0x00,  0x00,  0x00,  0x00,  0x00,  0x00
};

const UCHAR abc_fontArialNarrow37h_0031[  70] = { /* code 0031 */
  0x00,  0x00,  0x00,  0x00,  0x00,  0x00,  0x00,  0x00,
  0x00,  0x00,  0x00,  0x00,  0x00,  0x00,  0xC0,  0x01,
  0x80,  0x07,  0x00,  0x1E,  0x00,  0x7C,  0x01,  0xD8,
  0x07,  0x30,  0x08,  0x60,  0x00,  0xC0,  0x01,  0x80,
  0x03,  0x00,  0x06,  0x00,  0x0C,  0x00,  0x18,  0x00,
  0x30,  0x00,  0x60,  0x00,  0xC0,  0x01,  0x80,  0x03,
  0x00,  0x06,  0x00,  0x0C,  0x00,  0x18,  0x00,  0x30,
  0x00,  0x00,  0x00,  0x00,  0x00,  0x00,  0x00,  0x00,
  0x00,  0x00,  0x00,  0x00,  0x00,  0x00
};

const UCHAR abc_fontArialNarrow37h_0032[  70] = { /* code 0032 */
  0x00,  0x00,  0x00,  0x00,  0x00,  0x00,  0x00,  0x00,
  0x00,  0x00,  0x00,  0x00,  0x00,  0x03,  0xE0,  0x1F,
  0xF0,  0x70,  0x70,  0xC0,  0x63,  0x00,  0x66,  0x00,
  0xCC,  0x01,  0x80,  0x03,  0x00,  0x0E,  0x00,  0x18,
  0x00,  0x70,  0x00,  0xC0,  0x03,  0x00,  0x0E,  0x00,
  0x38,  0x00,  0xE0,  0x03,  0x80,  0x0E,  0x00,  0x38,
  0x00,  0xE0,  0x01,  0x80,  0x07,  0xFF,  0xCF,  0xFF,
  0x80,  0x00,  0x00,  0x00,  0x00,  0x00,  0x00,  0x00,
  0x00,  0x00,  0x00,  0x00,  0x00,  0x00
};

const UCHAR abc_fontArialNarrow37h_0033[  70] = { /* code 0033 */
  0x00,  0x00,  0x00,  0x00,  0x00,  0x00,  0x00,  0x00,
  0x00,  0x00,  0x00,  0x00,  0x00,  0x03,  0xE0,  0x1F,
  0xE0,  0x70,  0xE0,  0xC0,  0xE3,  0x00,  0xC6,  0x01,
  0x80,  0x03,  0x00,  0x06,  0x00,  0x18,  0x00,  0x70,
  0x07,  0xC0,  0x0F,  0xE0,  0x01,  0xC0,  0x01,  0xC0,
  0x01,  0x80,  0x03,  0x00,  0x06,  0x60,  0x0C,  0xC0,
  0x18,  0xC0,  0x61,  0xC3,  0x81,  0xFF,  0x00,  0xF8,
  0x00,  0x00,  0x00,  0x00,  0x00,  0x00,  0x00,  0x00,
  0x00,  0x00,  0x00,  0x00,  0x00,  0x00
};

const UCHAR abc_fontArialNarrow37h_0034[  70] = { /* code 0034 */
  0x00,  0x00,  0x00,  0x00,  0x00,  0x00,  0x00,  0x00,
  0x00,  0x00,  0x00,  0x00,  0x00,  0x00,  0x30,  0x00,
  0x60,  0x01,  0xC0,  0x07,  0x80,  0x0F,  0x00,  0x36,
  0x00,  0x6C,  0x01,  0x98,  0x03,  0x30,  0x0C,  0x60,
  0x18,  0xC0,  0x61,  0x81,  0xC3,  0x03,  0x06,  0x0C,
  0x0C,  0x1F,  0xFF,  0x3F,  0xFE,  0x00,  0x60,  0x00,
  0xC0,  0x01,  0x80,  0x03,  0x00,  0x06,  0x00,  0x0C,
  0x00,  0x00,  0x00,  0x00,  0x00,  0x00,  0x00,  0x00,
  0x00,  0x00,  0x00,  0x00,  0x00,  0x00
};

const UCHAR abc_fontArialNarrow37h_0035[  70] = { /* code 0035 */
  0x00,  0x00,  0x00,  0x00,  0x00,  0x00,  0x00,  0x00,
  0x00,  0x00,  0x00,  0x00,  0x00,  0x0F,  0xFC,  0x1F,
  0xF8,  0x30,  0x00,  0xC0,  0x01,  0x80,  0x03,  0x00,
  0x06,  0x00,  0x0D,  0xF0,  0x1F,  0xF0,  0x78,  0x70,
  0xE0,  0x31,  0x80,  0x70,  0x00,  0x60,  0x00,  0xC0,
  0x01,  0x80,  0x03,  0x00,  0x06,  0x60,  0x0C,  0xC0,
  0x30,  0xC0,  0xE1,  0xC3,  0x81,  0xFE,  0x00,  0xF8,
  0x00,  0x00,  0x00,  0x00,  0x00,  0x00,  0x00,  0x00,
  0x00,  0x00,  0x00,  0x00,  0x00,  0x00
};

const UCHAR abc_fontArialNarrow37h_0036[  70] = { /* code 0036 */
  0x00,  0x00,  0x00,  0x00,  0x00,  0x00,  0x00,  0x00,
  0x00,  0x00,  0x00,  0x00,  0x00,  0x01,  0xF0,  0x0F,
  0xF0,  0x38,  0x70,  0x60,  0x61,  0x80,  0x63,  0x00,
  0xC4,  0x00,  0x18,  0x00,  0x33,  0xE0,  0x6F,  0xF0,
  0xF8,  0x71,  0xC0,  0x63,  0x80,  0xE6,  0x00,  0xCC,
  0x01,  0x98,  0x03,  0x30,  0x06,  0x20,  0x0C,  0x60,
  0x30,  0xE0,  0x60,  0xE1,  0xC0,  0xFF,  0x00,  0xF8,
  0x00,  0x00,  0x00,  0x00,  0x00,  0x00,  0x00,  0x00,
  0x00,  0x00,  0x00,  0x00,  0x00,  0x00
};

const UCHAR abc_fontArialNarrow37h_0037[  70] = { /* code 0037 */
  0x00,  0x00,  0x00,  0x00,  0x00,  0x00,  0x00,  0x00,
  0x00,  0x00,  0x00,  0x00,  0x00,  0x3F,  0xFE,  0x7F,
  0xFC,  0x00,  0x18,  0x00,  0x60,  0x01,  0x80,  0x03,
  0x00,  0x0C,  0x00,  0x38,  0x00,  0x60,  0x01,  0xC0,
  0x03,  0x00,  0x06,  0x00,  0x18,  0x00,  0x30,  0x00,
  0x60,  0x01,  0x80,  0x03,  0x00,  0x06,  0x00,  0x0C,
  0x00,  0x30,  0x00,  0x60,  0x00,  0xC0,  0x01,  0x80,
  0x00,  0x00,  0x00,  0x00,  0x00,  0x00,  0x00,  0x00,
  0x00,  0x00,  0x00,  0x00,  0x00,  0x00
};

const UCHAR abc_fontArialNarrow37h_0038[  70] = { /* code 0038 */
  0x00,  0x00,  0x00,  0x00,  0x00,  0x00,  0x00,  0x00,
  0x00,  0x00,  0x00,  0x00,  0x00,  0x03,  0xE0,  0x0F,
  0xE0,  0x38,  0xE0,  0xE0,  0xE1,  0x80,  0xC3,  0x01,
  0x86,  0x03,  0x0C,  0x06,  0x1C,  0x1C,  0x1C,  0x70,
  0x1F,  0xC0,  0x7F,  0xC1,  0xC1,  0xC3,  0x01,  0x8C,
  0x01,  0x98,  0x03,  0x30,  0x06,  0x60,  0x0C,  0xC0,
  0x18,  0xC0,  0x61,  0xC1,  0xC1,  0xFF,  0x00,  0xF8,
  0x00,  0x00,  0x00,  0x00,  0x00,  0x00,  0x00,  0x00,
  0x00,  0x00,  0x00,  0x00,  0x00,  0x00
};

const UCHAR abc_fontArialNarrow37h_0039[  70] = { /* code 0039 */
  0x00,  0x00,  0x00,  0x00,  0x00,  0x00,  0x00,  0x00,
  0x00,  0x00,  0x00,  0x00,  0x00,  0x03,  0xE0,  0x1F,
  0xE0,  0x78,  0xE0,  0xC0,  0x63,  0x80,  0xC6,  0x00,
  0x8C,  0x01,  0x98,  0x03,  0x30,  0x06,  0x60,  0x0C,
  0xE0,  0x38,  0xC0,  0x71,  0xE1,  0xE1,  0xFE,  0xC0,
  0xF9,  0x80,  0x03,  0x00,  0x04,  0x60,  0x18,  0xC0,
  0x30,  0xC0,  0xC1,  0xC3,  0x81,  0xFE,  0x01,  0xF0,
  0x00,  0x00,  0x00,  0x00,  0x00,  0x00,  0x00,  0x00,
  0x00,  0x00,  0x00,  0x00,  0x00,  0x00
};

const UCHAR abc_fontArialNarrow37h_003A[  33] = { /* code 003A */
  0x00,  0x00,  0x00,  0x00,  0x00,  0x00,  0x00,  0x00,
  0x00,  0x00,  0x00,  0x06,  0x0C,  0x00,  0x00,  0x00,
  0x00,  0x00,  0x00,  0x00,  0x00,  0x00,  0x00,  0x00,
  0x03,  0x06,  0x00,  0x00,  0x00,  0x00,  0x00,  0x00,
  0x00
};

const UCHAR abc_fontArialNarrow37h_003B[  33] = { /* code 003B */
  0x00,  0x00,  0x00,  0x00,  0x00,  0x00,  0x00,  0x00,
  0x00,  0x00,  0x00,  0x06,  0x0C,  0x00,  0x00,  0x00,
  0x00,  0x00,  0x00,  0x00,  0x00,  0x00,  0x00,  0x00,
  0x03,  0x06,  0x04,  0x08,  0x10,  0x60,  0x80,  0x00,
  0x00
};

const UCHAR abc_fontArialNarrow37h_003C[  70] = { /* code 003C */
  0x00,  0x00,  0x00,  0x00,  0x00,  0x00,  0x00,  0x00,
  0x00,  0x00,  0x00,  0x00,  0x00,  0x00,  0x00,  0x00,
  0x00,  0x00,  0x00,  0x00,  0x00,  0x00,  0x40,  0x03,
  0x80,  0x1E,  0x00,  0xF0,  0x03,  0xC0,  0x1E,  0x00,
  0xF0,  0x01,  0x80,  0x03,  0xC0,  0x01,  0xE0,  0x00,
  0xF0,  0x00,  0xF0,  0x00,  0x78,  0x00,  0x38,  0x00,
  0x10,  0x00,  0x00,  0x00,  0x00,  0x00,  0x00,  0x00,
  0x00,  0x00,  0x00,  0x00,  0x00,  0x00,  0x00,  0x00,
  0x00,  0x00,  0x00,  0x00,  0x00,  0x00
};

const UCHAR abc_fontArialNarrow37h_003D[  70] = { /* code 003D */
  0x00,  0x00,  0x00,  0x00,  0x00,  0x00,  0x00,  0x00,
  0x00,  0x00,  0x00,  0x00,  0x00,  0x00,  0x00,  0x00,
  0x00,  0x00,  0x00,  0x00,  0x00,  0x00,  0x00,  0x00,
  0x00,  0x00,  0x00,  0x00,  0x3F,  0xFC,  0x7F,  0xF8,
  0x00,  0x00,  0x00,  0x00,  0x00,  0x00,  0x00,  0x0F,
  0xFF,  0x1F,  0xFE,  0x00,  0x00,  0x00,  0x00,  0x00,
  0x00,  0x00,  0x00,  0x00,  0x00,  0x00,  0x00,  0x00,
  0x00,  0x00,  0x00,  0x00,  0x00,  0x00,  0x00,  0x00,
  0x00,  0x00,  0x00,  0x00,  0x00,  0x00
};

const UCHAR abc_fontArialNarrow37h_003E[  70] = { /* code 003E */
  0x00,  0x00,  0x00,  0x00,  0x00,  0x00,  0x00,  0x00,
  0x00,  0x00,  0x00,  0x00,  0x00,  0x00,  0x00,  0x00,
  0x00,  0x00,  0x00,  0x00,  0x02,  0x00,  0x07,  0x00,
  0x07,  0x80,  0x03,  0xC0,  0x03,  0xC0,  0x01,  0xE0,
  0x00,  0xF0,  0x00,  0x60,  0x03,  0xC0,  0x1E,  0x00,
  0xF0,  0x03,  0xC0,  0x1E,  0x00,  0x70,  0x00,  0x80,
  0x00,  0x00,  0x00,  0x00,  0x00,  0x00,  0x00,  0x00,
  0x00,  0x00,  0x00,  0x00,  0x00,  0x00,  0x00,  0x00,
  0x00,  0x00,  0x00,  0x00,  0x00,  0x00
};

const UCHAR abc_fontArialNarrow37h_003F[  70] = { /* code 003F */
  0x00,  0x00,  0x00,  0x00,  0x00,  0x00,  0x00,  0x00,
  0x00,  0x00,  0x00,  0x00,  0x00,  0x03,  0xC0,  0x1F,
  0xE0,  0x70,  0xE0,  0xC0,  0xC3,  0x80,  0xC6,  0x01,
  0x8C,  0x03,  0x00,  0x06,  0x00,  0x0C,  0x00,  0x38,
  0x00,  0xE0,  0x03,  0x80,  0x07,  0x00,  0x1C,  0x00,
  0x30,  0x00,  0xC0,  0x01,  0x80,  0x03,  0x00,  0x06,
  0x00,  0x00,  0x00,  0x00,  0x00,  0x30,  0x00,  0x60,
  0x00,  0x00,  0x00,  0x00,  0x00,  0x00,  0x00,  0x00,
  0x00,  0x00,  0x00,  0x00,  0x00,  0x00
};

const UCHAR abc_fontArialNarrow37h_0040[ 125] = { /* code 0040 */
  0x00,  0x00,  0x00,  0x00,  0x00,  0x00,  0x00,  0x00,
  0x00,  0x00,  0x00,  0x00,  0x00,  0x00,  0x00,  0x00,
  0x00,  0x00,  0x00,  0x00,  0x00,  0x00,  0x00,  0x00,
  0x01,  0xFC,  0x00,  0x00,  0xFF,  0xF0,  0x00,  0x7C,
  0x0F,  0x00,  0x1E,  0x00,  0x70,  0x03,  0x00,  0x07,
  0x00,  0xC0,  0x00,  0x60,  0x38,  0x39,  0xC6,  0x06,
  0x1F,  0xB0,  0xC1,  0xC7,  0x1E,  0x1C,  0x30,  0xC1,
  0xC1,  0x86,  0x30,  0x38,  0x31,  0x86,  0x07,  0x06,
  0x31,  0xC0,  0xC0,  0xC6,  0x30,  0x18,  0x18,  0xC6,
  0x03,  0x03,  0x18,  0xC0,  0x60,  0xE3,  0x18,  0x0C,
  0x18,  0x63,  0x03,  0x83,  0x0C,  0x60,  0x60,  0xC1,
  0x86,  0x1C,  0x38,  0x18,  0xC7,  0x8E,  0x03,  0x0F,
  0xFF,  0x80,  0x60,  0xE3,  0xC0,  0x06,  0x00,  0x00,
  0x30,  0xE0,  0x00,  0x0C,  0x0E,  0x00,  0x03,  0x00,
  0xE0,  0x01,  0xE0,  0x0F,  0x80,  0xF0,  0x00,  0x7F,
  0xFC,  0x00,  0x03,  0xFC,  0x00
};

const UCHAR abc_fontArialNarrow37h_0041[  84] = { /* code 0041 */
  0x00,  0x00,  0x00,  0x00,  0x00,  0x00,  0x00,  0x00,
  0x00,  0x00,  0x00,  0x00,  0x00,  0x00,  0x00,  0x00,
  0x07,  0x00,  0x01,  0xC0,  0x00,  0xF8,  0x00,  0x36,
  0x00,  0x0D,  0x80,  0x07,  0x60,  0x01,  0x8C,  0x00,
  0x63,  0x00,  0x18,  0xC0,  0x0C,  0x18,  0x03,  0x06,
  0x00,  0xC1,  0x80,  0x60,  0x30,  0x18,  0x0C,  0x07,
  0xFF,  0x03,  0xFF,  0xE0,  0xC0,  0x18,  0x30,  0x06,
  0x18,  0x00,  0xC6,  0x00,  0x31,  0x80,  0x0C,  0xE0,
  0x03,  0xB0,  0x00,  0x60,  0x00,  0x00,  0x00,  0x00,
  0x00,  0x00,  0x00,  0x00,  0x00,  0x00,  0x00,  0x00,
  0x00,  0x00,  0x00,  0x00
};

const UCHAR abc_fontArialNarrow37h_0042[  84] = { /* code 0042 */
  0x00,  0x00,  0x00,  0x00,  0x00,  0x00,  0x00,  0x00,
  0x00,  0x00,  0x00,  0x00,  0x00,  0x00,  0x00,  0x00,
  0xFF,  0xC0,  0x3F,  0xF8,  0x0C,  0x07,  0x03,  0x00,
  0xE0,  0xC0,  0x18,  0x30,  0x06,  0x0C,  0x01,  0x83,
  0x00,  0x60,  0xC0,  0x30,  0x30,  0x1C,  0x0F,  0xFE,
  0x03,  0xFF,  0xC0,  0xC0,  0x38,  0x30,  0x07,  0x0C,
  0x00,  0xC3,  0x00,  0x30,  0xC0,  0x0C,  0x30,  0x03,
  0x0C,  0x00,  0xC3,  0x00,  0x60,  0xC0,  0x38,  0x3F,
  0xFC,  0x0F,  0xFC,  0x00,  0x00,  0x00,  0x00,  0x00,
  0x00,  0x00,  0x00,  0x00,  0x00,  0x00,  0x00,  0x00,
  0x00,  0x00,  0x00,  0x00
};

const UCHAR abc_fontArialNarrow37h_0043[  88] = { /* code 0043 */
  0x00,  0x00,  0x00,  0x00,  0x00,  0x00,  0x00,  0x00,
  0x00,  0x00,  0x00,  0x00,  0x00,  0x00,  0x00,  0x00,
  0x00,  0x0F,  0xC0,  0x07,  0xFC,  0x01,  0xC1,  0xC0,
  0x70,  0x1C,  0x1C,  0x01,  0x83,  0x00,  0x38,  0x60,
  0x02,  0x18,  0x00,  0x03,  0x00,  0x00,  0x60,  0x00,
  0x0C,  0x00,  0x01,  0x80,  0x00,  0x30,  0x00,  0x06,
  0x00,  0x00,  0xC0,  0x00,  0x18,  0x00,  0x41,  0x80,
  0x0C,  0x30,  0x03,  0x87,  0x00,  0x60,  0x70,  0x1C,
  0x07,  0x07,  0x00,  0x7F,  0xC0,  0x07,  0xE0,  0x00,
  0x00,  0x00,  0x00,  0x00,  0x00,  0x00,  0x00,  0x00,
  0x00,  0x00,  0x00,  0x00,  0x00,  0x00,  0x00,  0x00
};

const UCHAR abc_fontArialNarrow37h_0044[  88] = { /* code 0044 */
  0x00,  0x00,  0x00,  0x00,  0x00,  0x00,  0x00,  0x00,
  0x00,  0x00,  0x00,  0x00,  0x00,  0x00,  0x00,  0x00,
  0x01,  0xFF,  0x80,  0x3F,  0xFC,  0x06,  0x03,  0xC0,
  0xC0,  0x18,  0x18,  0x01,  0x83,  0x00,  0x30,  0x60,
  0x06,  0x0C,  0x00,  0x61,  0x80,  0x0C,  0x30,  0x01,
  0x86,  0x00,  0x30,  0xC0,  0x06,  0x18,  0x00,  0xC3,
  0x00,  0x18,  0x60,  0x03,  0x0C,  0x00,  0x61,  0x80,
  0x18,  0x30,  0x03,  0x06,  0x00,  0x60,  0xC0,  0x18,
  0x18,  0x0F,  0x03,  0xFF,  0xC0,  0x7F,  0xE0,  0x00,
  0x00,  0x00,  0x00,  0x00,  0x00,  0x00,  0x00,  0x00,
  0x00,  0x00,  0x00,  0x00,  0x00,  0x00,  0x00,  0x00
};

const UCHAR abc_fontArialNarrow37h_0045[  84] = { /* code 0045 */
  0x00,  0x00,  0x00,  0x00,  0x00,  0x00,  0x00,  0x00,
  0x00,  0x00,  0x00,  0x00,  0x00,  0x00,  0x00,  0x00,
  0xFF,  0xFC,  0x3F,  0xFF,  0x0C,  0x00,  0x03,  0x00,
  0x00,  0xC0,  0x00,  0x30,  0x00,  0x0C,  0x00,  0x03,
  0x00,  0x00,  0xC0,  0x00,  0x30,  0x00,  0x0F,  0xFF,
  0x83,  0xFF,  0xE0,  0xC0,  0x00,  0x30,  0x00,  0x0C,
  0x00,  0x03,  0x00,  0x00,  0xC0,  0x00,  0x30,  0x00,
  0x0C,  0x00,  0x03,  0x00,  0x00,  0xC0,  0x00,  0x3F,
  0xFF,  0x0F,  0xFF,  0xC0,  0x00,  0x00,  0x00,  0x00,
  0x00,  0x00,  0x00,  0x00,  0x00,  0x00,  0x00,  0x00,
  0x00,  0x00,  0x00,  0x00
};

const UCHAR abc_fontArialNarrow37h_0046[  74] = { /* code 0046 */
  0x00,  0x00,  0x00,  0x00,  0x00,  0x00,  0x00,  0x00,
  0x00,  0x00,  0x00,  0x00,  0x00,  0x00,  0x3F,  0xFE,
  0x3F,  0xFE,  0x30,  0x00,  0x30,  0x00,  0x30,  0x00,
  0x30,  0x00,  0x30,  0x00,  0x30,  0x00,  0x30,  0x00,
  0x30,  0x00,  0x30,  0x00,  0x3F,  0xFC,  0x3F,  0xFC,
  0x30,  0x00,  0x30,  0x00,  0x30,  0x00,  0x30,  0x00,
  0x30,  0x00,  0x30,  0x00,  0x30,  0x00,  0x30,  0x00,
  0x30,  0x00,  0x30,  0x00,  0x00,  0x00,  0x00,  0x00,
  0x00,  0x00,  0x00,  0x00,  0x00,  0x00,  0x00,  0x00,
  0x00,  0x00
};

const UCHAR abc_fontArialNarrow37h_0047[  93] = { /* code 0047 */
  0x00,  0x00,  0x00,  0x00,  0x00,  0x00,  0x00,  0x00,
  0x00,  0x00,  0x00,  0x00,  0x00,  0x00,  0x00,  0x00,
  0x00,  0x00,  0x0F,  0xC0,  0x07,  0xFF,  0x00,  0xF0,
  0x38,  0x1C,  0x01,  0xC1,  0x80,  0x0E,  0x30,  0x00,
  0x63,  0x00,  0x04,  0x30,  0x00,  0x06,  0x00,  0x00,
  0x60,  0x00,  0x06,  0x00,  0x00,  0x60,  0x00,  0x06,
  0x01,  0xFE,  0x60,  0x1F,  0xE6,  0x00,  0x06,  0x60,
  0x00,  0x63,  0x00,  0x06,  0x30,  0x00,  0x61,  0x80,
  0x06,  0x1C,  0x00,  0xE0,  0xF0,  0x3C,  0x03,  0xFF,
  0x80,  0x0F,  0xC0,  0x00,  0x00,  0x00,  0x00,  0x00,
  0x00,  0x00,  0x00,  0x00,  0x00,  0x00,  0x00,  0x00,
  0x00,  0x00,  0x00,  0x00,  0x00
};

const UCHAR abc_fontArialNarrow37h_0048[  88] = { /* code 0048 */
  0x00,  0x00,  0x00,  0x00,  0x00,  0x00,  0x00,  0x00,
  0x00,  0x00,  0x00,  0x00,  0x00,  0x00,  0x00,  0x00,
  0x01,  0x80,  0x0C,  0x30,  0x01,  0x86,  0x00,  0x30,
  0xC0,  0x06,  0x18,  0x00,  0xC3,  0x00,  0x18,  0x60,
  0x03,  0x0C,  0x00,  0x61,  0x80,  0x0C,  0x30,  0x01,
  0x87,  0xFF,  0xF0,  0xFF,  0xFE,  0x18,  0x00,  0xC3,
  0x00,  0x18,  0x60,  0x03,  0x0C,  0x00,  0x61,  0x80,
  0x0C,  0x30,  0x01,  0x86,  0x00,  0x30,  0xC0,  0x06,
  0x18,  0x00,  0xC3,  0x00,  0x18,  0x60,  0x03,  0x00,
  0x00,  0x00,  0x00,  0x00,  0x00,  0x00,  0x00,  0x00,
  0x00,  0x00,  0x00,  0x00,  0x00,  0x00,  0x00,  0x00
};

const UCHAR abc_fontArialNarrow37h_0049[  33] = { /* code 0049 */
  0x00,  0x00,  0x00,  0x00,  0x00,  0x00,  0x18,  0x30,
  0x60,  0xC1,  0x83,  0x06,  0x0C,  0x18,  0x30,  0x60,
  0xC1,  0x83,  0x06,  0x0C,  0x18,  0x30,  0x60,  0xC1,
  0x83,  0x06,  0x00,  0x00,  0x00,  0x00,  0x00,  0x00,
  0x00
};

const UCHAR abc_fontArialNarrow37h_004A[  61] = { /* code 004A */
  0x00,  0x00,  0x00,  0x00,  0x00,  0x00,  0x00,  0x00,
  0x00,  0x00,  0x00,  0x00,  0x0C,  0x00,  0x60,  0x03,
  0x00,  0x18,  0x00,  0xC0,  0x06,  0x00,  0x30,  0x01,
  0x80,  0x0C,  0x00,  0x60,  0x03,  0x00,  0x18,  0x00,
  0xC0,  0x06,  0x00,  0x30,  0x01,  0x8C,  0x0C,  0x60,
  0x63,  0x03,  0x1C,  0x18,  0x61,  0x83,  0xF8,  0x07,
  0x80,  0x00,  0x00,  0x00,  0x00,  0x00,  0x00,  0x00,
  0x00,  0x00,  0x00,  0x00,  0x00
};

const UCHAR abc_fontArialNarrow37h_004B[  84] = { /* code 004B */
  0x00,  0x00,  0x00,  0x00,  0x00,  0x00,  0x00,  0x00,
  0x00,  0x00,  0x00,  0x00,  0x00,  0x00,  0x00,  0x00,
  0xC0,  0x18,  0x30,  0x0E,  0x0C,  0x07,  0x03,  0x01,
  0x80,  0xC0,  0xC0,  0x30,  0x60,  0x0C,  0x38,  0x03,
  0x0C,  0x00,  0xC6,  0x00,  0x33,  0x80,  0x0D,  0xE0,
  0x03,  0xFC,  0x00,  0xF3,  0x00,  0x38,  0x60,  0x0C,
  0x18,  0x03,  0x03,  0x00,  0xC0,  0xC0,  0x30,  0x18,
  0x0C,  0x07,  0x03,  0x00,  0xC0,  0xC0,  0x38,  0x30,
  0x06,  0x0C,  0x00,  0xC0,  0x00,  0x00,  0x00,  0x00,
  0x00,  0x00,  0x00,  0x00,  0x00,  0x00,  0x00,  0x00,
  0x00,  0x00,  0x00,  0x00
};

const UCHAR abc_fontArialNarrow37h_004C[  70] = { /* code 004C */
  0x00,  0x00,  0x00,  0x00,  0x00,  0x00,  0x00,  0x00,
  0x00,  0x00,  0x00,  0x00,  0x00,  0x18,  0x00,  0x30,
  0x00,  0x60,  0x00,  0xC0,  0x01,  0x80,  0x03,  0x00,
  0x06,  0x00,  0x0C,  0x00,  0x18,  0x00,  0x30,  0x00,
  0x60,  0x00,  0xC0,  0x01,  0x80,  0x03,  0x00,  0x06,
  0x00,  0x0C,  0x00,  0x18,  0x00,  0x30,  0x00,  0x60,
  0x00,  0xC0,  0x01,  0x80,  0x03,  0xFF,  0xC7,  0xFF,
  0x80,  0x00,  0x00,  0x00,  0x00,  0x00,  0x00,  0x00,
  0x00,  0x00,  0x00,  0x00,  0x00,  0x00
};

const UCHAR abc_fontArialNarrow37h_004D[ 102] = { /* code 004D */
  0x00,  0x00,  0x00,  0x00,  0x00,  0x00,  0x00,  0x00,
  0x00,  0x00,  0x00,  0x00,  0x00,  0x00,  0x00,  0x00,
  0x00,  0x00,  0x00,  0x0E,  0x00,  0x38,  0x3C,  0x00,
  0xE0,  0xF0,  0x07,  0x83,  0xC0,  0x1E,  0x0F,  0x80,
  0x78,  0x36,  0x03,  0xE0,  0xD8,  0x0D,  0x83,  0x60,
  0x36,  0x0D,  0xC0,  0xD8,  0x33,  0x06,  0x60,  0xCC,
  0x19,  0x83,  0x30,  0x66,  0x0C,  0x61,  0x98,  0x31,
  0x8C,  0x60,  0xC6,  0x31,  0x83,  0x18,  0xC6,  0x0C,
  0x36,  0x18,  0x30,  0xD8,  0x60,  0xC3,  0x61,  0x83,
  0x0D,  0x86,  0x0C,  0x1C,  0x18,  0x30,  0x70,  0x60,
  0xC1,  0xC1,  0x80,  0x00,  0x00,  0x00,  0x00,  0x00,
  0x00,  0x00,  0x00,  0x00,  0x00,  0x00,  0x00,  0x00,
  0x00,  0x00,  0x00,  0x00,  0x00,  0x00
};

const UCHAR abc_fontArialNarrow37h_004E[  88] = { /* code 004E */
  0x00,  0x00,  0x00,  0x00,  0x00,  0x00,  0x00,  0x00,
  0x00,  0x00,  0x00,  0x00,  0x00,  0x00,  0x00,  0x00,
  0x01,  0x80,  0x0C,  0x38,  0x01,  0x87,  0x80,  0x30,
  0xF0,  0x06,  0x1B,  0x00,  0xC3,  0x60,  0x18,  0x66,
  0x03,  0x0C,  0xC0,  0x61,  0x8C,  0x0C,  0x31,  0x81,
  0x86,  0x18,  0x30,  0xC3,  0x86,  0x18,  0x30,  0xC3,
  0x03,  0x18,  0x60,  0x63,  0x0C,  0x06,  0x61,  0x80,
  0xCC,  0x30,  0x0D,  0x86,  0x01,  0xB0,  0xC0,  0x1E,
  0x18,  0x03,  0xC3,  0x00,  0x38,  0x60,  0x03,  0x00,
  0x00,  0x00,  0x00,  0x00,  0x00,  0x00,  0x00,  0x00,
  0x00,  0x00,  0x00,  0x00,  0x00,  0x00,  0x00,  0x00
};

const UCHAR abc_fontArialNarrow37h_004F[  93] = { /* code 004F */
  0x00,  0x00,  0x00,  0x00,  0x00,  0x00,  0x00,  0x00,
  0x00,  0x00,  0x00,  0x00,  0x00,  0x00,  0x00,  0x00,
  0x00,  0x00,  0x1F,  0x80,  0x07,  0xFE,  0x00,  0xE0,
  0xF0,  0x1C,  0x03,  0x81,  0x80,  0x18,  0x30,  0x00,
  0xC3,  0x00,  0x0C,  0x60,  0x00,  0xE6,  0x00,  0x06,
  0x60,  0x00,  0x66,  0x00,  0x06,  0x60,  0x00,  0x66,
  0x00,  0x06,  0x60,  0x00,  0x66,  0x00,  0x06,  0x60,
  0x00,  0x63,  0x00,  0x0C,  0x30,  0x00,  0xC1,  0x80,
  0x18,  0x1C,  0x03,  0x80,  0xF0,  0xF0,  0x07,  0xFE,
  0x00,  0x1F,  0x80,  0x00,  0x00,  0x00,  0x00,  0x00,
  0x00,  0x00,  0x00,  0x00,  0x00,  0x00,  0x00,  0x00,
  0x00,  0x00,  0x00,  0x00,  0x00
};

const UCHAR abc_fontArialNarrow37h_0050[  84] = { /* code 0050 */
  0x00,  0x00,  0x00,  0x00,  0x00,  0x00,  0x00,  0x00,
  0x00,  0x00,  0x00,  0x00,  0x00,  0x00,  0x00,  0x00,
  0xFF,  0xE0,  0x3F,  0xFC,  0x0C,  0x03,  0x83,  0x00,
  0x70,  0xC0,  0x0C,  0x30,  0x03,  0x0C,  0x00,  0xC3,
  0x00,  0x30,  0xC0,  0x0C,  0x30,  0x06,  0x0C,  0x03,
  0x83,  0xFF,  0xC0,  0xFF,  0xC0,  0x30,  0x00,  0x0C,
  0x00,  0x03,  0x00,  0x00,  0xC0,  0x00,  0x30,  0x00,
  0x0C,  0x00,  0x03,  0x00,  0x00,  0xC0,  0x00,  0x30,
  0x00,  0x0C,  0x00,  0x00,  0x00,  0x00,  0x00,  0x00,
  0x00,  0x00,  0x00,  0x00,  0x00,  0x00,  0x00,  0x00,
  0x00,  0x00,  0x00,  0x00
};

const UCHAR abc_fontArialNarrow37h_0051[  93] = { /* code 0051 */
  0x00,  0x00,  0x00,  0x00,  0x00,  0x00,  0x00,  0x00,
  0x00,  0x00,  0x00,  0x00,  0x00,  0x00,  0x00,  0x00,
  0x00,  0x00,  0x1F,  0x80,  0x07,  0xFE,  0x00,  0xE0,
  0xF0,  0x1C,  0x03,  0x81,  0x80,  0x18,  0x30,  0x00,
  0xC3,  0x00,  0x0C,  0x60,  0x00,  0x66,  0x00,  0x06,
  0x60,  0x00,  0x66,  0x00,  0x06,  0x60,  0x00,  0x66,
  0x00,  0x06,  0x60,  0x00,  0x66,  0x00,  0x06,  0x60,
  0x00,  0x63,  0x00,  0x0E,  0x30,  0x18,  0xC1,  0x83,
  0xDC,  0x1C,  0x1F,  0x80,  0xF0,  0xF8,  0x07,  0xFF,
  0xC0,  0x1F,  0xCE,  0x00,  0x00,  0x60,  0x00,  0x02,
  0x00,  0x00,  0x00,  0x00,  0x00,  0x00,  0x00,  0x00,
  0x00,  0x00,  0x00,  0x00,  0x00
};

const UCHAR abc_fontArialNarrow37h_0052[  88] = { /* code 0052 */
  0x00,  0x00,  0x00,  0x00,  0x00,  0x00,  0x00,  0x00,
  0x00,  0x00,  0x00,  0x00,  0x00,  0x00,  0x00,  0x00,
  0x01,  0xFF,  0xE0,  0x3F,  0xFE,  0x06,  0x00,  0xE0,
  0xC0,  0x0E,  0x18,  0x00,  0xC3,  0x00,  0x18,  0x60,
  0x03,  0x0C,  0x00,  0x61,  0x80,  0x0C,  0x30,  0x03,
  0x06,  0x00,  0xE0,  0xFF,  0xF8,  0x1F,  0xF8,  0x03,
  0x03,  0x80,  0x60,  0x38,  0x0C,  0x03,  0x81,  0x80,
  0x30,  0x30,  0x07,  0x06,  0x00,  0x60,  0xC0,  0x06,
  0x18,  0x00,  0xE3,  0x00,  0x0C,  0x60,  0x01,  0xC0,
  0x00,  0x00,  0x00,  0x00,  0x00,  0x00,  0x00,  0x00,
  0x00,  0x00,  0x00,  0x00,  0x00,  0x00,  0x00,  0x00
};

const UCHAR abc_fontArialNarrow37h_0053[  84] = { /* code 0053 */
  0x00,  0x00,  0x00,  0x00,  0x00,  0x00,  0x00,  0x00,
  0x00,  0x00,  0x00,  0x00,  0x00,  0x00,  0x00,  0x00,
  0x0F,  0x80,  0x0F,  0xF8,  0x07,  0x07,  0x01,  0x80,
  0xC0,  0xC0,  0x18,  0x30,  0x06,  0x0C,  0x00,  0x03,
  0x00,  0x00,  0xE0,  0x00,  0x1C,  0x00,  0x03,  0xF0,
  0x00,  0x7F,  0xC0,  0x01,  0xF8,  0x00,  0x0F,  0x00,
  0x01,  0xC0,  0x00,  0x31,  0x80,  0x0C,  0x60,  0x03,
  0x1C,  0x00,  0xC3,  0x80,  0x60,  0x70,  0x38,  0x0F,
  0xFC,  0x00,  0xFC,  0x00,  0x00,  0x00,  0x00,  0x00,
  0x00,  0x00,  0x00,  0x00,  0x00,  0x00,  0x00,  0x00,
  0x00,  0x00,  0x00,  0x00
};

const UCHAR abc_fontArialNarrow37h_0054[  74] = { /* code 0054 */
  0x00,  0x00,  0x00,  0x00,  0x00,  0x00,  0x00,  0x00,
  0x00,  0x00,  0x00,  0x00,  0x00,  0x00,  0x7F,  0xFE,
  0x7F,  0xFE,  0x01,  0x80,  0x01,  0x80,  0x01,  0x80,
  0x01,  0x80,  0x01,  0x80,  0x01,  0x80,  0x01,  0x80,
  0x01,  0x80,  0x01,  0x80,  0x01,  0x80,  0x01,  0x80,
  0x01,  0x80,  0x01,  0x80,  0x01,  0x80,  0x01,  0x80,
  0x01,  0x80,  0x01,  0x80,  0x01,  0x80,  0x01,  0x80,
  0x01,  0x80,  0x01,  0x80,  0x00,  0x00,  0x00,  0x00,
  0x00,  0x00,  0x00,  0x00,  0x00,  0x00,  0x00,  0x00,
  0x00,  0x00
};

const UCHAR abc_fontArialNarrow37h_0055[  88] = { /* code 0055 */
  0x00,  0x00,  0x00,  0x00,  0x00,  0x00,  0x00,  0x00,
  0x00,  0x00,  0x00,  0x00,  0x00,  0x00,  0x00,  0x00,
  0x01,  0x80,  0x0C,  0x30,  0x01,  0x86,  0x00,  0x30,
  0xC0,  0x06,  0x18,  0x00,  0xC3,  0x00,  0x18,  0x60,
  0x03,  0x0C,  0x00,  0x61,  0x80,  0x0C,  0x30,  0x01,
  0x86,  0x00,  0x30,  0xC0,  0x06,  0x18,  0x00,  0xC3,
  0x00,  0x18,  0x60,  0x03,  0x0C,  0x00,  0x61,  0x80,
  0x0C,  0x30,  0x01,  0x83,  0x00,  0x60,  0x60,  0x0C,
  0x07,  0x07,  0x00,  0x7F,  0xC0,  0x07,  0xF0,  0x00,
  0x00,  0x00,  0x00,  0x00,  0x00,  0x00,  0x00,  0x00,
  0x00,  0x00,  0x00,  0x00,  0x00,  0x00,  0x00,  0x00
};

const UCHAR abc_fontArialNarrow37h_0056[  84] = { /* code 0056 */
  0x00,  0x00,  0x00,  0x00,  0x00,  0x00,  0x00,  0x00,
  0x00,  0x00,  0x00,  0x00,  0x00,  0x00,  0x00,  0x03,
  0x00,  0x06,  0xC0,  0x01,  0x98,  0x00,  0xC6,  0x00,
  0x31,  0x80,  0x0C,  0x30,  0x06,  0x0C,  0x01,  0x83,
  0x00,  0x60,  0x60,  0x30,  0x18,  0x0C,  0x06,  0x03,
  0x01,  0xC1,  0xC0,  0x30,  0x60,  0x0C,  0x18,  0x03,
  0x8E,  0x00,  0x63,  0x00,  0x18,  0xC0,  0x07,  0x70,
  0x00,  0xD8,  0x00,  0x36,  0x00,  0x0D,  0x80,  0x01,
  0xC0,  0x00,  0x70,  0x00,  0x00,  0x00,  0x00,  0x00,
  0x00,  0x00,  0x00,  0x00,  0x00,  0x00,  0x00,  0x00,
  0x00,  0x00,  0x00,  0x00
};

const UCHAR abc_fontArialNarrow37h_0057[ 116] = { /* code 0057 */
  0x00,  0x00,  0x00,  0x00,  0x00,  0x00,  0x00,  0x00,
  0x00,  0x00,  0x00,  0x00,  0x00,  0x00,  0x00,  0x00,
  0x00,  0x00,  0x00,  0x00,  0x00,  0x00,  0xC0,  0x38,
  0x06,  0x60,  0x1C,  0x03,  0x30,  0x1F,  0x01,  0x98,
  0x0D,  0x80,  0xC6,  0x06,  0xC0,  0x63,  0x03,  0x60,
  0x61,  0x81,  0xB8,  0x30,  0xC1,  0x8C,  0x18,  0x60,
  0xC6,  0x0C,  0x38,  0x63,  0x06,  0x0C,  0x31,  0xC6,
  0x06,  0x38,  0xE3,  0x03,  0x18,  0x31,  0x81,  0x8C,
  0x18,  0xC0,  0xE6,  0x0E,  0xE0,  0x37,  0x07,  0x60,
  0x1B,  0x01,  0xB0,  0x0D,  0x80,  0xD8,  0x06,  0xC0,
  0x6C,  0x03,  0x60,  0x36,  0x00,  0xE0,  0x0E,  0x00,
  0x70,  0x07,  0x00,  0x38,  0x03,  0x80,  0x00,  0x00,
  0x00,  0x00,  0x00,  0x00,  0x00,  0x00,  0x00,  0x00,
  0x00,  0x00,  0x00,  0x00,  0x00,  0x00,  0x00,  0x00,
  0x00,  0x00,  0x00,  0x00
};

const UCHAR abc_fontArialNarrow37h_0058[  84] = { /* code 0058 */
  0x00,  0x00,  0x00,  0x00,  0x00,  0x00,  0x00,  0x00,
  0x00,  0x00,  0x00,  0x00,  0x00,  0x00,  0x00,  0x01,
  0xC0,  0x1C,  0x30,  0x06,  0x0E,  0x03,  0x01,  0x80,
  0xC0,  0x30,  0x60,  0x0E,  0x38,  0x01,  0x8C,  0x00,
  0x76,  0x00,  0x0D,  0x80,  0x01,  0xC0,  0x00,  0x70,
  0x00,  0x1C,  0x00,  0x0F,  0x80,  0x03,  0x60,  0x01,
  0x8C,  0x00,  0xE3,  0x00,  0x30,  0x60,  0x1C,  0x1C,
  0x06,  0x03,  0x03,  0x00,  0x61,  0xC0,  0x18,  0x60,
  0x03,  0x38,  0x00,  0xE0,  0x00,  0x00,  0x00,  0x00,
  0x00,  0x00,  0x00,  0x00,  0x00,  0x00,  0x00,  0x00,
  0x00,  0x00,  0x00,  0x00
};

const UCHAR abc_fontArialNarrow37h_0059[  84] = { /* code 0059 */
  0x00,  0x00,  0x00,  0x00,  0x00,  0x00,  0x00,  0x00,
  0x00,  0x00,  0x00,  0x00,  0x00,  0x00,  0x00,  0x01,
  0x80,  0x06,  0x30,  0x03,  0x0E,  0x01,  0xC1,  0x80,
  0x60,  0x70,  0x38,  0x0C,  0x0C,  0x03,  0x87,  0x00,
  0x61,  0x80,  0x1C,  0xE0,  0x03,  0x30,  0x00,  0x78,
  0x00,  0x1E,  0x00,  0x03,  0x00,  0x00,  0xC0,  0x00,
  0x30,  0x00,  0x0C,  0x00,  0x03,  0x00,  0x00,  0xC0,
  0x00,  0x30,  0x00,  0x0C,  0x00,  0x03,  0x00,  0x00,
  0xC0,  0x00,  0x30,  0x00,  0x00,  0x00,  0x00,  0x00,
  0x00,  0x00,  0x00,  0x00,  0x00,  0x00,  0x00,  0x00,
  0x00,  0x00,  0x00,  0x00
};

const UCHAR abc_fontArialNarrow37h_005A[  74] = { /* code 005A */
  0x00,  0x00,  0x00,  0x00,  0x00,  0x00,  0x00,  0x00,
  0x00,  0x00,  0x00,  0x00,  0x00,  0x00,  0x3F,  0xFE,
  0x3F,  0xFE,  0x00,  0x0E,  0x00,  0x0C,  0x00,  0x18,
  0x00,  0x38,  0x00,  0x30,  0x00,  0x70,  0x00,  0x60,
  0x00,  0xC0,  0x01,  0xC0,  0x01,  0x80,  0x03,  0x00,
  0x03,  0x00,  0x06,  0x00,  0x0E,  0x00,  0x0C,  0x00,
  0x18,  0x00,  0x38,  0x00,  0x30,  0x00,  0x60,  0x00,
  0x7F,  0xFE,  0x7F,  0xFE,  0x00,  0x00,  0x00,  0x00,
  0x00,  0x00,  0x00,  0x00,  0x00,  0x00,  0x00,  0x00,
  0x00,  0x00
};

const UCHAR abc_fontArialNarrow37h_005B[  33] = { /* code 005B */
  0x00,  0x00,  0x00,  0x00,  0x00,  0x00,  0x1F,  0x3E,
  0x60,  0xC1,  0x83,  0x06,  0x0C,  0x18,  0x30,  0x60,
  0xC1,  0x83,  0x06,  0x0C,  0x18,  0x30,  0x60,  0xC1,
  0x83,  0x06,  0x0C,  0x18,  0x30,  0x60,  0xF9,  0xF0,
  0x00
};

const UCHAR abc_fontArialNarrow37h_005C[  33] = { /* code 005C */
  0x00,  0x00,  0x00,  0x00,  0x00,  0x00,  0x60,  0xC0,
  0xC1,  0x83,  0x06,  0x0C,  0x0C,  0x18,  0x30,  0x60,
  0xE0,  0xC1,  0x83,  0x06,  0x06,  0x0C,  0x18,  0x30,
  0x60,  0x60,  0xC0,  0x00,  0x00,  0x00,  0x00,  0x00,
  0x00
};

const UCHAR abc_fontArialNarrow37h_005D[  33] = { /* code 005D */
  0x00,  0x00,  0x00,  0x00,  0x00,  0x00,  0x7C,  0xF8,
  0x30,  0x60,  0xC1,  0x83,  0x06,  0x0C,  0x18,  0x30,
  0x60,  0xC1,  0x83,  0x06,  0x0C,  0x18,  0x30,  0x60,
  0xC1,  0x83,  0x06,  0x0C,  0x18,  0x33,  0xE7,  0xC0,
  0x00
};

const UCHAR abc_fontArialNarrow37h_005E[  56] = { /* code 005E */
  0x00,  0x00,  0x00,  0x00,  0x00,  0x00,  0x00,  0x00,
  0x00,  0x00,  0x00,  0xE0,  0x0E,  0x00,  0xE0,  0x1B,
  0x01,  0xB0,  0x3B,  0x83,  0x18,  0x31,  0x86,  0x0C,
  0x60,  0xC6,  0x0C,  0xC0,  0x60,  0x00,  0x00,  0x00,
  0x00,  0x00,  0x00,  0x00,  0x00,  0x00,  0x00,  0x00,
  0x00,  0x00,  0x00,  0x00,  0x00,  0x00,  0x00,  0x00,
  0x00,  0x00,  0x00,  0x00,  0x00,  0x00,  0x00,  0x00
};

const UCHAR abc_fontArialNarrow37h_005F[  70] = { /* code 005F */
  0x00,  0x00,  0x00,  0x00,  0x00,  0x00,  0x00,  0x00,
  0x00,  0x00,  0x00,  0x00,  0x00,  0x00,  0x00,  0x00,
  0x00,  0x00,  0x00,  0x00,  0x00,  0x00,  0x00,  0x00,
  0x00,  0x00,  0x00,  0x00,  0x00,  0x00,  0x00,  0x00,
  0x00,  0x00,  0x00,  0x00,  0x00,  0x00,  0x00,  0x00,
  0x00,  0x00,  0x00,  0x00,  0x00,  0x00,  0x00,  0x00,
  0x00,  0x00,  0x00,  0x00,  0x00,  0x00,  0x00,  0x00,
  0x00,  0x00,  0x00,  0x00,  0xFF,  0xFF,  0xFF,  0xFC,
  0x00,  0x00,  0x00,  0x00,  0x00,  0x00
};

const UCHAR abc_fontArialNarrow37h_0060[  42] = { /* code 0060 */
  0x00,  0x00,  0x00,  0x00,  0x00,  0x00,  0x00,  0x00,
  0xC0,  0x30,  0x08,  0x06,  0x00,  0x00,  0x00,  0x00,
  0x00,  0x00,  0x00,  0x00,  0x00,  0x00,  0x00,  0x00,
  0x00,  0x00,  0x00,  0x00,  0x00,  0x00,  0x00,  0x00,
  0x00,  0x00,  0x00,  0x00,  0x00,  0x00,  0x00,  0x00,
  0x00,  0x00
};

const UCHAR abc_fontArialNarrow37h_0061[  70] = { /* code 0061 */
  0x00,  0x00,  0x00,  0x00,  0x00,  0x00,  0x00,  0x00,
  0x00,  0x00,  0x00,  0x00,  0x00,  0x00,  0x00,  0x00,
  0x00,  0x00,  0x00,  0x00,  0x00,  0x00,  0x00,  0x00,
  0x01,  0xF8,  0x07,  0xFC,  0x1C,  0x1C,  0x70,  0x18,
  0xC0,  0x30,  0x00,  0x60,  0x03,  0xC0,  0xFF,  0x83,
  0xF3,  0x0E,  0x06,  0x30,  0x0C,  0x60,  0x18,  0xC0,
  0x71,  0x80,  0xE3,  0x87,  0xC3,  0xFD,  0x83,  0xE1,
  0x80,  0x00,  0x00,  0x00,  0x00,  0x00,  0x00,  0x00,
  0x00,  0x00,  0x00,  0x00,  0x00,  0x00
};

const UCHAR abc_fontArialNarrow37h_0062[  70] = { /* code 0062 */
  0x00,  0x00,  0x00,  0x00,  0x00,  0x00,  0x00,  0x00,
  0x00,  0x00,  0x00,  0x00,  0x00,  0x30,  0x00,  0x60,
  0x00,  0xC0,  0x01,  0x80,  0x03,  0x00,  0x06,  0x00,
  0x0C,  0xF8,  0x1F,  0xF8,  0x3E,  0x38,  0x70,  0x18,
  0xE0,  0x31,  0x80,  0x33,  0x00,  0x66,  0x00,  0xCC,
  0x01,  0x98,  0x03,  0x30,  0x06,  0x60,  0x0C,  0xE0,
  0x31,  0xC0,  0x63,  0xE3,  0x86,  0xFE,  0x0C,  0xF8,
  0x00,  0x00,  0x00,  0x00,  0x00,  0x00,  0x00,  0x00,
  0x00,  0x00,  0x00,  0x00,  0x00,  0x00
};

const UCHAR abc_fontArialNarrow37h_0063[  61] = { /* code 0063 */
  0x00,  0x00,  0x00,  0x00,  0x00,  0x00,  0x00,  0x00,
  0x00,  0x00,  0x00,  0x00,  0x00,  0x00,  0x00,  0x00,
  0x00,  0x00,  0x00,  0x00,  0x00,  0x03,  0xE0,  0x7F,
  0x83,  0x0E,  0x30,  0x39,  0x80,  0xD8,  0x00,  0xC0,
  0x06,  0x00,  0x30,  0x01,  0x80,  0x0C,  0x00,  0x60,
  0x19,  0x80,  0xCC,  0x0C,  0x70,  0xE1,  0xFE,  0x03,
  0xE0,  0x00,  0x00,  0x00,  0x00,  0x00,  0x00,  0x00,
  0x00,  0x00,  0x00,  0x00,  0x00
};

const UCHAR abc_fontArialNarrow37h_0064[  70] = { /* code 0064 */
  0x00,  0x00,  0x00,  0x00,  0x00,  0x00,  0x00,  0x00,
  0x00,  0x00,  0x00,  0x00,  0x00,  0x00,  0x06,  0x00,
  0x0C,  0x00,  0x18,  0x00,  0x30,  0x00,  0x60,  0x00,
  0xC0,  0xF9,  0x83,  0xFF,  0x0C,  0x3E,  0x30,  0x1C,
  0x60,  0x39,  0x80,  0x33,  0x00,  0x66,  0x00,  0xCC,
  0x01,  0x98,  0x03,  0x30,  0x06,  0x60,  0x0C,  0x60,
  0x38,  0xC0,  0x70,  0xE3,  0xE0,  0xFE,  0xC0,  0xF9,
  0x80,  0x00,  0x00,  0x00,  0x00,  0x00,  0x00,  0x00,
  0x00,  0x00,  0x00,  0x00,  0x00,  0x00
};

const UCHAR abc_fontArialNarrow37h_0065[  70] = { /* code 0065 */
  0x00,  0x00,  0x00,  0x00,  0x00,  0x00,  0x00,  0x00,
  0x00,  0x00,  0x00,  0x00,  0x00,  0x00,  0x00,  0x00,
  0x00,  0x00,  0x00,  0x00,  0x00,  0x00,  0x00,  0x00,
  0x00,  0xF8,  0x03,  0xFC,  0x0E,  0x18,  0x30,  0x18,
  0x60,  0x31,  0x80,  0x33,  0x00,  0x67,  0xFF,  0xCF,
  0xFF,  0x98,  0x00,  0x30,  0x00,  0x60,  0x00,  0x60,
  0x18,  0xE0,  0x60,  0xE1,  0xC0,  0xFF,  0x00,  0xF8,
  0x00,  0x00,  0x00,  0x00,  0x00,  0x00,  0x00,  0x00,
  0x00,  0x00,  0x00,  0x00,  0x00,  0x00
};

const UCHAR abc_fontArialNarrow37h_0066[  37] = { /* code 0066 */
  0x00,  0x00,  0x00,  0x00,  0x00,  0x00,  0x00,  0x0F,
  0x1F,  0x38,  0x30,  0x30,  0x30,  0xFE,  0xFE,  0x30,
  0x30,  0x30,  0x30,  0x30,  0x30,  0x30,  0x30,  0x30,
  0x30,  0x30,  0x30,  0x30,  0x30,  0x30,  0x00,  0x00,
  0x00,  0x00,  0x00,  0x00,  0x00
};

const UCHAR abc_fontArialNarrow37h_0067[  70] = { /* code 0067 */
  0x00,  0x00,  0x00,  0x00,  0x00,  0x00,  0x00,  0x00,
  0x00,  0x00,  0x00,  0x00,  0x00,  0x00,  0x00,  0x00,
  0x00,  0x00,  0x00,  0x00,  0x00,  0x00,  0x00,  0x00,
  0x00,  0xF3,  0x07,  0xFE,  0x0C,  0x3C,  0x30,  0x38,
  0x60,  0x71,  0x80,  0x63,  0x00,  0xC6,  0x01,  0x8C,
  0x03,  0x18,  0x06,  0x30,  0x0C,  0x60,  0x18,  0x60,
  0x70,  0xC0,  0xE0,  0xC3,  0xC1,  0xFF,  0x80,  0xF3,
  0x00,  0x06,  0x30,  0x0C,  0x60,  0x30,  0x60,  0xE0,
  0xFF,  0x80,  0x7C,  0x00,  0x00,  0x00
};

const UCHAR abc_fontArialNarrow37h_0068[  70] = { /* code 0068 */
  0x00,  0x00,  0x00,  0x00,  0x00,  0x00,  0x00,  0x00,
  0x00,  0x00,  0x00,  0x00,  0x00,  0x18,  0x00,  0x30,
  0x00,  0x60,  0x00,  0xC0,  0x01,  0x80,  0x03,  0x00,
  0x06,  0x7C,  0x0F,  0xFC,  0x1E,  0x18,  0x38,  0x18,
  0x60,  0x30,  0xC0,  0x61,  0x80,  0xC3,  0x01,  0x86,
  0x03,  0x0C,  0x06,  0x18,  0x0C,  0x30,  0x18,  0x60,
  0x30,  0xC0,  0x61,  0x80,  0xC3,  0x01,  0x86,  0x03,
  0x00,  0x00,  0x00,  0x00,  0x00,  0x00,  0x00,  0x00,
  0x00,  0x00,  0x00,  0x00,  0x00,  0x00
};

const UCHAR abc_fontArialNarrow37h_0069[  28] = { /* code 0069 */
  0x00,  0x00,  0x00,  0x00,  0x00,  0x0C,  0x30,  0x00,
  0x00,  0x00,  0xC3,  0x0C,  0x30,  0xC3,  0x0C,  0x30,
  0xC3,  0x0C,  0x30,  0xC3,  0x0C,  0x30,  0xC0,  0x00,
  0x00,  0x00,  0x00,  0x00
};

const UCHAR abc_fontArialNarrow37h_006A[  28] = { /* code 006A */
  0x00,  0x00,  0x00,  0x00,  0x00,  0x0C,  0x30,  0x00,
  0x00,  0x00,  0xC3,  0x0C,  0x30,  0xC3,  0x0C,  0x30,
  0xC3,  0x0C,  0x30,  0xC3,  0x0C,  0x30,  0xC3,  0x0C,
  0x30,  0xCE,  0x38,  0x00
};

const UCHAR abc_fontArialNarrow37h_006B[  61] = { /* code 006B */
  0x00,  0x00,  0x00,  0x00,  0x00,  0x00,  0x00,  0x00,
  0x00,  0x00,  0x00,  0x0C,  0x00,  0x60,  0x03,  0x00,
  0x18,  0x00,  0xC0,  0x06,  0x00,  0x30,  0x39,  0x83,
  0x8C,  0x38,  0x61,  0x83,  0x18,  0x19,  0x80,  0xDC,
  0x07,  0xE0,  0x3D,  0x81,  0xCC,  0x0C,  0x30,  0x61,
  0x83,  0x06,  0x18,  0x38,  0xC0,  0xC6,  0x07,  0x30,
  0x18,  0x00,  0x00,  0x00,  0x00,  0x00,  0x00,  0x00,
  0x00,  0x00,  0x00,  0x00,  0x00
};

const UCHAR abc_fontArialNarrow37h_006C[  28] = { /* code 006C */
  0x00,  0x00,  0x00,  0x00,  0x00,  0x0C,  0x30,  0xC3,
  0x0C,  0x30,  0xC3,  0x0C,  0x30,  0xC3,  0x0C,  0x30,
  0xC3,  0x0C,  0x30,  0xC3,  0x0C,  0x30,  0xC0,  0x00,
  0x00,  0x00,  0x00,  0x00
};

const UCHAR abc_fontArialNarrow37h_006D[ 102] = { /* code 006D */
  0x00,  0x00,  0x00,  0x00,  0x00,  0x00,  0x00,  0x00,
  0x00,  0x00,  0x00,  0x00,  0x00,  0x00,  0x00,  0x00,
  0x00,  0x00,  0x00,  0x00,  0x00,  0x00,  0x00,  0x00,
  0x00,  0x00,  0x00,  0x00,  0x00,  0x00,  0x00,  0x00,
  0x00,  0x00,  0x00,  0x00,  0xCF,  0x0F,  0x03,  0x7E,
  0xFE,  0x0F,  0x1F,  0x1C,  0x38,  0x38,  0x30,  0xC0,
  0xC0,  0xC3,  0x03,  0x03,  0x0C,  0x0C,  0x0C,  0x30,
  0x30,  0x30,  0xC0,  0xC0,  0xC3,  0x03,  0x03,  0x0C,
  0x0C,  0x0C,  0x30,  0x30,  0x30,  0xC0,  0xC0,  0xC3,
  0x03,  0x03,  0x0C,  0x0C,  0x0C,  0x30,  0x30,  0x30,
  0xC0,  0xC0,  0xC0,  0x00,  0x00,  0x00,  0x00,  0x00,
  0x00,  0x00,  0x00,  0x00,  0x00,  0x00,  0x00,  0x00,
  0x00,  0x00,  0x00,  0x00,  0x00,  0x00
};

const UCHAR abc_fontArialNarrow37h_006E[  70] = { /* code 006E */
  0x00,  0x00,  0x00,  0x00,  0x00,  0x00,  0x00,  0x00,
  0x00,  0x00,  0x00,  0x00,  0x00,  0x00,  0x00,  0x00,
  0x00,  0x00,  0x00,  0x00,  0x00,  0x00,  0x00,  0x00,
  0x06,  0x7C,  0x0D,  0xFC,  0x1E,  0x18,  0x38,  0x18,
  0x60,  0x30,  0xC0,  0x61,  0x80,  0xC3,  0x01,  0x86,
  0x03,  0x0C,  0x06,  0x18,  0x0C,  0x30,  0x18,  0x60,
  0x30,  0xC0,  0x61,  0x80,  0xC3,  0x01,  0x86,  0x03,
  0x00,  0x00,  0x00,  0x00,  0x00,  0x00,  0x00,  0x00,
  0x00,  0x00,  0x00,  0x00,  0x00,  0x00
};

const UCHAR abc_fontArialNarrow37h_006F[  70] = { /* code 006F */
  0x00,  0x00,  0x00,  0x00,  0x00,  0x00,  0x00,  0x00,
  0x00,  0x00,  0x00,  0x00,  0x00,  0x00,  0x00,  0x00,
  0x00,  0x00,  0x00,  0x00,  0x00,  0x00,  0x00,  0x00,
  0x00,  0xF8,  0x07,  0xFC,  0x0E,  0x38,  0x30,  0x18,
  0x60,  0x31,  0x80,  0x33,  0x00,  0x66,  0x00,  0xCC,
  0x01,  0x98,  0x03,  0x30,  0x06,  0x60,  0x0C,  0x60,
  0x30,  0xC0,  0x60,  0xE3,  0x80,  0xFF,  0x00,  0xF8,
  0x00,  0x00,  0x00,  0x00,  0x00,  0x00,  0x00,  0x00,
  0x00,  0x00,  0x00,  0x00,  0x00,  0x00
};

const UCHAR abc_fontArialNarrow37h_0070[  70] = { /* code 0070 */
  0x00,  0x00,  0x00,  0x00,  0x00,  0x00,  0x00,  0x00,
  0x00,  0x00,  0x00,  0x00,  0x00,  0x00,  0x00,  0x00,
  0x00,  0x00,  0x00,  0x00,  0x00,  0x00,  0x00,  0x00,
  0x0C,  0xF8,  0x1B,  0xF8,  0x3E,  0x38,  0x78,  0x18,
  0xE0,  0x31,  0x80,  0x33,  0x00,  0x66,  0x00,  0xCC,
  0x01,  0x98,  0x03,  0x30,  0x06,  0x60,  0x0C,  0xE0,
  0x31,  0xC0,  0x63,  0xE3,  0x87,  0xFE,  0x0C,  0xF8,
  0x18,  0x00,  0x30,  0x00,  0x60,  0x00,  0xC0,  0x01,
  0x80,  0x03,  0x00,  0x00,  0x00,  0x00
};

const UCHAR abc_fontArialNarrow37h_0071[  70] = { /* code 0071 */
  0x00,  0x00,  0x00,  0x00,  0x00,  0x00,  0x00,  0x00,
  0x00,  0x00,  0x00,  0x00,  0x00,  0x00,  0x00,  0x00,
  0x00,  0x00,  0x00,  0x00,  0x00,  0x00,  0x00,  0x00,
  0x00,  0xF9,  0x87,  0xFB,  0x0E,  0x3E,  0x30,  0x3C,
  0x60,  0x39,  0x80,  0x33,  0x00,  0x66,  0x00,  0xCC,
  0x01,  0x98,  0x03,  0x30,  0x06,  0x60,  0x0C,  0x60,
  0x38,  0xC0,  0x70,  0xE3,  0xE0,  0xFF,  0xC0,  0xF9,
  0x80,  0x03,  0x00,  0x06,  0x00,  0x0C,  0x00,  0x18,
  0x00,  0x30,  0x00,  0x60,  0x00,  0x00
};

const UCHAR abc_fontArialNarrow37h_0072[  42] = { /* code 0072 */
  0x00,  0x00,  0x00,  0x00,  0x00,  0x00,  0x00,  0x00,
  0x00,  0x00,  0x00,  0x00,  0x00,  0x00,  0x01,  0xB8,
  0xFE,  0x70,  0x38,  0x18,  0x0C,  0x06,  0x03,  0x01,
  0x80,  0xC0,  0x60,  0x30,  0x18,  0x0C,  0x06,  0x03,
  0x01,  0x80,  0x00,  0x00,  0x00,  0x00,  0x00,  0x00,
  0x00,  0x00
};

const UCHAR abc_fontArialNarrow37h_0073[  61] = { /* code 0073 */
  0x00,  0x00,  0x00,  0x00,  0x00,  0x00,  0x00,  0x00,
  0x00,  0x00,  0x00,  0x00,  0x00,  0x00,  0x00,  0x00,
  0x00,  0x00,  0x00,  0x00,  0x00,  0x07,  0xC0,  0xFF,
  0x8E,  0x0C,  0x60,  0x33,  0x01,  0x98,  0x00,  0x70,
  0x01,  0xF0,  0x03,  0xF0,  0x03,  0x80,  0x06,  0x00,
  0x33,  0x01,  0x9C,  0x0C,  0x70,  0xC1,  0xFE,  0x07,
  0xC0,  0x00,  0x00,  0x00,  0x00,  0x00,  0x00,  0x00,
  0x00,  0x00,  0x00,  0x00,  0x00
};

const UCHAR abc_fontArialNarrow37h_0074[  33] = { /* code 0074 */
  0x00,  0x00,  0x00,  0x00,  0x00,  0x00,  0x00,  0x10,
  0x60,  0xC1,  0x83,  0x1F,  0xBF,  0x18,  0x30,  0x60,
  0xC1,  0x83,  0x06,  0x0C,  0x18,  0x30,  0x60,  0xC1,
  0x83,  0xC3,  0x80,  0x00,  0x00,  0x00,  0x00,  0x00,
  0x00
};

const UCHAR abc_fontArialNarrow37h_0075[  70] = { /* code 0075 */
  0x00,  0x00,  0x00,  0x00,  0x00,  0x00,  0x00,  0x00,
  0x00,  0x00,  0x00,  0x00,  0x00,  0x00,  0x00,  0x00,
  0x00,  0x00,  0x00,  0x00,  0x00,  0x00,  0x00,  0x00,
  0x06,  0x03,  0x0C,  0x06,  0x18,  0x0C,  0x30,  0x18,
  0x60,  0x30,  0xC0,  0x61,  0x80,  0xC3,  0x01,  0x86,
  0x03,  0x0C,  0x06,  0x18,  0x0C,  0x30,  0x18,  0x60,
  0x30,  0xC0,  0xE0,  0xC3,  0xC1,  0xFD,  0x80,  0xF3,
  0x00,  0x00,  0x00,  0x00,  0x00,  0x00,  0x00,  0x00,
  0x00,  0x00,  0x00,  0x00,  0x00,  0x00
};

const UCHAR abc_fontArialNarrow37h_0076[  61] = { /* code 0076 */
  0x00,  0x00,  0x00,  0x00,  0x00,  0x00,  0x00,  0x00,
  0x00,  0x00,  0x00,  0x00,  0x00,  0x00,  0x00,  0x00,
  0x00,  0x00,  0x00,  0x00,  0x00,  0x30,  0x19,  0x80,
  0xC6,  0x0C,  0x30,  0x61,  0x83,  0x0C,  0x18,  0x71,
  0xC1,  0x8C,  0x0C,  0x60,  0x63,  0x03,  0xB8,  0x0D,
  0x80,  0x6C,  0x03,  0x60,  0x1B,  0x00,  0x70,  0x03,
  0x80,  0x00,  0x00,  0x00,  0x00,  0x00,  0x00,  0x00,
  0x00,  0x00,  0x00,  0x00,  0x00
};

const UCHAR abc_fontArialNarrow37h_0077[  88] = { /* code 0077 */
  0x00,  0x00,  0x00,  0x00,  0x00,  0x00,  0x00,  0x00,
  0x00,  0x00,  0x00,  0x00,  0x00,  0x00,  0x00,  0x00,
  0x00,  0x00,  0x00,  0x00,  0x00,  0x00,  0x00,  0x00,
  0x00,  0x00,  0x00,  0x00,  0x00,  0x00,  0x01,  0x81,
  0xC0,  0xF0,  0x38,  0x1B,  0x07,  0x06,  0x60,  0xE0,
  0xCC,  0x36,  0x19,  0xC6,  0xC7,  0x18,  0xD8,  0xC3,
  0x1B,  0x18,  0x67,  0x73,  0x06,  0xC6,  0xC0,  0xD8,
  0xD8,  0x1B,  0x1B,  0x03,  0x63,  0x60,  0x38,  0x38,
  0x07,  0x07,  0x00,  0xE0,  0xE0,  0x1C,  0x1C,  0x00,
  0x00,  0x00,  0x00,  0x00,  0x00,  0x00,  0x00,  0x00,
  0x00,  0x00,  0x00,  0x00,  0x00,  0x00,  0x00,  0x00
};

const UCHAR abc_fontArialNarrow37h_0078[  61] = { /* code 0078 */
  0x00,  0x00,  0x00,  0x00,  0x00,  0x00,  0x00,  0x00,
  0x00,  0x00,  0x00,  0x00,  0x00,  0x00,  0x00,  0x00,
  0x00,  0x00,  0x00,  0x00,  0x00,  0x70,  0x1D,  0x80,
  0xC6,  0x0C,  0x30,  0x60,  0xC6,  0x07,  0x70,  0x1B,
  0x00,  0x70,  0x03,  0x80,  0x1C,  0x01,  0xB0,  0x1D,
  0xC0,  0xC6,  0x0C,  0x18,  0x60,  0xC6,  0x03,  0x70,
  0x1C,  0x00,  0x00,  0x00,  0x00,  0x00,  0x00,  0x00,
  0x00,  0x00,  0x00,  0x00,  0x00
};

const UCHAR abc_fontArialNarrow37h_0079[  61] = { /* code 0079 */
  0x00,  0x00,  0x00,  0x00,  0x00,  0x00,  0x00,  0x00,
  0x00,  0x00,  0x00,  0x00,  0x00,  0x00,  0x00,  0x00,
  0x00,  0x00,  0x00,  0x00,  0x00,  0x30,  0x19,  0x80,
  0xC6,  0x0C,  0x30,  0x61,  0x83,  0x0E,  0x38,  0x31,
  0x81,  0x8C,  0x0C,  0x60,  0x76,  0x01,  0xB0,  0x0D,
  0x80,  0x6C,  0x03,  0xC0,  0x0E,  0x00,  0x70,  0x03,
  0x80,  0x18,  0x00,  0xC0,  0x06,  0x00,  0x60,  0x1E,
  0x00,  0xE0,  0x00,  0x00,  0x00
};

const UCHAR abc_fontArialNarrow37h_007A[  61] = { /* code 007A */
  0x00,  0x00,  0x00,  0x00,  0x00,  0x00,  0x00,  0x00,
  0x00,  0x00,  0x00,  0x00,  0x00,  0x00,  0x00,  0x00,
  0x00,  0x00,  0x00,  0x00,  0x00,  0x7F,  0xFB,  0xFF,
  0xC0,  0x0C,  0x00,  0xE0,  0x06,  0x00,  0x60,  0x07,
  0x00,  0x70,  0x03,  0x00,  0x30,  0x03,  0x80,  0x18,
  0x01,  0x80,  0x18,  0x01,  0xC0,  0x0F,  0xFF,  0x7F,
  0xF8,  0x00,  0x00,  0x00,  0x00,  0x00,  0x00,  0x00,
  0x00,  0x00,  0x00,  0x00,  0x00
};

const UCHAR abc_fontArialNarrow37h_007B[  42] = { /* code 007B */
  0x00,  0x00,  0x00,  0x00,  0x00,  0x00,  0x00,  0x00,
  0x07,  0x07,  0x87,  0x03,  0x01,  0x80,  0xC0,  0x60,
  0x30,  0x18,  0x0C,  0x06,  0x03,  0x03,  0x01,  0x83,
  0x01,  0xC0,  0x30,  0x0C,  0x06,  0x03,  0x01,  0x80,
  0xC0,  0x60,  0x30,  0x18,  0x0C,  0x07,  0x01,  0xE0,
  0x70,  0x00
};

const UCHAR abc_fontArialNarrow37h_007C[  33] = { /* code 007C */
  0x00,  0x00,  0x00,  0x00,  0x00,  0x00,  0x18,  0x30,
  0x60,  0xC1,  0x83,  0x06,  0x0C,  0x18,  0x30,  0x60,
  0xC1,  0x83,  0x06,  0x0C,  0x18,  0x30,  0x60,  0xC1,
  0x83,  0x06,  0x0C,  0x18,  0x30,  0x60,  0xC1,  0x83,
  0x00
};

const UCHAR abc_fontArialNarrow37h_007D[  42] = { /* code 007D */
  0x00,  0x00,  0x00,  0x00,  0x00,  0x00,  0x00,  0x01,
  0xC0,  0xF0,  0x1C,  0x06,  0x03,  0x01,  0x80,  0xC0,
  0x60,  0x30,  0x18,  0x0C,  0x06,  0x01,  0x80,  0x40,
  0x18,  0x1C,  0x18,  0x18,  0x0C,  0x06,  0x03,  0x01,
  0x80,  0xC0,  0x60,  0x30,  0x18,  0x1C,  0x3C,  0x1C,
  0x00,  0x00
};

const UCHAR abc_fontArialNarrow37h_007E[  70] = { /* code 007E */
  0x00,  0x00,  0x00,  0x00,  0x00,  0x00,  0x00,  0x00,
  0x00,  0x00,  0x00,  0x00,  0x00,  0x00,  0x00,  0x00,
  0x00,  0x00,  0x00,  0x00,  0x00,  0x00,  0x00,  0x00,
  0x00,  0x00,  0x00,  0x00,  0x00,  0x00,  0x00,  0x00,
  0x7C,  0x09,  0xFE,  0x33,  0x1F,  0xE4,  0x0F,  0x80,
  0x00,  0x00,  0x00,  0x00,  0x00,  0x00,  0x00,  0x00,
  0x00,  0x00,  0x00,  0x00,  0x00,  0x00,  0x00,  0x00,
  0x00,  0x00,  0x00,  0x00,  0x00,  0x00,  0x00,  0x00,
  0x00,  0x00,  0x00,  0x00,  0x00,  0x00
};

const UCHAR abc_fontArialNarrow37h_00A0[  33] = { /* code 00A0 */
  0x00,  0x00,  0x00,  0x00,  0x00,  0x00,  0x00,  0x00,
  0x00,  0x00,  0x00,  0x00,  0x00,  0x00,  0x00,  0x00,
  0x00,  0x00,  0x00,  0x00,  0x00,  0x00,  0x00,  0x00,
  0x00,  0x00,  0x00,  0x00,  0x00,  0x00,  0x00,  0x00,
  0x00
};

const UCHAR abc_fontArialNarrow37h_00B2[  42] = { /* code 00B2 */
  0x00,  0x00,  0x00,  0x00,  0x00,  0x00,  0x00,  0x00,
  0x78,  0x7F,  0x71,  0xB0,  0xC0,  0x60,  0x60,  0x60,
  0x60,  0x60,  0x60,  0x7F,  0xBF,  0xC0,  0x00,  0x00,
  0x00,  0x00,  0x00,  0x00,  0x00,  0x00,  0x00,  0x00,
  0x00,  0x00,  0x00,  0x00,  0x00,  0x00,  0x00,  0x00,
  0x00,  0x00
};

const UCHAR abc_fontArialNarrow37h_00BF[  74] = { /* code 00BF */
  0x00,  0x00,  0x00,  0x00,  0x00,  0x00,  0x00,  0x00,
  0x00,  0x00,  0x00,  0x00,  0x00,  0x00,  0x00,  0x00,
  0x00,  0x00,  0x00,  0x00,  0x00,  0x00,  0x00,  0x00,
  0x00,  0x00,  0x01,  0x80,  0x01,  0x80,  0x00,  0x00,
  0x00,  0x00,  0x01,  0x80,  0x01,  0x80,  0x01,  0x80,
  0x01,  0x80,  0x03,  0x80,  0x07,  0x00,  0x07,  0x00,
  0x0E,  0x00,  0x1C,  0x00,  0x18,  0x00,  0x38,  0x00,
  0x30,  0x00,  0x30,  0x00,  0x30,  0x0C,  0x30,  0x0C,
  0x30,  0x1C,  0x18,  0x18,  0x1C,  0x38,  0x0F,  0xF0,
  0x03,  0xC0
};

const UCHAR abc_fontArialNarrow37h_00C0[  84] = { /* code 00C0 */
  0x00,  0x00,  0x00,  0xC0,  0x00,  0x18,  0x00,  0x02,
  0x00,  0x00,  0xC0,  0x00,  0x00,  0x00,  0x00,  0x00,
  0x07,  0x00,  0x01,  0xC0,  0x00,  0xF8,  0x00,  0x36,
  0x00,  0x0D,  0x80,  0x07,  0x60,  0x01,  0x8C,  0x00,
  0x63,  0x00,  0x18,  0xC0,  0x0C,  0x18,  0x03,  0x06,
  0x00,  0xC1,  0x80,  0x60,  0x30,  0x18,  0x0C,  0x07,
  0xFF,  0x03,  0xFF,  0xE0,  0xC0,  0x18,  0x30,  0x06,
  0x18,  0x00,  0xC6,  0x00,  0x31,  0x80,  0x0C,  0xE0,
  0x03,  0xB0,  0x00,  0x60,  0x00,  0x00,  0x00,  0x00,
  0x00,  0x00,  0x00,  0x00,  0x00,  0x00,  0x00,  0x00,
  0x00,  0x00,  0x00,  0x00
};

const UCHAR abc_fontArialNarrow37h_00C1[  84] = { /* code 00C1 */
  0x00,  0x00,  0x00,  0x18,  0x00,  0x0C,  0x00,  0x03,
  0x00,  0x01,  0x80,  0x00,  0x00,  0x00,  0x00,  0x00,
  0x07,  0x00,  0x01,  0xC0,  0x00,  0xF8,  0x00,  0x36,
  0x00,  0x0D,  0x80,  0x07,  0x60,  0x01,  0x8C,  0x00,
  0x63,  0x00,  0x18,  0xC0,  0x0C,  0x18,  0x03,  0x06,
  0x00,  0xC1,  0x80,  0x60,  0x30,  0x18,  0x0C,  0x07,
  0xFF,  0x03,  0xFF,  0xE0,  0xC0,  0x18,  0x30,  0x06,
  0x18,  0x00,  0xC6,  0x00,  0x31,  0x80,  0x0C,  0xE0,
  0x03,  0xB0,  0x00,  0x60,  0x00,  0x00,  0x00,  0x00,
  0x00,  0x00,  0x00,  0x00,  0x00,  0x00,  0x00,  0x00,
  0x00,  0x00,  0x00,  0x00
};

const UCHAR abc_fontArialNarrow37h_00C2[  84] = { /* code 00C2 */
  0x00,  0x00,  0x00,  0x30,  0x00,  0x1E,  0x00,  0x0C,
  0xC0,  0x06,  0x18,  0x00,  0x00,  0x00,  0x00,  0x00,
  0x07,  0x00,  0x01,  0xC0,  0x00,  0xF8,  0x00,  0x36,
  0x00,  0x0D,  0x80,  0x07,  0x60,  0x01,  0x8C,  0x00,
  0x63,  0x00,  0x18,  0xC0,  0x0C,  0x18,  0x03,  0x06,
  0x00,  0xC1,  0x80,  0x60,  0x30,  0x18,  0x0C,  0x07,
  0xFF,  0x03,  0xFF,  0xE0,  0xC0,  0x18,  0x30,  0x06,
  0x18,  0x00,  0xC6,  0x00,  0x31,  0x80,  0x0C,  0xE0,
  0x03,  0xB0,  0x00,  0x60,  0x00,  0x00,  0x00,  0x00,
  0x00,  0x00,  0x00,  0x00,  0x00,  0x00,  0x00,  0x00,
  0x00,  0x00,  0x00,  0x00
};

const UCHAR abc_fontArialNarrow37h_00C3[  84] = { /* code 00C3 */
  0x00,  0x00,  0x00,  0x00,  0x00,  0x79,  0x80,  0x3F,
  0xE0,  0x0C,  0x70,  0x00,  0x00,  0x00,  0x00,  0x00,
  0x07,  0x00,  0x01,  0xC0,  0x00,  0xF8,  0x00,  0x36,
  0x00,  0x0D,  0x80,  0x07,  0x60,  0x01,  0x8C,  0x00,
  0x63,  0x00,  0x18,  0xC0,  0x0C,  0x18,  0x03,  0x06,
  0x00,  0xC1,  0x80,  0x60,  0x30,  0x18,  0x0C,  0x07,
  0xFF,  0x03,  0xFF,  0xE0,  0xC0,  0x18,  0x30,  0x06,
  0x18,  0x00,  0xC6,  0x00,  0x31,  0x80,  0x0C,  0xE0,
  0x03,  0xB0,  0x00,  0x60,  0x00,  0x00,  0x00,  0x00,
  0x00,  0x00,  0x00,  0x00,  0x00,  0x00,  0x00,  0x00,
  0x00,  0x00,  0x00,  0x00
};

const UCHAR abc_fontArialNarrow37h_00C4[  84] = { /* code 00C4 */
  0x00,  0x00,  0x00,  0x00,  0x00,  0x00,  0x00,  0x0C,
  0xC0,  0x03,  0x30,  0x00,  0x00,  0x00,  0x00,  0x00,
  0x07,  0x00,  0x01,  0xC0,  0x00,  0xF8,  0x00,  0x36,
  0x00,  0x0D,  0x80,  0x07,  0x60,  0x01,  0x8C,  0x00,
  0x63,  0x00,  0x18,  0xC0,  0x0C,  0x18,  0x03,  0x06,
  0x00,  0xC1,  0x80,  0x60,  0x30,  0x18,  0x0C,  0x07,
  0xFF,  0x03,  0xFF,  0xE0,  0xC0,  0x18,  0x30,  0x06,
  0x18,  0x00,  0xC6,  0x00,  0x31,  0x80,  0x0C,  0xE0,
  0x03,  0xB0,  0x00,  0x60,  0x00,  0x00,  0x00,  0x00,
  0x00,  0x00,  0x00,  0x00,  0x00,  0x00,  0x00,  0x00,
  0x00,  0x00,  0x00,  0x00
};

const UCHAR abc_fontArialNarrow37h_00C5[  84] = { /* code 00C5 */
  0x01,  0xC0,  0x00,  0x88,  0x00,  0x22,  0x00,  0x08,
  0x80,  0x01,  0xC0,  0x00,  0x00,  0x00,  0x00,  0x00,
  0x07,  0x00,  0x01,  0xC0,  0x00,  0xF8,  0x00,  0x36,
  0x00,  0x0D,  0x80,  0x07,  0x60,  0x01,  0x8C,  0x00,
  0x63,  0x00,  0x18,  0xC0,  0x0C,  0x18,  0x03,  0x06,
  0x00,  0xC1,  0x80,  0x60,  0x30,  0x18,  0x0C,  0x07,
  0xFF,  0x03,  0xFF,  0xE0,  0xC0,  0x18,  0x30,  0x06,
  0x18,  0x00,  0xC6,  0x00,  0x31,  0x80,  0x0C,  0xE0,
  0x03,  0xB0,  0x00,  0x60,  0x00,  0x00,  0x00,  0x00,
  0x00,  0x00,  0x00,  0x00,  0x00,  0x00,  0x00,  0x00,
  0x00,  0x00,  0x00,  0x00
};

const UCHAR abc_fontArialNarrow37h_00C6[ 121] = { /* code 00C6 */
  0x00,  0x00,  0x00,  0x00,  0x00,  0x00,  0x00,  0x00,
  0x00,  0x00,  0x00,  0x00,  0x00,  0x00,  0x00,  0x00,
  0x00,  0x00,  0x00,  0x00,  0x00,  0x00,  0x00,  0x01,
  0xFF,  0xFE,  0x00,  0xFF,  0xFF,  0x80,  0x33,  0x00,
  0x00,  0x0C,  0xC0,  0x00,  0x06,  0x30,  0x00,  0x01,
  0x8C,  0x00,  0x00,  0xE3,  0x00,  0x00,  0x30,  0xC0,
  0x00,  0x0C,  0x30,  0x00,  0x06,  0x0C,  0x00,  0x01,
  0x83,  0xFF,  0xC0,  0x60,  0xFF,  0xF0,  0x30,  0x30,
  0x00,  0x0F,  0xFC,  0x00,  0x03,  0xFF,  0x00,  0x01,
  0x80,  0xC0,  0x00,  0x60,  0x30,  0x00,  0x38,  0x0C,
  0x00,  0x0C,  0x03,  0x00,  0x03,  0x00,  0xC0,  0x01,
  0x80,  0x30,  0x00,  0x60,  0x0F,  0xFF,  0x98,  0x03,
  0xFF,  0xE0,  0x00,  0x00,  0x00,  0x00,  0x00,  0x00,
  0x00,  0x00,  0x00,  0x00,  0x00,  0x00,  0x00,  0x00,
  0x00,  0x00,  0x00,  0x00,  0x00,  0x00,  0x00,  0x00,
  0x00
};

const UCHAR abc_fontArialNarrow37h_00C7[  88] = { /* code 00C7 */
  0x00,  0x00,  0x00,  0x00,  0x00,  0x00,  0x00,  0x00,
  0x00,  0x00,  0x00,  0x00,  0x00,  0x00,  0x00,  0x00,
  0x00,  0x0F,  0xC0,  0x07,  0xFC,  0x01,  0xC1,  0xC0,
  0x70,  0x1C,  0x1C,  0x01,  0x83,  0x00,  0x38,  0x60,
  0x02,  0x18,  0x00,  0x03,  0x00,  0x00,  0x60,  0x00,
  0x0C,  0x00,  0x01,  0x80,  0x00,  0x30,  0x00,  0x06,
  0x00,  0x00,  0xC0,  0x00,  0x18,  0x00,  0x41,  0x80,
  0x0C,  0x30,  0x03,  0x87,  0x00,  0x60,  0x70,  0x1C,
  0x07,  0x07,  0x00,  0x7F,  0xC0,  0x07,  0xE0,  0x00,
  0x30,  0x00,  0x0E,  0x00,  0x00,  0x60,  0x00,  0x0C,
  0x00,  0x0F,  0x80,  0x01,  0xE0,  0x00,  0x00,  0x00
};

const UCHAR abc_fontArialNarrow37h_00C8[  84] = { /* code 00C8 */
  0x00,  0x00,  0x00,  0xC0,  0x00,  0x18,  0x00,  0x02,
  0x00,  0x00,  0xC0,  0x00,  0x00,  0x00,  0x00,  0x00,
  0xFF,  0xFC,  0x3F,  0xFF,  0x0C,  0x00,  0x03,  0x00,
  0x00,  0xC0,  0x00,  0x30,  0x00,  0x0C,  0x00,  0x03,
  0x00,  0x00,  0xC0,  0x00,  0x30,  0x00,  0x0F,  0xFF,
  0x83,  0xFF,  0xE0,  0xC0,  0x00,  0x30,  0x00,  0x0C,
  0x00,  0x03,  0x00,  0x00,  0xC0,  0x00,  0x30,  0x00,
  0x0C,  0x00,  0x03,  0x00,  0x00,  0xC0,  0x00,  0x3F,
  0xFF,  0x0F,  0xFF,  0xC0,  0x00,  0x00,  0x00,  0x00,
  0x00,  0x00,  0x00,  0x00,  0x00,  0x00,  0x00,  0x00,
  0x00,  0x00,  0x00,  0x00
};

const UCHAR abc_fontArialNarrow37h_00C9[  84] = { /* code 00C9 */
  0x00,  0x00,  0x00,  0x0C,  0x00,  0x06,  0x00,  0x01,
  0x80,  0x00,  0xC0,  0x00,  0x00,  0x00,  0x00,  0x00,
  0xFF,  0xFC,  0x3F,  0xFF,  0x0C,  0x00,  0x03,  0x00,
  0x00,  0xC0,  0x00,  0x30,  0x00,  0x0C,  0x00,  0x03,
  0x00,  0x00,  0xC0,  0x00,  0x30,  0x00,  0x0F,  0xFF,
  0x83,  0xFF,  0xE0,  0xC0,  0x00,  0x30,  0x00,  0x0C,
  0x00,  0x03,  0x00,  0x00,  0xC0,  0x00,  0x30,  0x00,
  0x0C,  0x00,  0x03,  0x00,  0x00,  0xC0,  0x00,  0x3F,
  0xFF,  0x0F,  0xFF,  0xC0,  0x00,  0x00,  0x00,  0x00,
  0x00,  0x00,  0x00,  0x00,  0x00,  0x00,  0x00,  0x00,
  0x00,  0x00,  0x00,  0x00
};

const UCHAR abc_fontArialNarrow37h_00CA[  84] = { /* code 00CA */
  0x00,  0x00,  0x00,  0x30,  0x00,  0x1E,  0x00,  0x0C,
  0xC0,  0x06,  0x18,  0x00,  0x00,  0x00,  0x00,  0x00,
  0xFF,  0xFC,  0x3F,  0xFF,  0x0C,  0x00,  0x03,  0x00,
  0x00,  0xC0,  0x00,  0x30,  0x00,  0x0C,  0x00,  0x03,
  0x00,  0x00,  0xC0,  0x00,  0x30,  0x00,  0x0F,  0xFF,
  0x83,  0xFF,  0xE0,  0xC0,  0x00,  0x30,  0x00,  0x0C,
  0x00,  0x03,  0x00,  0x00,  0xC0,  0x00,  0x30,  0x00,
  0x0C,  0x00,  0x03,  0x00,  0x00,  0xC0,  0x00,  0x3F,
  0xFF,  0x0F,  0xFF,  0xC0,  0x00,  0x00,  0x00,  0x00,
  0x00,  0x00,  0x00,  0x00,  0x00,  0x00,  0x00,  0x00,
  0x00,  0x00,  0x00,  0x00
};

const UCHAR abc_fontArialNarrow37h_00CB[  84] = { /* code 00CB */
  0x00,  0x00,  0x00,  0x00,  0x00,  0x00,  0x00,  0x0C,
  0xC0,  0x03,  0x30,  0x00,  0x00,  0x00,  0x00,  0x00,
  0xFF,  0xFC,  0x3F,  0xFF,  0x0C,  0x00,  0x03,  0x00,
  0x00,  0xC0,  0x00,  0x30,  0x00,  0x0C,  0x00,  0x03,
  0x00,  0x00,  0xC0,  0x00,  0x30,  0x00,  0x0F,  0xFF,
  0x83,  0xFF,  0xE0,  0xC0,  0x00,  0x30,  0x00,  0x0C,
  0x00,  0x03,  0x00,  0x00,  0xC0,  0x00,  0x30,  0x00,
  0x0C,  0x00,  0x03,  0x00,  0x00,  0xC0,  0x00,  0x3F,
  0xFF,  0x0F,  0xFF,  0xC0,  0x00,  0x00,  0x00,  0x00,
  0x00,  0x00,  0x00,  0x00,  0x00,  0x00,  0x00,  0x00,
  0x00,  0x00,  0x00,  0x00
};

const UCHAR abc_fontArialNarrow37h_00CC[  33] = { /* code 00CC */
  0x00,  0xC0,  0xC0,  0x81,  0x80,  0x00,  0x18,  0x30,
  0x60,  0xC1,  0x83,  0x06,  0x0C,  0x18,  0x30,  0x60,
  0xC1,  0x83,  0x06,  0x0C,  0x18,  0x30,  0x60,  0xC1,
  0x83,  0x06,  0x00,  0x00,  0x00,  0x00,  0x00,  0x00,
  0x00
};

const UCHAR abc_fontArialNarrow37h_00CD[  33] = { /* code 00CD */
  0x00,  0x18,  0x60,  0xC3,  0x00,  0x00,  0x18,  0x30,
  0x60,  0xC1,  0x83,  0x06,  0x0C,  0x18,  0x30,  0x60,
  0xC1,  0x83,  0x06,  0x0C,  0x18,  0x30,  0x60,  0xC1,
  0x83,  0x06,  0x00,  0x00,  0x00,  0x00,  0x00,  0x00,
  0x00
};

const UCHAR abc_fontArialNarrow37h_00CE[  37] = { /* code 00CE */
  0x00,  0x18,  0x3C,  0x66,  0xC3,  0x00,  0x00,  0x18,
  0x18,  0x18,  0x18,  0x18,  0x18,  0x18,  0x18,  0x18,
  0x18,  0x18,  0x18,  0x18,  0x18,  0x18,  0x18,  0x18,
  0x18,  0x18,  0x18,  0x18,  0x18,  0x18,  0x00,  0x00,
  0x00,  0x00,  0x00,  0x00,  0x00
};

const UCHAR abc_fontArialNarrow37h_00CF[  33] = { /* code 00CF */
  0x00,  0x00,  0x06,  0x6C,  0xC0,  0x00,  0x18,  0x30,
  0x60,  0xC1,  0x83,  0x06,  0x0C,  0x18,  0x30,  0x60,
  0xC1,  0x83,  0x06,  0x0C,  0x18,  0x30,  0x60,  0xC1,
  0x83,  0x06,  0x00,  0x00,  0x00,  0x00,  0x00,  0x00,
  0x00
};

const UCHAR abc_fontArialNarrow37h_00D1[  88] = { /* code 00D1 */
  0x00,  0x00,  0x00,  0x00,  0x00,  0x0F,  0x30,  0x03,
  0xFE,  0x00,  0x63,  0x80,  0x00,  0x00,  0x00,  0x00,
  0x01,  0x80,  0x0C,  0x38,  0x01,  0x87,  0x80,  0x30,
  0xF0,  0x06,  0x1B,  0x00,  0xC3,  0x60,  0x18,  0x66,
  0x03,  0x0C,  0xC0,  0x61,  0x8C,  0x0C,  0x31,  0x81,
  0x86,  0x18,  0x30,  0xC3,  0x86,  0x18,  0x30,  0xC3,
  0x03,  0x18,  0x60,  0x63,  0x0C,  0x06,  0x61,  0x80,
  0xCC,  0x30,  0x0D,  0x86,  0x01,  0xB0,  0xC0,  0x1E,
  0x18,  0x03,  0xC3,  0x00,  0x38,  0x60,  0x03,  0x00,
  0x00,  0x00,  0x00,  0x00,  0x00,  0x00,  0x00,  0x00,
  0x00,  0x00,  0x00,  0x00,  0x00,  0x00,  0x00,  0x00
};

const UCHAR abc_fontArialNarrow37h_00D2[  93] = { /* code 00D2 */
  0x00,  0x00,  0x00,  0x0C,  0x00,  0x00,  0x60,  0x00,
  0x02,  0x00,  0x00,  0x30,  0x00,  0x00,  0x00,  0x00,
  0x00,  0x00,  0x1F,  0x80,  0x07,  0xFE,  0x00,  0xE0,
  0xF0,  0x1C,  0x03,  0x81,  0x80,  0x18,  0x30,  0x00,
  0xC3,  0x00,  0x0C,  0x60,  0x00,  0xE6,  0x00,  0x06,
  0x60,  0x00,  0x66,  0x00,  0x06,  0x60,  0x00,  0x66,
  0x00,  0x06,  0x60,  0x00,  0x66,  0x00,  0x06,  0x60,
  0x00,  0x63,  0x00,  0x0C,  0x30,  0x00,  0xC1,  0x80,
  0x18,  0x1C,  0x03,  0x80,  0xF0,  0xF0,  0x07,  0xFE,
  0x00,  0x1F,  0x80,  0x00,  0x00,  0x00,  0x00,  0x00,
  0x00,  0x00,  0x00,  0x00,  0x00,  0x00,  0x00,  0x00,
  0x00,  0x00,  0x00,  0x00,  0x00
};

const UCHAR abc_fontArialNarrow37h_00D3[  93] = { /* code 00D3 */
  0x00,  0x00,  0x00,  0x03,  0x00,  0x00,  0x60,  0x00,
  0x06,  0x00,  0x00,  0xC0,  0x00,  0x00,  0x00,  0x00,
  0x00,  0x00,  0x1F,  0x80,  0x07,  0xFE,  0x00,  0xE0,
  0xF0,  0x1C,  0x03,  0x81,  0x80,  0x18,  0x30,  0x00,
  0xC3,  0x00,  0x0C,  0x60,  0x00,  0xE6,  0x00,  0x06,
  0x60,  0x00,  0x66,  0x00,  0x06,  0x60,  0x00,  0x66,
  0x00,  0x06,  0x60,  0x00,  0x66,  0x00,  0x06,  0x60,
  0x00,  0x63,  0x00,  0x0C,  0x30,  0x00,  0xC1,  0x80,
  0x18,  0x1C,  0x03,  0x80,  0xF0,  0xF0,  0x07,  0xFE,
  0x00,  0x1F,  0x80,  0x00,  0x00,  0x00,  0x00,  0x00,
  0x00,  0x00,  0x00,  0x00,  0x00,  0x00,  0x00,  0x00,
  0x00,  0x00,  0x00,  0x00,  0x00
};

const UCHAR abc_fontArialNarrow37h_00D4[  93] = { /* code 00D4 */
  0x00,  0x00,  0x00,  0x06,  0x00,  0x00,  0xF0,  0x00,
  0x19,  0x80,  0x03,  0x0C,  0x00,  0x00,  0x00,  0x00,
  0x00,  0x00,  0x1F,  0x80,  0x07,  0xFE,  0x00,  0xE0,
  0xF0,  0x1C,  0x03,  0x81,  0x80,  0x18,  0x30,  0x00,
  0xC3,  0x00,  0x0C,  0x60,  0x00,  0xE6,  0x00,  0x06,
  0x60,  0x00,  0x66,  0x00,  0x06,  0x60,  0x00,  0x66,
  0x00,  0x06,  0x60,  0x00,  0x66,  0x00,  0x06,  0x60,
  0x00,  0x63,  0x00,  0x0C,  0x30,  0x00,  0xC1,  0x80,
  0x18,  0x1C,  0x03,  0x80,  0xF0,  0xF0,  0x07,  0xFE,
  0x00,  0x1F,  0x80,  0x00,  0x00,  0x00,  0x00,  0x00,
  0x00,  0x00,  0x00,  0x00,  0x00,  0x00,  0x00,  0x00,
  0x00,  0x00,  0x00,  0x00,  0x00
};

const UCHAR abc_fontArialNarrow37h_00D5[  93] = { /* code 00D5 */
  0x00,  0x00,  0x00,  0x00,  0x00,  0x01,  0xE6,  0x00,
  0x3F,  0xE0,  0x03,  0x1C,  0x00,  0x00,  0x00,  0x00,
  0x00,  0x00,  0x1F,  0x80,  0x07,  0xFE,  0x00,  0xE0,
  0xF0,  0x1C,  0x03,  0x81,  0x80,  0x18,  0x30,  0x00,
  0xC3,  0x00,  0x0C,  0x60,  0x00,  0xE6,  0x00,  0x06,
  0x60,  0x00,  0x66,  0x00,  0x06,  0x60,  0x00,  0x66,
  0x00,  0x06,  0x60,  0x00,  0x66,  0x00,  0x06,  0x60,
  0x00,  0x63,  0x00,  0x0C,  0x30,  0x00,  0xC1,  0x80,
  0x18,  0x1C,  0x03,  0x80,  0xF0,  0xF0,  0x07,  0xFE,
  0x00,  0x1F,  0x80,  0x00,  0x00,  0x00,  0x00,  0x00,
  0x00,  0x00,  0x00,  0x00,  0x00,  0x00,  0x00,  0x00,
  0x00,  0x00,  0x00,  0x00,  0x00
};

const UCHAR abc_fontArialNarrow37h_00D6[  93] = { /* code 00D6 */
  0x00,  0x00,  0x00,  0x00,  0x00,  0x00,  0x00,  0x00,
  0x19,  0x80,  0x01,  0x98,  0x00,  0x00,  0x00,  0x00,
  0x00,  0x00,  0x1F,  0x80,  0x07,  0xFE,  0x00,  0xE0,
  0xF0,  0x1C,  0x03,  0x81,  0x80,  0x18,  0x30,  0x00,
  0xC3,  0x00,  0x0C,  0x60,  0x00,  0xE6,  0x00,  0x06,
  0x60,  0x00,  0x66,  0x00,  0x06,  0x60,  0x00,  0x66,
  0x00,  0x06,  0x60,  0x00,  0x66,  0x00,  0x06,  0x60,
  0x00,  0x63,  0x00,  0x0C,  0x30,  0x00,  0xC1,  0x80,
  0x18,  0x1C,  0x03,  0x80,  0xF0,  0xF0,  0x07,  0xFE,
  0x00,  0x1F,  0x80,  0x00,  0x00,  0x00,  0x00,  0x00,
  0x00,  0x00,  0x00,  0x00,  0x00,  0x00,  0x00,  0x00,
  0x00,  0x00,  0x00,  0x00,  0x00
};

const UCHAR abc_fontArialNarrow37h_00D9[  88] = { /* code 00D9 */
  0x00,  0x00,  0x00,  0x30,  0x00,  0x03,  0x00,  0x00,
  0x20,  0x00,  0x06,  0x00,  0x00,  0x00,  0x00,  0x00,
  0x01,  0x80,  0x0C,  0x30,  0x01,  0x86,  0x00,  0x30,
  0xC0,  0x06,  0x18,  0x00,  0xC3,  0x00,  0x18,  0x60,
  0x03,  0x0C,  0x00,  0x61,  0x80,  0x0C,  0x30,  0x01,
  0x86,  0x00,  0x30,  0xC0,  0x06,  0x18,  0x00,  0xC3,
  0x00,  0x18,  0x60,  0x03,  0x0C,  0x00,  0x61,  0x80,
  0x0C,  0x30,  0x01,  0x83,  0x00,  0x60,  0x60,  0x0C,
  0x07,  0x07,  0x00,  0x7F,  0xC0,  0x07,  0xF0,  0x00,
  0x00,  0x00,  0x00,  0x00,  0x00,  0x00,  0x00,  0x00,
  0x00,  0x00,  0x00,  0x00,  0x00,  0x00,  0x00,  0x00
};

const UCHAR abc_fontArialNarrow37h_00DA[  88] = { /* code 00DA */
  0x00,  0x00,  0x00,  0x06,  0x00,  0x01,  0x80,  0x00,
  0x30,  0x00,  0x0C,  0x00,  0x00,  0x00,  0x00,  0x00,
  0x01,  0x80,  0x0C,  0x30,  0x01,  0x86,  0x00,  0x30,
  0xC0,  0x06,  0x18,  0x00,  0xC3,  0x00,  0x18,  0x60,
  0x03,  0x0C,  0x00,  0x61,  0x80,  0x0C,  0x30,  0x01,
  0x86,  0x00,  0x30,  0xC0,  0x06,  0x18,  0x00,  0xC3,
  0x00,  0x18,  0x60,  0x03,  0x0C,  0x00,  0x61,  0x80,
  0x0C,  0x30,  0x01,  0x83,  0x00,  0x60,  0x60,  0x0C,
  0x07,  0x07,  0x00,  0x7F,  0xC0,  0x07,  0xF0,  0x00,
  0x00,  0x00,  0x00,  0x00,  0x00,  0x00,  0x00,  0x00,
  0x00,  0x00,  0x00,  0x00,  0x00,  0x00,  0x00,  0x00
};

const UCHAR abc_fontArialNarrow37h_00DB[  88] = { /* code 00DB */
  0x00,  0x00,  0x00,  0x0C,  0x00,  0x03,  0xC0,  0x00,
  0xCC,  0x00,  0x30,  0xC0,  0x00,  0x00,  0x00,  0x00,
  0x01,  0x80,  0x0C,  0x30,  0x01,  0x86,  0x00,  0x30,
  0xC0,  0x06,  0x18,  0x00,  0xC3,  0x00,  0x18,  0x60,
  0x03,  0x0C,  0x00,  0x61,  0x80,  0x0C,  0x30,  0x01,
  0x86,  0x00,  0x30,  0xC0,  0x06,  0x18,  0x00,  0xC3,
  0x00,  0x18,  0x60,  0x03,  0x0C,  0x00,  0x61,  0x80,
  0x0C,  0x30,  0x01,  0x83,  0x00,  0x60,  0x60,  0x0C,
  0x07,  0x07,  0x00,  0x7F,  0xC0,  0x07,  0xF0,  0x00,
  0x00,  0x00,  0x00,  0x00,  0x00,  0x00,  0x00,  0x00,
  0x00,  0x00,  0x00,  0x00,  0x00,  0x00,  0x00,  0x00
};

const UCHAR abc_fontArialNarrow37h_00DC[  88] = { /* code 00DC */
  0x00,  0x00,  0x00,  0x00,  0x00,  0x00,  0x00,  0x00,
  0xCC,  0x00,  0x19,  0x80,  0x00,  0x00,  0x00,  0x00,
  0x01,  0x80,  0x0C,  0x30,  0x01,  0x86,  0x00,  0x30,
  0xC0,  0x06,  0x18,  0x00,  0xC3,  0x00,  0x18,  0x60,
  0x03,  0x0C,  0x00,  0x61,  0x80,  0x0C,  0x30,  0x01,
  0x86,  0x00,  0x30,  0xC0,  0x06,  0x18,  0x00,  0xC3,
  0x00,  0x18,  0x60,  0x03,  0x0C,  0x00,  0x61,  0x80,
  0x0C,  0x30,  0x01,  0x83,  0x00,  0x60,  0x60,  0x0C,
  0x07,  0x07,  0x00,  0x7F,  0xC0,  0x07,  0xF0,  0x00,
  0x00,  0x00,  0x00,  0x00,  0x00,  0x00,  0x00,  0x00,
  0x00,  0x00,  0x00,  0x00,  0x00,  0x00,  0x00,  0x00
};

const UCHAR abc_fontArialNarrow37h_00E0[  70] = { /* code 00E0 */
  0x00,  0x00,  0x00,  0x00,  0x00,  0x00,  0x00,  0x00,
  0x00,  0x00,  0x00,  0x00,  0x00,  0x03,  0x00,  0x03,
  0x00,  0x02,  0x00,  0x06,  0x00,  0x00,  0x00,  0x00,
  0x01,  0xF8,  0x07,  0xFC,  0x1C,  0x1C,  0x70,  0x18,
  0xC0,  0x30,  0x00,  0x60,  0x03,  0xC0,  0xFF,  0x83,
  0xF3,  0x0E,  0x06,  0x30,  0x0C,  0x60,  0x18,  0xC0,
  0x71,  0x80,  0xE3,  0x87,  0xC3,  0xFD,  0x83,  0xE1,
  0x80,  0x00,  0x00,  0x00,  0x00,  0x00,  0x00,  0x00,
  0x00,  0x00,  0x00,  0x00,  0x00,  0x00
};

const UCHAR abc_fontArialNarrow37h_00E1[  70] = { /* code 00E1 */
  0x00,  0x00,  0x00,  0x00,  0x00,  0x00,  0x00,  0x00,
  0x00,  0x00,  0x00,  0x00,  0x00,  0x00,  0xC0,  0x03,
  0x00,  0x06,  0x00,  0x18,  0x00,  0x00,  0x00,  0x00,
  0x01,  0xF8,  0x07,  0xFC,  0x1C,  0x1C,  0x70,  0x18,
  0xC0,  0x30,  0x00,  0x60,  0x03,  0xC0,  0xFF,  0x83,
  0xF3,  0x0E,  0x06,  0x30,  0x0C,  0x60,  0x18,  0xC0,
  0x71,  0x80,  0xE3,  0x87,  0xC3,  0xFD,  0x83,  0xE1,
  0x80,  0x00,  0x00,  0x00,  0x00,  0x00,  0x00,  0x00,
  0x00,  0x00,  0x00,  0x00,  0x00,  0x00
};

const UCHAR abc_fontArialNarrow37h_00E2[  70] = { /* code 00E2 */
  0x00,  0x00,  0x00,  0x00,  0x00,  0x00,  0x00,  0x00,
  0x00,  0x00,  0x00,  0x00,  0x00,  0x01,  0x80,  0x07,
  0x80,  0x19,  0x80,  0x61,  0x80,  0x00,  0x00,  0x00,
  0x01,  0xF8,  0x07,  0xFC,  0x1C,  0x1C,  0x70,  0x18,
  0xC0,  0x30,  0x00,  0x60,  0x03,  0xC0,  0xFF,  0x83,
  0xF3,  0x0E,  0x06,  0x30,  0x0C,  0x60,  0x18,  0xC0,
  0x71,  0x80,  0xE3,  0x87,  0xC3,  0xFD,  0x83,  0xE1,
  0x80,  0x00,  0x00,  0x00,  0x00,  0x00,  0x00,  0x00,
  0x00,  0x00,  0x00,  0x00,  0x00,  0x00
};

const UCHAR abc_fontArialNarrow37h_00E3[  70] = { /* code 00E3 */
  0x00,  0x00,  0x00,  0x00,  0x00,  0x00,  0x00,  0x00,
  0x00,  0x00,  0x00,  0x00,  0x00,  0x00,  0x00,  0x0F,
  0x30,  0x3F,  0xE0,  0x63,  0x80,  0x00,  0x00,  0x00,
  0x01,  0xF8,  0x07,  0xFC,  0x1C,  0x1C,  0x70,  0x18,
  0xC0,  0x30,  0x00,  0x60,  0x03,  0xC0,  0xFF,  0x83,
  0xF3,  0x0E,  0x06,  0x30,  0x0C,  0x60,  0x18,  0xC0,
  0x71,  0x80,  0xE3,  0x87,  0xC3,  0xFD,  0x83,  0xE1,
  0x80,  0x00,  0x00,  0x00,  0x00,  0x00,  0x00,  0x00,
  0x00,  0x00,  0x00,  0x00,  0x00,  0x00
};

const UCHAR abc_fontArialNarrow37h_00E4[  70] = { /* code 00E4 */
  0x00,  0x00,  0x00,  0x00,  0x00,  0x00,  0x00,  0x00,
  0x00,  0x00,  0x00,  0x00,  0x00,  0x00,  0x00,  0x00,
  0x00,  0x19,  0x80,  0x33,  0x00,  0x00,  0x00,  0x00,
  0x01,  0xF8,  0x07,  0xFC,  0x1C,  0x1C,  0x70,  0x18,
  0xC0,  0x30,  0x00,  0x60,  0x03,  0xC0,  0xFF,  0x83,
  0xF3,  0x0E,  0x06,  0x30,  0x0C,  0x60,  0x18,  0xC0,
  0x71,  0x80,  0xE3,  0x87,  0xC3,  0xFD,  0x83,  0xE1,
  0x80,  0x00,  0x00,  0x00,  0x00,  0x00,  0x00,  0x00,
  0x00,  0x00,  0x00,  0x00,  0x00,  0x00
};

const UCHAR abc_fontArialNarrow37h_00E5[  70] = { /* code 00E5 */
  0x00,  0x00,  0x00,  0x00,  0x00,  0x00,  0x00,  0x00,
  0x00,  0x00,  0x00,  0x00,  0xE0,  0x02,  0x20,  0x04,
  0x40,  0x08,  0x80,  0x0E,  0x00,  0x00,  0x00,  0x00,
  0x01,  0xF8,  0x07,  0xFC,  0x1C,  0x1C,  0x70,  0x18,
  0xC0,  0x30,  0x00,  0x60,  0x03,  0xC0,  0xFF,  0x83,
  0xF3,  0x0E,  0x06,  0x30,  0x0C,  0x60,  0x18,  0xC0,
  0x71,  0x80,  0xE3,  0x87,  0xC3,  0xFD,  0x83,  0xE1,
  0x80,  0x00,  0x00,  0x00,  0x00,  0x00,  0x00,  0x00,
  0x00,  0x00,  0x00,  0x00,  0x00,  0x00
};

const UCHAR abc_fontArialNarrow37h_00E6[ 107] = { /* code 00E6 */
  0x00,  0x00,  0x00,  0x00,  0x00,  0x00,  0x00,  0x00,
  0x00,  0x00,  0x00,  0x00,  0x00,  0x00,  0x00,  0x00,
  0x00,  0x00,  0x00,  0x00,  0x00,  0x00,  0x00,  0x00,
  0x00,  0x00,  0x00,  0x00,  0x00,  0x00,  0x00,  0x00,
  0x00,  0x00,  0x00,  0x00,  0x00,  0x01,  0xF8,  0xF8,
  0x07,  0xFB,  0xFC,  0x18,  0x3E,  0x1C,  0x60,  0x38,
  0x18,  0xC0,  0x70,  0x30,  0x00,  0xC0,  0x30,  0x01,
  0x80,  0x60,  0x0F,  0xFF,  0xC1,  0xFF,  0xFF,  0x8F,
  0xEC,  0x00,  0x18,  0x18,  0x00,  0x60,  0x30,  0x0C,
  0xC0,  0x60,  0x19,  0x81,  0xE0,  0x63,  0x87,  0xE1,
  0xC3,  0xFC,  0xFF,  0x03,  0xE0,  0x78,  0x00,  0x00,
  0x00,  0x00,  0x00,  0x00,  0x00,  0x00,  0x00,  0x00,
  0x00,  0x00,  0x00,  0x00,  0x00,  0x00,  0x00,  0x00,
  0x00,  0x00,  0x00
};

const UCHAR abc_fontArialNarrow37h_00E7[  61] = { /* code 00E7 */
  0x00,  0x00,  0x00,  0x00,  0x00,  0x00,  0x00,  0x00,
  0x00,  0x00,  0x00,  0x00,  0x00,  0x00,  0x00,  0x00,
  0x00,  0x00,  0x00,  0x00,  0x00,  0x03,  0xE0,  0x7F,
  0x83,  0x0E,  0x30,  0x39,  0x80,  0xD8,  0x00,  0xC0,
  0x06,  0x00,  0x30,  0x01,  0x80,  0x0C,  0x00,  0x60,
  0x19,  0x80,  0xCC,  0x0C,  0x70,  0xE1,  0xFE,  0x03,
  0xE0,  0x0C,  0x00,  0xE0,  0x01,  0x80,  0x0C,  0x03,
  0xE0,  0x1E,  0x00,  0x00,  0x00
};

const UCHAR abc_fontArialNarrow37h_00E8[  70] = { /* code 00E8 */
  0x00,  0x00,  0x00,  0x00,  0x00,  0x00,  0x00,  0x00,
  0x00,  0x00,  0x00,  0x00,  0x00,  0x03,  0x00,  0x03,
  0x00,  0x02,  0x00,  0x06,  0x00,  0x00,  0x00,  0x00,
  0x00,  0xF8,  0x03,  0xFC,  0x0E,  0x18,  0x30,  0x18,
  0x60,  0x31,  0x80,  0x33,  0x00,  0x67,  0xFF,  0xCF,
  0xFF,  0x98,  0x00,  0x30,  0x00,  0x60,  0x00,  0x60,
  0x18,  0xE0,  0x60,  0xE1,  0xC0,  0xFF,  0x00,  0xF8,
  0x00,  0x00,  0x00,  0x00,  0x00,  0x00,  0x00,  0x00,
  0x00,  0x00,  0x00,  0x00,  0x00,  0x00
};

const UCHAR abc_fontArialNarrow37h_00E9[  70] = { /* code 00E9 */
  0x00,  0x00,  0x00,  0x00,  0x00,  0x00,  0x00,  0x00,
  0x00,  0x00,  0x00,  0x00,  0x00,  0x00,  0x60,  0x01,
  0x80,  0x03,  0x00,  0x0C,  0x00,  0x00,  0x00,  0x00,
  0x00,  0xF8,  0x03,  0xFC,  0x0E,  0x18,  0x30,  0x18,
  0x60,  0x31,  0x80,  0x33,  0x00,  0x67,  0xFF,  0xCF,
  0xFF,  0x98,  0x00,  0x30,  0x00,  0x60,  0x00,  0x60,
  0x18,  0xE0,  0x60,  0xE1,  0xC0,  0xFF,  0x00,  0xF8,
  0x00,  0x00,  0x00,  0x00,  0x00,  0x00,  0x00,  0x00,
  0x00,  0x00,  0x00,  0x00,  0x00,  0x00
};

const UCHAR abc_fontArialNarrow37h_00EA[  70] = { /* code 00EA */
  0x00,  0x00,  0x00,  0x00,  0x00,  0x00,  0x00,  0x00,
  0x00,  0x00,  0x00,  0x00,  0x00,  0x00,  0xC0,  0x03,
  0xC0,  0x0C,  0xC0,  0x30,  0xC0,  0x00,  0x00,  0x00,
  0x00,  0xF8,  0x03,  0xFC,  0x0E,  0x18,  0x30,  0x18,
  0x60,  0x31,  0x80,  0x33,  0x00,  0x67,  0xFF,  0xCF,
  0xFF,  0x98,  0x00,  0x30,  0x00,  0x60,  0x00,  0x60,
  0x18,  0xE0,  0x60,  0xE1,  0xC0,  0xFF,  0x00,  0xF8,
  0x00,  0x00,  0x00,  0x00,  0x00,  0x00,  0x00,  0x00,
  0x00,  0x00,  0x00,  0x00,  0x00,  0x00
};

const UCHAR abc_fontArialNarrow37h_00EB[  70] = { /* code 00EB */
  0x00,  0x00,  0x00,  0x00,  0x00,  0x00,  0x00,  0x00,
  0x00,  0x00,  0x00,  0x00,  0x00,  0x00,  0x00,  0x00,
  0x00,  0x0C,  0xC0,  0x19,  0x80,  0x00,  0x00,  0x00,
  0x00,  0xF8,  0x03,  0xFC,  0x0E,  0x18,  0x30,  0x18,
  0x60,  0x31,  0x80,  0x33,  0x00,  0x67,  0xFF,  0xCF,
  0xFF,  0x98,  0x00,  0x30,  0x00,  0x60,  0x00,  0x60,
  0x18,  0xE0,  0x60,  0xE1,  0xC0,  0xFF,  0x00,  0xF8,
  0x00,  0x00,  0x00,  0x00,  0x00,  0x00,  0x00,  0x00,
  0x00,  0x00,  0x00,  0x00,  0x00,  0x00
};

const UCHAR abc_fontArialNarrow37h_00EC[  33] = { /* code 00EC */
  0x00,  0x00,  0x00,  0x00,  0x00,  0x00,  0x30,  0x30,
  0x20,  0x60,  0x00,  0x06,  0x0C,  0x18,  0x30,  0x60,
  0xC1,  0x83,  0x06,  0x0C,  0x18,  0x30,  0x60,  0xC1,
  0x83,  0x06,  0x00,  0x00,  0x00,  0x00,  0x00,  0x00,
  0x00
};

const UCHAR abc_fontArialNarrow37h_00ED[  33] = { /* code 00ED */
  0x00,  0x00,  0x00,  0x00,  0x00,  0x00,  0x0C,  0x30,
  0x61,  0x80,  0x00,  0x06,  0x0C,  0x18,  0x30,  0x60,
  0xC1,  0x83,  0x06,  0x0C,  0x18,  0x30,  0x60,  0xC1,
  0x83,  0x06,  0x00,  0x00,  0x00,  0x00,  0x00,  0x00,
  0x00
};

const UCHAR abc_fontArialNarrow37h_00EE[  37] = { /* code 00EE */
  0x00,  0x00,  0x00,  0x00,  0x00,  0x00,  0x00,  0x18,
  0x3C,  0x66,  0xC3,  0x00,  0x00,  0x18,  0x18,  0x18,
  0x18,  0x18,  0x18,  0x18,  0x18,  0x18,  0x18,  0x18,
  0x18,  0x18,  0x18,  0x18,  0x18,  0x18,  0x00,  0x00,
  0x00,  0x00,  0x00,  0x00,  0x00
};

const UCHAR abc_fontArialNarrow37h_00EF[  33] = { /* code 00EF */
  0x00,  0x00,  0x00,  0x00,  0x00,  0x00,  0x00,  0x01,
  0x9B,  0x30,  0x00,  0x06,  0x0C,  0x18,  0x30,  0x60,
  0xC1,  0x83,  0x06,  0x0C,  0x18,  0x30,  0x60,  0xC1,
  0x83,  0x06,  0x00,  0x00,  0x00,  0x00,  0x00,  0x00,
  0x00
};

const UCHAR abc_fontArialNarrow37h_00F1[  70] = { /* code 00F1 */
  0x00,  0x00,  0x00,  0x00,  0x00,  0x00,  0x00,  0x00,
  0x00,  0x00,  0x00,  0x00,  0x00,  0x00,  0x00,  0x0F,
  0x30,  0x3F,  0xE0,  0x63,  0x80,  0x00,  0x00,  0x00,
  0x06,  0x7C,  0x0D,  0xFC,  0x1E,  0x18,  0x38,  0x18,
  0x60,  0x30,  0xC0,  0x61,  0x80,  0xC3,  0x01,  0x86,
  0x03,  0x0C,  0x06,  0x18,  0x0C,  0x30,  0x18,  0x60,
  0x30,  0xC0,  0x61,  0x80,  0xC3,  0x01,  0x86,  0x03,
  0x00,  0x00,  0x00,  0x00,  0x00,  0x00,  0x00,  0x00,
  0x00,  0x00,  0x00,  0x00,  0x00,  0x00
};

const UCHAR abc_fontArialNarrow37h_00F2[  70] = { /* code 00F2 */
  0x00,  0x00,  0x00,  0x00,  0x00,  0x00,  0x00,  0x00,
  0x00,  0x00,  0x00,  0x00,  0x00,  0x03,  0x00,  0x03,
  0x00,  0x02,  0x00,  0x06,  0x00,  0x00,  0x00,  0x00,
  0x00,  0xF8,  0x07,  0xFC,  0x0E,  0x38,  0x30,  0x18,
  0x60,  0x31,  0x80,  0x33,  0x00,  0x66,  0x00,  0xCC,
  0x01,  0x98,  0x03,  0x30,  0x06,  0x60,  0x0C,  0x60,
  0x30,  0xC0,  0x60,  0xE3,  0x80,  0xFF,  0x00,  0xF8,
  0x00,  0x00,  0x00,  0x00,  0x00,  0x00,  0x00,  0x00,
  0x00,  0x00,  0x00,  0x00,  0x00,  0x00
};

const UCHAR abc_fontArialNarrow37h_00F3[  70] = { /* code 00F3 */
  0x00,  0x00,  0x00,  0x00,  0x00,  0x00,  0x00,  0x00,
  0x00,  0x00,  0x00,  0x00,  0x00,  0x00,  0x60,  0x01,
  0x80,  0x03,  0x00,  0x0C,  0x00,  0x00,  0x00,  0x00,
  0x00,  0xF8,  0x07,  0xFC,  0x0E,  0x38,  0x30,  0x18,
  0x60,  0x31,  0x80,  0x33,  0x00,  0x66,  0x00,  0xCC,
  0x01,  0x98,  0x03,  0x30,  0x06,  0x60,  0x0C,  0x60,
  0x30,  0xC0,  0x60,  0xE3,  0x80,  0xFF,  0x00,  0xF8,
  0x00,  0x00,  0x00,  0x00,  0x00,  0x00,  0x00,  0x00,
  0x00,  0x00,  0x00,  0x00,  0x00,  0x00
};

const UCHAR abc_fontArialNarrow37h_00F4[  70] = { /* code 00F4 */
  0x00,  0x00,  0x00,  0x00,  0x00,  0x00,  0x00,  0x00,
  0x00,  0x00,  0x00,  0x00,  0x00,  0x00,  0xC0,  0x03,
  0xC0,  0x0C,  0xC0,  0x30,  0xC0,  0x00,  0x00,  0x00,
  0x00,  0xF8,  0x07,  0xFC,  0x0E,  0x38,  0x30,  0x18,
  0x60,  0x31,  0x80,  0x33,  0x00,  0x66,  0x00,  0xCC,
  0x01,  0x98,  0x03,  0x30,  0x06,  0x60,  0x0C,  0x60,
  0x30,  0xC0,  0x60,  0xE3,  0x80,  0xFF,  0x00,  0xF8,
  0x00,  0x00,  0x00,  0x00,  0x00,  0x00,  0x00,  0x00,
  0x00,  0x00,  0x00,  0x00,  0x00,  0x00
};

const UCHAR abc_fontArialNarrow37h_00F5[  70] = { /* code 00F5 */
  0x00,  0x00,  0x00,  0x00,  0x00,  0x00,  0x00,  0x00,
  0x00,  0x00,  0x00,  0x00,  0x00,  0x00,  0x00,  0x0F,
  0x30,  0x3F,  0xE0,  0x63,  0x80,  0x00,  0x00,  0x00,
  0x00,  0xF8,  0x07,  0xFC,  0x0E,  0x38,  0x30,  0x18,
  0x60,  0x31,  0x80,  0x33,  0x00,  0x66,  0x00,  0xCC,
  0x01,  0x98,  0x03,  0x30,  0x06,  0x60,  0x0C,  0x60,
  0x30,  0xC0,  0x60,  0xE3,  0x80,  0xFF,  0x00,  0xF8,
  0x00,  0x00,  0x00,  0x00,  0x00,  0x00,  0x00,  0x00,
  0x00,  0x00,  0x00,  0x00,  0x00,  0x00
};

const UCHAR abc_fontArialNarrow37h_00F6[  70] = { /* code 00F6 */
  0x00,  0x00,  0x00,  0x00,  0x00,  0x00,  0x00,  0x00,
  0x00,  0x00,  0x00,  0x00,  0x00,  0x00,  0x00,  0x00,
  0x00,  0x0C,  0xC0,  0x19,  0x80,  0x00,  0x00,  0x00,
  0x00,  0xF8,  0x07,  0xFC,  0x0E,  0x38,  0x30,  0x18,
  0x60,  0x31,  0x80,  0x33,  0x00,  0x66,  0x00,  0xCC,
  0x01,  0x98,  0x03,  0x30,  0x06,  0x60,  0x0C,  0x60,
  0x30,  0xC0,  0x60,  0xE3,  0x80,  0xFF,  0x00,  0xF8,
  0x00,  0x00,  0x00,  0x00,  0x00,  0x00,  0x00,  0x00,
  0x00,  0x00,  0x00,  0x00,  0x00,  0x00
};

const UCHAR abc_fontArialNarrow37h_00F9[  70] = { /* code 00F9 */
  0x00,  0x00,  0x00,  0x00,  0x00,  0x00,  0x00,  0x00,
  0x00,  0x00,  0x00,  0x00,  0x00,  0x06,  0x00,  0x06,
  0x00,  0x04,  0x00,  0x0C,  0x00,  0x00,  0x00,  0x00,
  0x06,  0x03,  0x0C,  0x06,  0x18,  0x0C,  0x30,  0x18,
  0x60,  0x30,  0xC0,  0x61,  0x80,  0xC3,  0x01,  0x86,
  0x03,  0x0C,  0x06,  0x18,  0x0C,  0x30,  0x18,  0x60,
  0x30,  0xC0,  0xE0,  0xC3,  0xC1,  0xFD,  0x80,  0xF3,
  0x00,  0x00,  0x00,  0x00,  0x00,  0x00,  0x00,  0x00,
  0x00,  0x00,  0x00,  0x00,  0x00,  0x00
};

const UCHAR abc_fontArialNarrow37h_00FA[  70] = { /* code 00FA */
  0x00,  0x00,  0x00,  0x00,  0x00,  0x00,  0x00,  0x00,
  0x00,  0x00,  0x00,  0x00,  0x00,  0x00,  0x60,  0x01,
  0x80,  0x03,  0x00,  0x0C,  0x00,  0x00,  0x00,  0x00,
  0x06,  0x03,  0x0C,  0x06,  0x18,  0x0C,  0x30,  0x18,
  0x60,  0x30,  0xC0,  0x61,  0x80,  0xC3,  0x01,  0x86,
  0x03,  0x0C,  0x06,  0x18,  0x0C,  0x30,  0x18,  0x60,
  0x30,  0xC0,  0xE0,  0xC3,  0xC1,  0xFD,  0x80,  0xF3,
  0x00,  0x00,  0x00,  0x00,  0x00,  0x00,  0x00,  0x00,
  0x00,  0x00,  0x00,  0x00,  0x00,  0x00
};

const UCHAR abc_fontArialNarrow37h_00FB[  70] = { /* code 00FB */
  0x00,  0x00,  0x00,  0x00,  0x00,  0x00,  0x00,  0x00,
  0x00,  0x00,  0x00,  0x00,  0x00,  0x00,  0xC0,  0x03,
  0xC0,  0x0C,  0xC0,  0x30,  0xC0,  0x00,  0x00,  0x00,
  0x06,  0x03,  0x0C,  0x06,  0x18,  0x0C,  0x30,  0x18,
  0x60,  0x30,  0xC0,  0x61,  0x80,  0xC3,  0x01,  0x86,
  0x03,  0x0C,  0x06,  0x18,  0x0C,  0x30,  0x18,  0x60,
  0x30,  0xC0,  0xE0,  0xC3,  0xC1,  0xFD,  0x80,  0xF3,
  0x00,  0x00,  0x00,  0x00,  0x00,  0x00,  0x00,  0x00,
  0x00,  0x00,  0x00,  0x00,  0x00,  0x00
};

const UCHAR abc_fontArialNarrow37h_00FC[  70] = { /* code 00FC */
  0x00,  0x00,  0x00,  0x00,  0x00,  0x00,  0x00,  0x00,
  0x00,  0x00,  0x00,  0x00,  0x00,  0x00,  0x00,  0x00,
  0x00,  0x0C,  0xC0,  0x19,  0x80,  0x00,  0x00,  0x00,
  0x06,  0x03,  0x0C,  0x06,  0x18,  0x0C,  0x30,  0x18,
  0x60,  0x30,  0xC0,  0x61,  0x80,  0xC3,  0x01,  0x86,
  0x03,  0x0C,  0x06,  0x18,  0x0C,  0x30,  0x18,  0x60,
  0x30,  0xC0,  0xE0,  0xC3,  0xC1,  0xFD,  0x80,  0xF3,
  0x00,  0x00,  0x00,  0x00,  0x00,  0x00,  0x00,  0x00,
  0x00,  0x00,  0x00,  0x00,  0x00,  0x00
};

const UCHAR abc_fontArialNarrow37h_00FD[  61] = { /* code 00FD */
  0x00,  0x00,  0x00,  0x00,  0x00,  0x00,  0x00,  0x00,
  0x00,  0x00,  0x00,  0x00,  0x30,  0x03,  0x00,  0x18,
  0x01,  0x80,  0x00,  0x00,  0x00,  0x30,  0x19,  0x80,
  0xC6,  0x0C,  0x30,  0x61,  0x83,  0x0E,  0x38,  0x31,
  0x81,  0x8C,  0x0C,  0x60,  0x76,  0x01,  0xB0,  0x0D,
  0x80,  0x6C,  0x03,  0xC0,  0x0E,  0x00,  0x70,  0x03,
  0x80,  0x18,  0x00,  0xC0,  0x06,  0x00,  0x60,  0x1E,
  0x00,  0xE0,  0x00,  0x00,  0x00
};

const UCHAR abc_fontArialNarrow37h_0101[  70] = { /* code 0101 */
  0x00,  0x00,  0x00,  0x00,  0x00,  0x00,  0x00,  0x00,
  0x00,  0x00,  0x00,  0x00,  0x00,  0x00,  0x00,  0x00,
  0x00,  0x3F,  0xC0,  0x7F,  0x80,  0x00,  0x00,  0x00,
  0x01,  0xF8,  0x07,  0xFC,  0x1C,  0x1C,  0x70,  0x18,
  0xC0,  0x30,  0x00,  0x60,  0x03,  0xC0,  0xFF,  0x83,
  0xF3,  0x0E,  0x06,  0x30,  0x0C,  0x60,  0x18,  0xC0,
  0x71,  0x80,  0xE3,  0x87,  0xC3,  0xFD,  0x83,  0xE1,
  0x80,  0x00,  0x00,  0x00,  0x00,  0x00,  0x00,  0x00,
  0x00,  0x00,  0x00,  0x00,  0x00,  0x00
};

const UCHAR abc_fontArialNarrow37h_0103[  70] = { /* code 0103 */
  0x00,  0x00,  0x00,  0x00,  0x00,  0x00,  0x00,  0x00,
  0x00,  0x00,  0x00,  0x00,  0x00,  0x0C,  0x30,  0x1C,
  0xE0,  0x1F,  0x80,  0x1E,  0x00,  0x00,  0x00,  0x00,
  0x01,  0xF8,  0x07,  0xFC,  0x1C,  0x1C,  0x70,  0x18,
  0xC0,  0x30,  0x00,  0x60,  0x03,  0xC0,  0xFF,  0x83,
  0xF3,  0x0E,  0x06,  0x30,  0x0C,  0x60,  0x18,  0xC0,
  0x71,  0x80,  0xE3,  0x87,  0xC3,  0xFD,  0x83,  0xE1,
  0x80,  0x00,  0x00,  0x00,  0x00,  0x00,  0x00,  0x00,
  0x00,  0x00,  0x00,  0x00,  0x00,  0x00
};

const UCHAR abc_fontArialNarrow37h_0105[  74] = { /* code 0105 */
  0x00,  0x00,  0x00,  0x00,  0x00,  0x00,  0x00,  0x00,
  0x00,  0x00,  0x00,  0x00,  0x00,  0x00,  0x00,  0x00,
  0x00,  0x00,  0x00,  0x00,  0x00,  0x00,  0x00,  0x00,
  0x00,  0x00,  0x1F,  0x80,  0x3F,  0xE0,  0x70,  0x70,
  0xE0,  0x30,  0xC0,  0x30,  0x00,  0x30,  0x00,  0xF0,
  0x1F,  0xF0,  0x3F,  0x30,  0x70,  0x30,  0xC0,  0x30,
  0xC0,  0x30,  0xC0,  0x70,  0xC0,  0x70,  0xE1,  0xF0,
  0x7F,  0xB0,  0x3E,  0x18,  0x00,  0x18,  0x00,  0x18,
  0x00,  0x18,  0x00,  0x18,  0x00,  0x1C,  0x00,  0x1F,
  0x00,  0x0E
};

const UCHAR abc_fontArialNarrow37h_0107[  61] = { /* code 0107 */
  0x00,  0x00,  0x00,  0x00,  0x00,  0x00,  0x00,  0x00,
  0x00,  0x00,  0x00,  0x00,  0x30,  0x03,  0x00,  0x18,
  0x01,  0x80,  0x00,  0x00,  0x00,  0x03,  0xE0,  0x7F,
  0x83,  0x0E,  0x30,  0x39,  0x80,  0xD8,  0x00,  0xC0,
  0x06,  0x00,  0x30,  0x01,  0x80,  0x0C,  0x00,  0x60,
  0x19,  0x80,  0xCC,  0x0C,  0x70,  0xE1,  0xFE,  0x03,
  0xE0,  0x00,  0x00,  0x00,  0x00,  0x00,  0x00,  0x00,
  0x00,  0x00,  0x00,  0x00,  0x00
};

const UCHAR abc_fontArialNarrow37h_0110[  88] = { /* code 0110 */
  0x00,  0x00,  0x00,  0x00,  0x00,  0x00,  0x00,  0x00,
  0x00,  0x00,  0x00,  0x00,  0x00,  0x00,  0x00,  0x00,
  0x01,  0xFF,  0x80,  0x3F,  0xFC,  0x06,  0x01,  0xC0,
  0xC0,  0x18,  0x18,  0x01,  0x83,  0x00,  0x30,  0x60,
  0x06,  0x0C,  0x00,  0x61,  0x80,  0x0C,  0x30,  0x01,
  0x86,  0x00,  0x33,  0xFE,  0x06,  0x7F,  0xC0,  0xC3,
  0x00,  0x18,  0x60,  0x03,  0x0C,  0x00,  0x61,  0x80,
  0x18,  0x30,  0x03,  0x06,  0x00,  0x60,  0xC0,  0x18,
  0x18,  0x0F,  0x03,  0xFF,  0xC0,  0x7F,  0xE0,  0x00,
  0x00,  0x00,  0x00,  0x00,  0x00,  0x00,  0x00,  0x00,
  0x00,  0x00,  0x00,  0x00,  0x00,  0x00,  0x00,  0x00
};

const UCHAR abc_fontArialNarrow37h_0111[  70] = { /* code 0111 */
  0x00,  0x00,  0x00,  0x00,  0x00,  0x00,  0x00,  0x00,
  0x00,  0x00,  0x00,  0x00,  0x00,  0x00,  0x06,  0x00,
  0x0C,  0x07,  0xFC,  0x0F,  0xF8,  0x00,  0x60,  0x00,
  0xC0,  0xF9,  0x83,  0xFF,  0x0C,  0x3E,  0x30,  0x1C,
  0x60,  0x39,  0x80,  0x33,  0x00,  0x66,  0x00,  0xCC,
  0x01,  0x98,  0x03,  0x30,  0x06,  0x60,  0x0C,  0x60,
  0x38,  0xC0,  0x70,  0xE3,  0xE0,  0xFE,  0xC0,  0xF9,
  0x80,  0x00,  0x00,  0x00,  0x00,  0x00,  0x00,  0x00,
  0x00,  0x00,  0x00,  0x00,  0x00,  0x00
};

const UCHAR abc_fontArialNarrow37h_0113[  70] = { /* code 0113 */
  0x00,  0x00,  0x00,  0x00,  0x00,  0x00,  0x00,  0x00,
  0x00,  0x00,  0x00,  0x00,  0x00,  0x00,  0x00,  0x00,
  0x00,  0x1F,  0xE0,  0x3F,  0xC0,  0x00,  0x00,  0x00,
  0x00,  0xF8,  0x03,  0xFC,  0x0E,  0x18,  0x30,  0x18,
  0x60,  0x31,  0x80,  0x33,  0x00,  0x67,  0xFF,  0xCF,
  0xFF,  0x98,  0x00,  0x30,  0x00,  0x60,  0x00,  0x60,
  0x18,  0xE0,  0x60,  0xE1,  0xC0,  0xFF,  0x00,  0xF8,
  0x00,  0x00,  0x00,  0x00,  0x00,  0x00,  0x00,  0x00,
  0x00,  0x00,  0x00,  0x00,  0x00,  0x00
};

const UCHAR abc_fontArialNarrow37h_0119[  70] = { /* code 0119 */
  0x00,  0x00,  0x00,  0x00,  0x00,  0x00,  0x00,  0x00,
  0x00,  0x00,  0x00,  0x00,  0x00,  0x00,  0x00,  0x00,
  0x00,  0x00,  0x00,  0x00,  0x00,  0x00,  0x00,  0x00,
  0x00,  0xF8,  0x03,  0xFC,  0x0E,  0x18,  0x30,  0x18,
  0x60,  0x31,  0x80,  0x33,  0x00,  0x67,  0xFF,  0xCF,
  0xFF,  0x98,  0x00,  0x30,  0x00,  0x60,  0x00,  0x60,
  0x18,  0xE0,  0x60,  0xE1,  0xC0,  0xFF,  0x00,  0xF8,
  0x00,  0x60,  0x00,  0xC0,  0x01,  0x80,  0x03,  0x00,
  0x07,  0x00,  0x0F,  0x80,  0x0E,  0x00
};

const UCHAR abc_fontArialNarrow37h_011F[  70] = { /* code 011F */
  0x00,  0x00,  0x00,  0x00,  0x00,  0x00,  0x00,  0x00,
  0x00,  0x00,  0x00,  0x00,  0x00,  0x0C,  0x30,  0x1C,
  0xE0,  0x1F,  0x80,  0x1E,  0x00,  0x00,  0x00,  0x00,
  0x00,  0xF3,  0x07,  0xFE,  0x0C,  0x3C,  0x30,  0x38,
  0x60,  0x71,  0x80,  0x63,  0x00,  0xC6,  0x01,  0x8C,
  0x03,  0x18,  0x06,  0x30,  0x0C,  0x60,  0x18,  0x60,
  0x70,  0xC0,  0xE0,  0xC3,  0xC1,  0xFF,  0x80,  0xF3,
  0x00,  0x06,  0x30,  0x0C,  0x60,  0x30,  0x60,  0xE0,
  0xFF,  0x80,  0x7C,  0x00,  0x00,  0x00
};

const UCHAR abc_fontArialNarrow37h_0123[  70] = { /* code 0123 */
  0x00,  0x00,  0x00,  0x00,  0x00,  0x00,  0x00,  0x00,
  0x00,  0x00,  0x20,  0x00,  0xC0,  0x01,  0x00,  0x02,
  0x00,  0x06,  0x00,  0x0C,  0x00,  0x00,  0x00,  0x00,
  0x00,  0xF3,  0x07,  0xFE,  0x0C,  0x3C,  0x30,  0x38,
  0x60,  0x71,  0x80,  0x63,  0x00,  0xC6,  0x01,  0x8C,
  0x03,  0x18,  0x06,  0x30,  0x0C,  0x60,  0x18,  0x60,
  0x70,  0xC0,  0xE0,  0xC3,  0xC1,  0xFF,  0x80,  0xF3,
  0x00,  0x06,  0x30,  0x0C,  0x60,  0x30,  0x60,  0xE0,
  0xFF,  0x80,  0x7C,  0x00,  0x00,  0x00
};

const UCHAR abc_fontArialNarrow37h_012B[  37] = { /* code 012B */
  0x00,  0x00,  0x00,  0x00,  0x00,  0x00,  0x00,  0x00,
  0x00,  0xFF,  0xFF,  0x00,  0x00,  0x18,  0x18,  0x18,
  0x18,  0x18,  0x18,  0x18,  0x18,  0x18,  0x18,  0x18,
  0x18,  0x18,  0x18,  0x18,  0x18,  0x18,  0x00,  0x00,
  0x00,  0x00,  0x00,  0x00,  0x00
};

const UCHAR abc_fontArialNarrow37h_0130[  33] = { /* code 0130 */
  0x00,  0x60,  0xC1,  0x83,  0x00,  0x00,  0x18,  0x30,
  0x60,  0xC1,  0x83,  0x06,  0x0C,  0x18,  0x30,  0x60,
  0xC1,  0x83,  0x06,  0x0C,  0x18,  0x30,  0x60,  0xC1,
  0x83,  0x06,  0x00,  0x00,  0x00,  0x00,  0x00,  0x00,
  0x00
};

const UCHAR abc_fontArialNarrow37h_0131[  33] = { /* code 0131 */
  0x00,  0x00,  0x00,  0x00,  0x00,  0x00,  0x00,  0x00,
  0x00,  0x00,  0x00,  0x06,  0x0C,  0x18,  0x30,  0x60,
  0xC1,  0x83,  0x06,  0x0C,  0x18,  0x30,  0x60,  0xC1,
  0x83,  0x06,  0x00,  0x00,  0x00,  0x00,  0x00,  0x00,
  0x00
};

const UCHAR abc_fontArialNarrow37h_0137[  61] = { /* code 0137 */
  0x00,  0x00,  0x00,  0x00,  0x00,  0x00,  0x00,  0x00,
  0x00,  0x00,  0x00,  0x0C,  0x00,  0x60,  0x03,  0x00,
  0x18,  0x00,  0xC0,  0x06,  0x00,  0x30,  0x39,  0x83,
  0x8C,  0x38,  0x61,  0x83,  0x18,  0x19,  0x80,  0xDC,
  0x07,  0xE0,  0x3D,  0x81,  0xCC,  0x0C,  0x30,  0x61,
  0x83,  0x06,  0x18,  0x38,  0xC0,  0xC6,  0x07,  0x30,
  0x18,  0x00,  0x00,  0xE0,  0x01,  0x80,  0x0C,  0x03,
  0xE0,  0x1E,  0x00,  0x00,  0x00
};

const UCHAR abc_fontArialNarrow37h_013B[  70] = { /* code 013B */
  0x00,  0x00,  0x00,  0x00,  0x00,  0x00,  0x00,  0x00,
  0x00,  0x00,  0x00,  0x00,  0x00,  0x18,  0x00,  0x30,
  0x00,  0x60,  0x00,  0xC0,  0x01,  0x80,  0x03,  0x00,
  0x06,  0x00,  0x0C,  0x00,  0x18,  0x00,  0x30,  0x00,
  0x60,  0x00,  0xC0,  0x01,  0x80,  0x03,  0x00,  0x06,
  0x00,  0x0C,  0x00,  0x18,  0x00,  0x30,  0x00,  0x60,
  0x00,  0xC0,  0x01,  0x80,  0x03,  0xFF,  0xC7,  0xFF,
  0x80,  0x00,  0x00,  0xE0,  0x00,  0x60,  0x00,  0xC0,
  0x0F,  0x80,  0x1E,  0x00,  0x00,  0x00
};

const UCHAR abc_fontArialNarrow37h_013C[  28] = { /* code 013C */
  0x00,  0x00,  0x00,  0x00,  0x00,  0x18,  0x61,  0x86,
  0x18,  0x61,  0x86,  0x18,  0x61,  0x86,  0x18,  0x61,
  0x86,  0x18,  0x61,  0x86,  0x18,  0x61,  0x80,  0x1C,
  0x18,  0x6F,  0xBC,  0x00
};

const UCHAR abc_fontArialNarrow37h_0142[  28] = { /* code 0142 */
  0x00,  0x00,  0x00,  0x00,  0x00,  0x0C,  0x30,  0xC3,
  0x0C,  0x30,  0xC3,  0x0D,  0x3C,  0xE3,  0x1C,  0xF2,
  0xC3,  0x0C,  0x30,  0xC3,  0x0C,  0x30,  0xC0,  0x00,
  0x00,  0x00,  0x00,  0x00
};

const UCHAR abc_fontArialNarrow37h_0145[  88] = { /* code 0145 */
  0x00,  0x00,  0x00,  0x00,  0x00,  0x00,  0x00,  0x00,
  0x00,  0x00,  0x00,  0x00,  0x00,  0x00,  0x00,  0x00,
  0x01,  0x80,  0x0C,  0x38,  0x01,  0x87,  0x80,  0x30,
  0xF0,  0x06,  0x1B,  0x00,  0xC3,  0x60,  0x18,  0x66,
  0x03,  0x0C,  0xC0,  0x61,  0x8C,  0x0C,  0x31,  0x81,
  0x86,  0x18,  0x30,  0xC3,  0x86,  0x18,  0x30,  0xC3,
  0x03,  0x18,  0x60,  0x63,  0x0C,  0x06,  0x61,  0x80,
  0xCC,  0x30,  0x0D,  0x86,  0x01,  0xB0,  0xC0,  0x1E,
  0x18,  0x03,  0xC3,  0x00,  0x38,  0x60,  0x03,  0x00,
  0x00,  0x00,  0x07,  0x00,  0x00,  0x30,  0x00,  0x06,
  0x00,  0x07,  0xC0,  0x00,  0xF0,  0x00,  0x00,  0x00
};

const UCHAR abc_fontArialNarrow37h_015E[  84] = { /* code 015E */
  0x00,  0x00,  0x00,  0x00,  0x00,  0x00,  0x00,  0x00,
  0x00,  0x00,  0x00,  0x00,  0x00,  0x00,  0x00,  0x00,
  0x0F,  0x80,  0x0F,  0xF8,  0x07,  0x07,  0x01,  0x80,
  0xC0,  0xC0,  0x18,  0x30,  0x06,  0x0C,  0x00,  0x03,
  0x00,  0x00,  0xE0,  0x00,  0x1C,  0x00,  0x03,  0xF0,
  0x00,  0x7F,  0xC0,  0x01,  0xF8,  0x00,  0x0F,  0x00,
  0x01,  0xC0,  0x00,  0x31,  0x80,  0x0C,  0x60,  0x03,
  0x1C,  0x00,  0xC3,  0x80,  0x60,  0x70,  0x38,  0x0F,
  0xFC,  0x00,  0xFC,  0x00,  0x0C,  0x00,  0x07,  0x00,
  0x00,  0x60,  0x00,  0x18,  0x00,  0x3E,  0x00,  0x0F,
  0x00,  0x00,  0x00,  0x00
};

const UCHAR abc_fontArialNarrow37h_015F[  61] = { /* code 015F */
  0x00,  0x00,  0x00,  0x00,  0x00,  0x00,  0x00,  0x00,
  0x00,  0x00,  0x00,  0x00,  0x00,  0x00,  0x00,  0x00,
  0x00,  0x00,  0x00,  0x00,  0x00,  0x07,  0xC0,  0xFF,
  0x8E,  0x0C,  0x60,  0x33,  0x01,  0x98,  0x00,  0x70,
  0x01,  0xF0,  0x03,  0xF0,  0x03,  0x80,  0x06,  0x00,
  0x33,  0x01,  0x9C,  0x0C,  0x70,  0xC1,  0xFE,  0x07,
  0xC0,  0x0C,  0x00,  0xE0,  0x01,  0x80,  0x0C,  0x03,
  0xE0,  0x1E,  0x00,  0x00,  0x00
};

const UCHAR abc_fontArialNarrow37h_0161[  61] = { /* code 0161 */
  0x00,  0x00,  0x00,  0x00,  0x00,  0x00,  0x00,  0x00,
  0x00,  0x00,  0x00,  0x03,  0x0C,  0x0C,  0xC0,  0x3C,
  0x00,  0xC0,  0x00,  0x00,  0x00,  0x07,  0xC0,  0xFF,
  0x8E,  0x0C,  0x60,  0x33,  0x01,  0x98,  0x00,  0x70,
  0x01,  0xF0,  0x03,  0xF0,  0x03,  0x80,  0x06,  0x00,
  0x33,  0x01,  0x9C,  0x0C,  0x70,  0xC1,  0xFE,  0x07,
  0xC0,  0x00,  0x00,  0x00,  0x00,  0x00,  0x00,  0x00,
  0x00,  0x00,  0x00,  0x00,  0x00
};

const UCHAR abc_fontArialNarrow37h_0169[  70] = { /* code 0169 */
  0x00,  0x00,  0x00,  0x00,  0x00,  0x00,  0x00,  0x00,
  0x00,  0x00,  0x00,  0x00,  0x00,  0x00,  0x00,  0x0F,
  0x30,  0x3F,  0xE0,  0x63,  0x80,  0x00,  0x00,  0x00,
  0x06,  0x03,  0x0C,  0x06,  0x18,  0x0C,  0x30,  0x18,
  0x60,  0x30,  0xC0,  0x61,  0x80,  0xC3,  0x01,  0x86,
  0x03,  0x0C,  0x06,  0x18,  0x0C,  0x30,  0x18,  0x60,
  0x30,  0xC0,  0xE0,  0xC3,  0xC1,  0xFD,  0x80,  0xF3,
  0x00,  0x00,  0x00,  0x00,  0x00,  0x00,  0x00,  0x00,
  0x00,  0x00,  0x00,  0x00,  0x00,  0x00
};

const UCHAR abc_fontArialNarrow37h_016B[  70] = { /* code 016B */
  0x00,  0x00,  0x00,  0x00,  0x00,  0x00,  0x00,  0x00,
  0x00,  0x00,  0x00,  0x00,  0x00,  0x00,  0x00,  0x00,
  0x00,  0x1F,  0xE0,  0x3F,  0xC0,  0x00,  0x00,  0x00,
  0x06,  0x03,  0x0C,  0x06,  0x18,  0x0C,  0x30,  0x18,
  0x60,  0x30,  0xC0,  0x61,  0x80,  0xC3,  0x01,  0x86,
  0x03,  0x0C,  0x06,  0x18,  0x0C,  0x30,  0x18,  0x60,
  0x30,  0xC0,  0xE0,  0xC3,  0xC1,  0xFD,  0x80,  0xF3,
  0x00,  0x00,  0x00,  0x00,  0x00,  0x00,  0x00,  0x00,
  0x00,  0x00,  0x00,  0x00,  0x00,  0x00
};

const UCHAR abc_fontArialNarrow37h_017C[  61] = { /* code 017C */
  0x00,  0x00,  0x00,  0x00,  0x00,  0x00,  0x00,  0x00,
  0x00,  0x00,  0x00,  0x00,  0xC0,  0x06,  0x00,  0x30,
  0x01,  0x80,  0x00,  0x00,  0x00,  0x7F,  0xFB,  0xFF,
  0xC0,  0x0C,  0x00,  0xE0,  0x06,  0x00,  0x60,  0x07,
  0x00,  0x70,  0x03,  0x00,  0x30,  0x03,  0x80,  0x18,
  0x01,  0x80,  0x18,  0x01,  0xC0,  0x0F,  0xFF,  0x7F,
  0xF8,  0x00,  0x00,  0x00,  0x00,  0x00,  0x00,  0x00,
  0x00,  0x00,  0x00,  0x00,  0x00
};

const UCHAR abc_fontArialNarrow37h_01B0[  98] = { /* code 01B0 */
  0x00,  0x00,  0x00,  0x00,  0x00,  0x00,  0x00,  0x00,
  0x00,  0x00,  0x00,  0x00,  0x00,  0x00,  0x00,  0x00,
  0x00,  0x00,  0x00,  0x00,  0x00,  0x00,  0x00,  0x00,
  0x00,  0x00,  0x00,  0x00,  0x00,  0x00,  0x00,  0x00,
  0x00,  0x00,  0x1C,  0x03,  0x9C,  0xE0,  0x1C,  0xE7,
  0x00,  0xE7,  0x38,  0x07,  0x19,  0xC0,  0x38,  0xCE,
  0x01,  0xCC,  0x70,  0x0E,  0xE3,  0x80,  0x7C,  0x1C,
  0x03,  0x80,  0xE0,  0x1C,  0x07,  0x00,  0xE0,  0x38,
  0x07,  0x01,  0xC0,  0x78,  0x0F,  0x07,  0xC0,  0x3F,
  0xEE,  0x01,  0xFF,  0x70,  0x03,  0xE3,  0x80,  0x00,
  0x00,  0x00,  0x00,  0x00,  0x00,  0x00,  0x00,  0x00,
  0x00,  0x00,  0x00,  0x00,  0x00,  0x00,  0x00,  0x00,
  0x00,  0x00
};

const UCHAR abc_fontArialNarrow37h_0219[  61] = { /* code 0219 */
  0x00,  0x00,  0x00,  0x00,  0x00,  0x00,  0x00,  0x00,
  0x00,  0x00,  0x00,  0x00,  0x00,  0x00,  0x00,  0x00,
  0x00,  0x00,  0x00,  0x00,  0x00,  0x07,  0xC0,  0xFF,
  0x8E,  0x0C,  0x60,  0x33,  0x01,  0x98,  0x00,  0x70,
  0x01,  0xF0,  0x03,  0xF0,  0x03,  0x80,  0x06,  0x00,
  0x33,  0x01,  0x9C,  0x0C,  0x70,  0xC1,  0xFE,  0x07,
  0xC0,  0x00,  0x00,  0x00,  0x03,  0x00,  0x18,  0x00,
  0x40,  0x02,  0x00,  0x30,  0x00
};

const UCHAR abc_fontArialNarrow37h_021B[  33] = { /* code 021B */
  0x00,  0x00,  0x00,  0x00,  0x00,  0x00,  0x00,  0x10,
  0x60,  0xC1,  0x83,  0x1F,  0xBF,  0x18,  0x30,  0x60,
  0xC1,  0x83,  0x06,  0x0C,  0x18,  0x30,  0x60,  0xC1,
  0x83,  0xC3,  0x80,  0x00,  0x18,  0x30,  0x20,  0x41,
  0x80
};

const UCHAR abc_fontArialNarrow37h_0388[  98] = { /* code 0388 */
  0x00,  0x00,  0x00,  0x00,  0x00,  0x00,  0x00,  0x00,
  0x00,  0x00,  0x00,  0x00,  0x00,  0x00,  0x00,  0x00,
  0x00,  0x00,  0x03,  0x7F,  0xFE,  0x33,  0xFF,  0xF1,
  0x98,  0x00,  0x18,  0xC0,  0x00,  0x06,  0x00,  0x00,
  0x30,  0x00,  0x01,  0x80,  0x00,  0x0C,  0x00,  0x00,
  0x60,  0x00,  0x03,  0x00,  0x00,  0x1F,  0xFF,  0x00,
  0xFF,  0xF8,  0x06,  0x00,  0x00,  0x30,  0x00,  0x01,
  0x80,  0x00,  0x0C,  0x00,  0x00,  0x60,  0x00,  0x03,
  0x00,  0x00,  0x18,  0x00,  0x00,  0xC0,  0x00,  0x06,
  0x00,  0x00,  0x3F,  0xFF,  0x01,  0xFF,  0xF8,  0x00,
  0x00,  0x00,  0x00,  0x00,  0x00,  0x00,  0x00,  0x00,
  0x00,  0x00,  0x00,  0x00,  0x00,  0x00,  0x00,  0x00,
  0x00,  0x00
};

const UCHAR abc_fontArialNarrow37h_0391[  84] = { /* code 0391 */
  0x00,  0x00,  0x00,  0x00,  0x00,  0x00,  0x00,  0x00,
  0x00,  0x00,  0x00,  0x00,  0x00,  0x00,  0x00,  0x00,
  0x07,  0x00,  0x01,  0xC0,  0x00,  0xF8,  0x00,  0x36,
  0x00,  0x0D,  0x80,  0x07,  0x60,  0x01,  0x8C,  0x00,
  0x63,  0x00,  0x18,  0xC0,  0x0C,  0x18,  0x03,  0x06,
  0x00,  0xC1,  0x80,  0x60,  0x30,  0x18,  0x0C,  0x07,
  0xFF,  0x03,  0xFF,  0xE0,  0xC0,  0x18,  0x30,  0x06,
  0x18,  0x00,  0xC6,  0x00,  0x31,  0x80,  0x0C,  0xE0,
  0x03,  0xB0,  0x00,  0x60,  0x00,  0x00,  0x00,  0x00,
  0x00,  0x00,  0x00,  0x00,  0x00,  0x00,  0x00,  0x00,
  0x00,  0x00,  0x00,  0x00
};

const UCHAR abc_fontArialNarrow37h_0394[  84] = { /* code 0394 */
  0x00,  0x00,  0x00,  0x00,  0x00,  0x00,  0x00,  0x00,
  0x00,  0x00,  0x00,  0x00,  0x00,  0x00,  0x00,  0x00,
  0x06,  0x00,  0x01,  0xC0,  0x00,  0x50,  0x00,  0x36,
  0x00,  0x0D,  0x80,  0x03,  0x60,  0x01,  0xCC,  0x00,
  0x63,  0x00,  0x18,  0xC0,  0x0E,  0x18,  0x03,  0x06,
  0x00,  0xC0,  0xC0,  0x70,  0x30,  0x18,  0x0C,  0x06,
  0x01,  0x83,  0x80,  0x60,  0xC0,  0x1C,  0x30,  0x03,
  0x1C,  0x00,  0xC6,  0x00,  0x19,  0x80,  0x06,  0xFF,
  0xFF,  0xBF,  0xFF,  0xF0,  0x00,  0x00,  0x00,  0x00,
  0x00,  0x00,  0x00,  0x00,  0x00,  0x00,  0x00,  0x00,
  0x00,  0x00,  0x00,  0x00
};

const UCHAR abc_fontArialNarrow37h_0397[  88] = { /* code 0397 */
  0x00,  0x00,  0x00,  0x00,  0x00,  0x00,  0x00,  0x00,
  0x00,  0x00,  0x00,  0x00,  0x00,  0x00,  0x00,  0x00,
  0x01,  0x80,  0x0C,  0x30,  0x01,  0x86,  0x00,  0x30,
  0xC0,  0x06,  0x18,  0x00,  0xC3,  0x00,  0x18,  0x60,
  0x03,  0x0C,  0x00,  0x61,  0x80,  0x0C,  0x30,  0x01,
  0x87,  0xFF,  0xF0,  0xFF,  0xFE,  0x18,  0x00,  0xC3,
  0x00,  0x18,  0x60,  0x03,  0x0C,  0x00,  0x61,  0x80,
  0x0C,  0x30,  0x01,  0x86,  0x00,  0x30,  0xC0,  0x06,
  0x18,  0x00,  0xC3,  0x00,  0x18,  0x60,  0x03,  0x00,
  0x00,  0x00,  0x00,  0x00,  0x00,  0x00,  0x00,  0x00,
  0x00,  0x00,  0x00,  0x00,  0x00,  0x00,  0x00,  0x00
};

const UCHAR abc_fontArialNarrow37h_0398[  88] = { /* code 0398 */
  0x00,  0x00,  0x00,  0x00,  0x00,  0x00,  0x00,  0x00,
  0x00,  0x00,  0x00,  0x00,  0x00,  0x00,  0x00,  0x00,
  0x00,  0x0F,  0x80,  0x07,  0xFC,  0x01,  0xC1,  0xC0,
  0x60,  0x0C,  0x1C,  0x01,  0xC3,  0x00,  0x18,  0x60,
  0x03,  0x18,  0x00,  0x33,  0x00,  0x06,  0x60,  0x00,
  0xCC,  0x00,  0x19,  0x9F,  0xF3,  0x33,  0xFE,  0x66,
  0x00,  0x0C,  0xC0,  0x01,  0x98,  0x00,  0x31,  0x80,
  0x0C,  0x30,  0x01,  0x87,  0x00,  0x70,  0x60,  0x0C,
  0x07,  0x07,  0x00,  0x7F,  0xC0,  0x03,  0xE0,  0x00,
  0x00,  0x00,  0x00,  0x00,  0x00,  0x00,  0x00,  0x00,
  0x00,  0x00,  0x00,  0x00,  0x00,  0x00,  0x00,  0x00
};

const UCHAR abc_fontArialNarrow37h_039D[  88] = { /* code 039D */
  0x00,  0x00,  0x00,  0x00,  0x00,  0x00,  0x00,  0x00,
  0x00,  0x00,  0x00,  0x00,  0x00,  0x00,  0x00,  0x00,
  0x01,  0x80,  0x0C,  0x38,  0x01,  0x87,  0x80,  0x30,
  0xF0,  0x06,  0x1B,  0x00,  0xC3,  0x60,  0x18,  0x66,
  0x03,  0x0C,  0xC0,  0x61,  0x8C,  0x0C,  0x31,  0x81,
  0x86,  0x18,  0x30,  0xC3,  0x86,  0x18,  0x30,  0xC3,
  0x03,  0x18,  0x60,  0x63,  0x0C,  0x06,  0x61,  0x80,
  0xCC,  0x30,  0x0D,  0x86,  0x01,  0xB0,  0xC0,  0x1E,
  0x18,  0x03,  0xC3,  0x00,  0x38,  0x60,  0x03,  0x00,
  0x00,  0x00,  0x00,  0x00,  0x00,  0x00,  0x00,  0x00,
  0x00,  0x00,  0x00,  0x00,  0x00,  0x00,  0x00,  0x00
};

const UCHAR abc_fontArialNarrow37h_03A0[  88] = { /* code 03A0 */
  0x00,  0x00,  0x00,  0x00,  0x00,  0x00,  0x00,  0x00,
  0x00,  0x00,  0x00,  0x00,  0x00,  0x00,  0x00,  0x00,
  0x01,  0xFF,  0xFC,  0x3F,  0xFF,  0x86,  0x00,  0x30,
  0xC0,  0x06,  0x18,  0x00,  0xC3,  0x00,  0x18,  0x60,
  0x03,  0x0C,  0x00,  0x61,  0x80,  0x0C,  0x30,  0x01,
  0x86,  0x00,  0x30,  0xC0,  0x06,  0x18,  0x00,  0xC3,
  0x00,  0x18,  0x60,  0x03,  0x0C,  0x00,  0x61,  0x80,
  0x0C,  0x30,  0x01,  0x86,  0x00,  0x30,  0xC0,  0x06,
  0x18,  0x00,  0xC3,  0x00,  0x18,  0x60,  0x03,  0x00,
  0x00,  0x00,  0x00,  0x00,  0x00,  0x00,  0x00,  0x00,
  0x00,  0x00,  0x00,  0x00,  0x00,  0x00,  0x00,  0x00
};

const UCHAR abc_fontArialNarrow37h_03A1[  84] = { /* code 03A1 */
  0x00,  0x00,  0x00,  0x00,  0x00,  0x00,  0x00,  0x00,
  0x00,  0x00,  0x00,  0x00,  0x00,  0x00,  0x00,  0x00,
  0xFF,  0xE0,  0x3F,  0xFC,  0x0C,  0x03,  0x83,  0x00,
  0x70,  0xC0,  0x0C,  0x30,  0x03,  0x0C,  0x00,  0xC3,
  0x00,  0x30,  0xC0,  0x0C,  0x30,  0x06,  0x0C,  0x03,
  0x83,  0xFF,  0xC0,  0xFF,  0xC0,  0x30,  0x00,  0x0C,
  0x00,  0x03,  0x00,  0x00,  0xC0,  0x00,  0x30,  0x00,
  0x0C,  0x00,  0x03,  0x00,  0x00,  0xC0,  0x00,  0x30,
  0x00,  0x0C,  0x00,  0x00,  0x00,  0x00,  0x00,  0x00,
  0x00,  0x00,  0x00,  0x00,  0x00,  0x00,  0x00,  0x00,
  0x00,  0x00,  0x00,  0x00
};

const UCHAR abc_fontArialNarrow37h_03A3[  74] = { /* code 03A3 */
  0x00,  0x00,  0x00,  0x00,  0x00,  0x00,  0x00,  0x00,
  0x00,  0x00,  0x00,  0x00,  0x00,  0x00,  0x7F,  0xFC,
  0x7F,  0xFC,  0x60,  0x00,  0x30,  0x00,  0x18,  0x00,
  0x1C,  0x00,  0x0C,  0x00,  0x06,  0x00,  0x03,  0x00,
  0x03,  0x80,  0x01,  0x80,  0x00,  0xC0,  0x01,  0x80,
  0x03,  0x80,  0x07,  0x00,  0x06,  0x00,  0x0C,  0x00,
  0x1C,  0x00,  0x18,  0x00,  0x30,  0x00,  0x60,  0x00,
  0x7F,  0xFE,  0x7F,  0xFE,  0x00,  0x00,  0x00,  0x00,
  0x00,  0x00,  0x00,  0x00,  0x00,  0x00,  0x00,  0x00,
  0x00,  0x00
};

const UCHAR abc_fontArialNarrow37h_03A7[  84] = { /* code 03A7 */
  0x00,  0x00,  0x00,  0x00,  0x00,  0x00,  0x00,  0x00,
  0x00,  0x00,  0x00,  0x00,  0x00,  0x00,  0x00,  0x01,
  0xC0,  0x1C,  0x30,  0x06,  0x0E,  0x03,  0x01,  0x80,
  0xC0,  0x30,  0x60,  0x0E,  0x38,  0x01,  0x8C,  0x00,
  0x76,  0x00,  0x0D,  0x80,  0x01,  0xC0,  0x00,  0x70,
  0x00,  0x1C,  0x00,  0x0F,  0x80,  0x03,  0x60,  0x01,
  0x8C,  0x00,  0xE3,  0x00,  0x30,  0x60,  0x1C,  0x1C,
  0x06,  0x03,  0x03,  0x00,  0x61,  0xC0,  0x18,  0x60,
  0x03,  0x38,  0x00,  0xE0,  0x00,  0x00,  0x00,  0x00,
  0x00,  0x00,  0x00,  0x00,  0x00,  0x00,  0x00,  0x00,
  0x00,  0x00,  0x00,  0x00
};

const UCHAR abc_fontArialNarrow37h_03AC[  74] = { /* code 03AC */
  0x00,  0x00,  0x00,  0x00,  0x00,  0x00,  0x00,  0x00,
  0x00,  0x00,  0x00,  0x00,  0x00,  0x00,  0x00,  0xC0,
  0x01,  0x80,  0x01,  0x80,  0x03,  0x00,  0x00,  0x00,
  0x00,  0x00,  0x07,  0xC6,  0x0F,  0xE6,  0x18,  0x3C,
  0x30,  0x1C,  0x30,  0x1C,  0x60,  0x0C,  0x60,  0x0C,
  0x60,  0x0C,  0x60,  0x0C,  0x60,  0x0C,  0x60,  0x0C,
  0x60,  0x0C,  0x30,  0x1C,  0x30,  0x1C,  0x18,  0x3C,
  0x1F,  0xE6,  0x07,  0xC6,  0x00,  0x00,  0x00,  0x00,
  0x00,  0x00,  0x00,  0x00,  0x00,  0x00,  0x00,  0x00,
  0x00,  0x00
};

const UCHAR abc_fontArialNarrow37h_03AD[  51] = { /* code 03AD */
  0x00,  0x00,  0x00,  0x00,  0x00,  0x00,  0x00,  0x00,
  0x00,  0x00,  0x18,  0x06,  0x00,  0xC0,  0x30,  0x00,
  0x00,  0x00,  0x3E,  0x0F,  0xE3,  0x8E,  0x60,  0x8C,
  0x01,  0x80,  0x38,  0x03,  0xE0,  0x7C,  0x1C,  0x03,
  0x00,  0x60,  0x0C,  0x01,  0x82,  0x38,  0xE3,  0xF8,
  0x3E,  0x00,  0x00,  0x00,  0x00,  0x00,  0x00,  0x00,
  0x00,  0x00,  0x00
};

const UCHAR abc_fontArialNarrow37h_03AE[  70] = { /* code 03AE */
  0x00,  0x00,  0x00,  0x00,  0x00,  0x00,  0x00,  0x00,
  0x00,  0x00,  0x00,  0x00,  0x00,  0x00,  0x60,  0x01,
  0x80,  0x03,  0x00,  0x0C,  0x00,  0x00,  0x00,  0x00,
  0x06,  0x7C,  0x0D,  0xFC,  0x1E,  0x18,  0x38,  0x18,
  0x70,  0x30,  0xC0,  0x61,  0x80,  0xC3,  0x01,  0x86,
  0x03,  0x0C,  0x06,  0x18,  0x0C,  0x30,  0x18,  0x60,
  0x30,  0xC0,  0x61,  0x80,  0xC3,  0x01,  0x86,  0x03,
  0x00,  0x06,  0x00,  0x0C,  0x00,  0x18,  0x00,  0x30,
  0x00,  0x60,  0x00,  0xC0,  0x00,  0x00
};

const UCHAR abc_fontArialNarrow37h_03AF[  33] = { /* code 03AF */
  0x00,  0x00,  0x00,  0x00,  0x00,  0x00,  0x0C,  0x30,
  0x61,  0x80,  0x00,  0x06,  0x0C,  0x18,  0x30,  0x60,
  0xC1,  0x83,  0x06,  0x0C,  0x18,  0x30,  0x60,  0xC1,
  0x83,  0x06,  0x00,  0x00,  0x00,  0x00,  0x00,  0x00,
  0x00
};

const UCHAR abc_fontArialNarrow37h_03B1[  74] = { /* code 03B1 */
  0x00,  0x00,  0x00,  0x00,  0x00,  0x00,  0x00,  0x00,
  0x00,  0x00,  0x00,  0x00,  0x00,  0x00,  0x00,  0x00,
  0x00,  0x00,  0x00,  0x00,  0x00,  0x00,  0x00,  0x00,
  0x00,  0x00,  0x07,  0xC6,  0x0F,  0xE6,  0x18,  0x3C,
  0x30,  0x1C,  0x30,  0x1C,  0x60,  0x0C,  0x60,  0x0C,
  0x60,  0x0C,  0x60,  0x0C,  0x60,  0x0C,  0x60,  0x0C,
  0x60,  0x0C,  0x30,  0x1C,  0x30,  0x1C,  0x18,  0x3C,
  0x1F,  0xE6,  0x07,  0xC6,  0x00,  0x00,  0x00,  0x00,
  0x00,  0x00,  0x00,  0x00,  0x00,  0x00,  0x00,  0x00,
  0x00,  0x00
};

const UCHAR abc_fontArialNarrow37h_03B2[  70] = { /* code 03B2 */
  0x00,  0x00,  0x00,  0x00,  0x00,  0x00,  0x00,  0x00,
  0x00,  0x00,  0x00,  0x00,  0x00,  0x03,  0xE0,  0x0F,
  0xE0,  0x38,  0xE0,  0x60,  0xE1,  0x80,  0xC3,  0x01,
  0x86,  0x03,  0x0C,  0x06,  0x18,  0x18,  0x30,  0x70,
  0x67,  0x80,  0xCF,  0x81,  0x83,  0xC3,  0x01,  0x86,
  0x01,  0x8C,  0x03,  0x18,  0x06,  0x30,  0x0C,  0x70,
  0x18,  0xE0,  0x61,  0xE1,  0xC3,  0x7F,  0x06,  0x7C,
  0x0C,  0x00,  0x18,  0x00,  0x30,  0x00,  0x60,  0x00,
  0xC0,  0x01,  0x80,  0x00,  0x00,  0x00
};

const UCHAR abc_fontArialNarrow37h_03B3[  61] = { /* code 03B3 */
  0x00,  0x00,  0x00,  0x00,  0x00,  0x00,  0x00,  0x00,
  0x00,  0x00,  0x00,  0x00,  0x00,  0x00,  0x00,  0x00,
  0x00,  0x00,  0x00,  0x00,  0x00,  0x60,  0x1B,  0x81,
  0xCC,  0x0C,  0x60,  0x63,  0x03,  0x0C,  0x30,  0x61,
  0x83,  0x0C,  0x1C,  0xE0,  0x66,  0x03,  0x30,  0x19,
  0x80,  0x78,  0x03,  0xC0,  0x1E,  0x00,  0x60,  0x03,
  0x00,  0x18,  0x00,  0xC0,  0x06,  0x00,  0x30,  0x01,
  0x80,  0x0C,  0x00,  0x00,  0x00
};

const UCHAR abc_fontArialNarrow37h_03B4[  70] = { /* code 03B4 */
  0x00,  0x00,  0x00,  0x00,  0x00,  0x00,  0x00,  0x00,
  0x00,  0x00,  0x00,  0x00,  0x00,  0x1F,  0xFC,  0x3F,
  0xF8,  0x38,  0x00,  0x38,  0x00,  0x38,  0x00,  0x38,
  0x00,  0xF8,  0x07,  0xF8,  0x1E,  0x38,  0x30,  0x18,
  0x60,  0x31,  0x80,  0x33,  0x00,  0x66,  0x00,  0xCC,
  0x01,  0x98,  0x03,  0x30,  0x06,  0x60,  0x0C,  0x60,
  0x30,  0xE0,  0x60,  0xE3,  0x80,  0xFF,  0x00,  0xF8,
  0x00,  0x00,  0x00,  0x00,  0x00,  0x00,  0x00,  0x00,
  0x00,  0x00,  0x00,  0x00,  0x00,  0x00
};

const UCHAR abc_fontArialNarrow37h_03B5[  51] = { /* code 03B5 */
  0x00,  0x00,  0x00,  0x00,  0x00,  0x00,  0x00,  0x00,
  0x00,  0x00,  0x00,  0x00,  0x00,  0x00,  0x00,  0x00,
  0x00,  0x00,  0x3E,  0x0F,  0xE3,  0x8E,  0x60,  0x8C,
  0x01,  0x80,  0x38,  0x03,  0xE0,  0x7C,  0x1C,  0x03,
  0x00,  0x60,  0x0C,  0x01,  0x82,  0x38,  0xE3,  0xF8,
  0x3E,  0x00,  0x00,  0x00,  0x00,  0x00,  0x00,  0x00,
  0x00,  0x00,  0x00
};

const UCHAR abc_fontArialNarrow37h_03B7[  70] = { /* code 03B7 */
  0x00,  0x00,  0x00,  0x00,  0x00,  0x00,  0x00,  0x00,
  0x00,  0x00,  0x00,  0x00,  0x00,  0x00,  0x00,  0x00,
  0x00,  0x00,  0x00,  0x00,  0x00,  0x00,  0x00,  0x00,
  0x06,  0x7C,  0x0D,  0xFC,  0x1E,  0x18,  0x38,  0x18,
  0x70,  0x30,  0xC0,  0x61,  0x80,  0xC3,  0x01,  0x86,
  0x03,  0x0C,  0x06,  0x18,  0x0C,  0x30,  0x18,  0x60,
  0x30,  0xC0,  0x61,  0x80,  0xC3,  0x01,  0x86,  0x03,
  0x00,  0x06,  0x00,  0x0C,  0x00,  0x18,  0x00,  0x30,
  0x00,  0x60,  0x00,  0xC0,  0x00,  0x00
};

const UCHAR abc_fontArialNarrow37h_03B8[  70] = { /* code 03B8 */
  0x00,  0x00,  0x00,  0x00,  0x00,  0x00,  0x00,  0x00,
  0x00,  0x00,  0x00,  0x00,  0x00,  0x03,  0xE0,  0x0F,
  0xE0,  0x38,  0xE0,  0xC0,  0x61,  0x80,  0xC3,  0x01,
  0x8C,  0x01,  0x98,  0x03,  0x30,  0x06,  0x60,  0x0C,
  0xFF,  0xF9,  0xFF,  0xF3,  0x00,  0x66,  0x00,  0xCC,
  0x01,  0x98,  0x03,  0x30,  0x06,  0x30,  0x18,  0x60,
  0x30,  0xE0,  0xE0,  0xE3,  0x80,  0xFE,  0x00,  0xF8,
  0x00,  0x00,  0x00,  0x00,  0x00,  0x00,  0x00,  0x00,
  0x00,  0x00,  0x00,  0x00,  0x00,  0x00
};

const UCHAR abc_fontArialNarrow37h_03B9[  33] = { /* code 03B9 */
  0x00,  0x00,  0x00,  0x00,  0x00,  0x00,  0x00,  0x00,
  0x00,  0x00,  0x00,  0x06,  0x0C,  0x18,  0x30,  0x60,
  0xC1,  0x83,  0x06,  0x0C,  0x18,  0x30,  0x60,  0xC1,
  0x83,  0x06,  0x00,  0x00,  0x00,  0x00,  0x00,  0x00,
  0x00
};

const UCHAR abc_fontArialNarrow37h_03BA[  61] = { /* code 03BA */
  0x00,  0x00,  0x00,  0x00,  0x00,  0x00,  0x00,  0x00,
  0x00,  0x00,  0x00,  0x00,  0x00,  0x00,  0x00,  0x00,
  0x00,  0x00,  0x00,  0x00,  0x00,  0x18,  0x38,  0xC1,
  0x86,  0x18,  0x31,  0x81,  0x98,  0x0D,  0x80,  0x6C,
  0x03,  0xC0,  0x1F,  0x00,  0xD8,  0x06,  0x60,  0x31,
  0x81,  0x8E,  0x0C,  0x30,  0x60,  0xC3,  0x03,  0x18,
  0x1C,  0x00,  0x00,  0x00,  0x00,  0x00,  0x00,  0x00,
  0x00,  0x00,  0x00,  0x00,  0x00
};

const UCHAR abc_fontArialNarrow37h_03BB[  61] = { /* code 03BB */
  0x00,  0x00,  0x00,  0x00,  0x00,  0x00,  0x00,  0x00,
  0x00,  0x00,  0x00,  0x03,  0x00,  0x1C,  0x00,  0x60,
  0x03,  0x00,  0x18,  0x00,  0x60,  0x03,  0x00,  0x18,
  0x01,  0xE0,  0x0F,  0x00,  0x78,  0x03,  0xE0,  0x33,
  0x01,  0x98,  0x0C,  0xC0,  0xC3,  0x06,  0x18,  0x30,
  0xC3,  0x03,  0x18,  0x18,  0xC0,  0xCE,  0x07,  0x60,
  0x18,  0x00,  0x00,  0x00,  0x00,  0x00,  0x00,  0x00,
  0x00,  0x00,  0x00,  0x00,  0x00
};

const UCHAR abc_fontArialNarrow37h_03BC[  70] = { /* code 03BC */
  0x00,  0x00,  0x00,  0x00,  0x00,  0x00,  0x00,  0x00,
  0x00,  0x00,  0x00,  0x00,  0x00,  0x00,  0x00,  0x00,
  0x00,  0x00,  0x00,  0x00,  0x00,  0x00,  0x00,  0x00,
  0x06,  0x03,  0x0C,  0x06,  0x18,  0x0C,  0x30,  0x18,
  0x60,  0x30,  0xC0,  0x61,  0x80,  0xC3,  0x01,  0x86,
  0x03,  0x0C,  0x06,  0x18,  0x0C,  0x30,  0x18,  0x60,
  0x30,  0xE0,  0xE1,  0xE3,  0xC3,  0xFF,  0x86,  0x73,
  0x0C,  0x00,  0x18,  0x00,  0x30,  0x00,  0x60,  0x00,
  0xC0,  0x01,  0x80,  0x00,  0x00,  0x00
};

const UCHAR abc_fontArialNarrow37h_03BD[  61] = { /* code 03BD */
  0x00,  0x00,  0x00,  0x00,  0x00,  0x00,  0x00,  0x00,
  0x00,  0x00,  0x00,  0x00,  0x00,  0x00,  0x00,  0x00,
  0x00,  0x00,  0x00,  0x00,  0x00,  0x30,  0x19,  0x80,
  0xC6,  0x0C,  0x30,  0x61,  0x83,  0x0C,  0x18,  0x71,
  0xC1,  0x8C,  0x0C,  0x60,  0x63,  0x03,  0xB8,  0x0D,
  0x80,  0x6C,  0x03,  0x60,  0x1B,  0x00,  0x70,  0x03,
  0x80,  0x00,  0x00,  0x00,  0x00,  0x00,  0x00,  0x00,
  0x00,  0x00,  0x00,  0x00,  0x00
};

const UCHAR abc_fontArialNarrow37h_03BE[  47] = { /* code 03BE */
  0x00,  0x00,  0x00,  0x00,  0x00,  0x00,  0x00,  0x00,
  0x00,  0x3E,  0x3F,  0x8C,  0x06,  0x01,  0x80,  0x60,
  0x18,  0x03,  0x00,  0xFE,  0x0F,  0x87,  0x03,  0x01,
  0x80,  0x60,  0x30,  0x0C,  0x03,  0x00,  0xC0,  0x30,
  0x06,  0x01,  0xC0,  0x3E,  0x03,  0xE0,  0x1C,  0x03,
  0x00,  0xC0,  0x70,  0x78,  0x1C,  0x00,  0x00
};

const UCHAR abc_fontArialNarrow37h_03BF[  70] = { /* code 03BF */
  0x00,  0x00,  0x00,  0x00,  0x00,  0x00,  0x00,  0x00,
  0x00,  0x00,  0x00,  0x00,  0x00,  0x00,  0x00,  0x00,
  0x00,  0x00,  0x00,  0x00,  0x00,  0x00,  0x00,  0x00,
  0x00,  0xF8,  0x07,  0xFC,  0x0E,  0x38,  0x30,  0x18,
  0x60,  0x31,  0x80,  0x33,  0x00,  0x66,  0x00,  0xCC,
  0x01,  0x98,  0x03,  0x30,  0x06,  0x60,  0x0C,  0x60,
  0x30,  0xC0,  0x60,  0xE3,  0x80,  0xFF,  0x00,  0xF8,
  0x00,  0x00,  0x00,  0x00,  0x00,  0x00,  0x00,  0x00,
  0x00,  0x00,  0x00,  0x00,  0x00,  0x00
};

const UCHAR abc_fontArialNarrow37h_03C0[  84] = { /* code 03C0 */
  0x00,  0x00,  0x00,  0x00,  0x00,  0x00,  0x00,  0x00,
  0x00,  0x00,  0x00,  0x00,  0x00,  0x00,  0x00,  0x00,
  0x00,  0x00,  0x00,  0x00,  0x00,  0x00,  0x00,  0x00,
  0x00,  0x00,  0x00,  0x00,  0x00,  0x3F,  0xFF,  0xEF,
  0xFF,  0xF8,  0x30,  0x30,  0x0C,  0x0C,  0x03,  0x03,
  0x00,  0xC0,  0xC0,  0x30,  0x30,  0x0C,  0x0C,  0x03,
  0x03,  0x00,  0xC0,  0xC0,  0x30,  0x30,  0x0C,  0x0C,
  0x03,  0x03,  0x00,  0xC0,  0xC0,  0x30,  0x30,  0x0C,
  0x0C,  0x03,  0x03,  0x00,  0x00,  0x00,  0x00,  0x00,
  0x00,  0x00,  0x00,  0x00,  0x00,  0x00,  0x00,  0x00,
  0x00,  0x00,  0x00,  0x00
};

const UCHAR abc_fontArialNarrow37h_03C1[  70] = { /* code 03C1 */
  0x00,  0x00,  0x00,  0x00,  0x00,  0x00,  0x00,  0x00,
  0x00,  0x00,  0x00,  0x00,  0x00,  0x00,  0x00,  0x00,
  0x00,  0x00,  0x00,  0x00,  0x00,  0x00,  0x00,  0x00,
  0x00,  0xF8,  0x03,  0xFC,  0x0E,  0x18,  0x18,  0x18,
  0x70,  0x30,  0xC0,  0x31,  0x80,  0x63,  0x00,  0xC6,
  0x01,  0x8C,  0x03,  0x18,  0x06,  0x30,  0x0C,  0x70,
  0x30,  0xE0,  0x61,  0xE1,  0x83,  0xFF,  0x06,  0x78,
  0x0C,  0x00,  0x18,  0x00,  0x30,  0x00,  0x60,  0x00,
  0xC0,  0x01,  0x80,  0x00,  0x00,  0x00
};

const UCHAR abc_fontArialNarrow37h_03C2[  56] = { /* code 03C2 */
  0x00,  0x00,  0x00,  0x00,  0x00,  0x00,  0x00,  0x00,
  0x00,  0x00,  0x00,  0x00,  0x00,  0x00,  0x00,  0x00,
  0x00,  0x00,  0x00,  0x00,  0x3E,  0x0F,  0xF1,  0xC1,
  0x18,  0x03,  0x00,  0x30,  0x06,  0x00,  0x60,  0x06,
  0x00,  0x60,  0x06,  0x00,  0x60,  0x03,  0x00,  0x38,
  0x01,  0xC0,  0x0F,  0x00,  0x7C,  0x00,  0xE0,  0x06,
  0x00,  0x60,  0x0E,  0x0F,  0xC0,  0xF8,  0x00,  0x00
};

const UCHAR abc_fontArialNarrow37h_03C3[  79] = { /* code 03C3 */
  0x00,  0x00,  0x00,  0x00,  0x00,  0x00,  0x00,  0x00,
  0x00,  0x00,  0x00,  0x00,  0x00,  0x00,  0x00,  0x00,
  0x00,  0x00,  0x00,  0x00,  0x00,  0x00,  0x00,  0x00,
  0x00,  0x00,  0x00,  0x00,  0x7F,  0xFC,  0x7F,  0xFE,
  0x70,  0xF0,  0x60,  0x1C,  0x30,  0x0E,  0x30,  0x03,
  0x18,  0x01,  0x8C,  0x00,  0xC6,  0x00,  0x63,  0x00,
  0x31,  0x80,  0x18,  0xC0,  0x0C,  0x30,  0x0C,  0x18,
  0x06,  0x07,  0x0E,  0x01,  0xFE,  0x00,  0x7E,  0x00,
  0x00,  0x00,  0x00,  0x00,  0x00,  0x00,  0x00,  0x00,
  0x00,  0x00,  0x00,  0x00,  0x00,  0x00,  0x00
};

const UCHAR abc_fontArialNarrow37h_03C4[  47] = { /* code 03C4 */
  0x00,  0x00,  0x00,  0x00,  0x00,  0x00,  0x00,  0x00,
  0x00,  0x00,  0x00,  0x00,  0x00,  0x00,  0x00,  0x00,
  0x1F,  0xE7,  0xF8,  0x30,  0x0C,  0x03,  0x00,  0xC0,
  0x30,  0x0C,  0x03,  0x00,  0xC0,  0x30,  0x0C,  0x03,
  0x00,  0xC0,  0x30,  0x0C,  0x03,  0x00,  0x00,  0x00,
  0x00,  0x00,  0x00,  0x00,  0x00,  0x00,  0x00
};

const UCHAR abc_fontArialNarrow37h_03C5[  70] = { /* code 03C5 */
  0x00,  0x00,  0x00,  0x00,  0x00,  0x00,  0x00,  0x00,
  0x00,  0x00,  0x00,  0x00,  0x00,  0x00,  0x00,  0x00,
  0x00,  0x00,  0x00,  0x00,  0x00,  0x00,  0x00,  0x00,
  0x06,  0x03,  0x0C,  0x06,  0x18,  0x0C,  0x30,  0x18,
  0x60,  0x30,  0xC0,  0x61,  0x80,  0xC3,  0x01,  0x86,
  0x03,  0x0C,  0x06,  0x18,  0x0C,  0x30,  0x18,  0x60,
  0x30,  0x60,  0xC0,  0xE3,  0x80,  0xFE,  0x00,  0xF8,
  0x00,  0x00,  0x00,  0x00,  0x00,  0x00,  0x00,  0x00,
  0x00,  0x00,  0x00,  0x00,  0x00,  0x00
};

const UCHAR abc_fontArialNarrow37h_03C6[  79] = { /* code 03C6 */
  0x00,  0x00,  0x00,  0x00,  0x00,  0x00,  0x00,  0x00,
  0x00,  0x00,  0x00,  0x00,  0x00,  0x00,  0x00,  0x00,
  0x00,  0x00,  0x00,  0x00,  0x00,  0x00,  0x00,  0x00,
  0x00,  0x00,  0x00,  0x00,  0x67,  0xC0,  0x77,  0xF0,
  0x73,  0x1C,  0x31,  0x86,  0x30,  0xC1,  0x18,  0x60,
  0xCC,  0x30,  0x66,  0x18,  0x33,  0x0C,  0x19,  0x86,
  0x0C,  0xC3,  0x06,  0x71,  0x86,  0x18,  0xC3,  0x0E,
  0x63,  0x03,  0xB7,  0x00,  0xFF,  0x00,  0x3F,  0x00,
  0x06,  0x00,  0x03,  0x00,  0x01,  0x80,  0x00,  0xC0,
  0x00,  0x60,  0x00,  0x30,  0x00,  0x00,  0x00
};

const UCHAR abc_fontArialNarrow37h_03C7[  65] = { /* code 03C7 */
  0x00,  0x00,  0x00,  0x00,  0x00,  0x00,  0x00,  0x00,
  0x00,  0x00,  0x00,  0x00,  0x00,  0x00,  0x00,  0x00,
  0x00,  0x00,  0x00,  0x00,  0x00,  0x00,  0x03,  0x00,
  0x66,  0x03,  0x18,  0x0C,  0x30,  0x60,  0xC1,  0x81,
  0x8C,  0x06,  0x30,  0x0D,  0x80,  0x36,  0x00,  0xF8,
  0x01,  0xC0,  0x07,  0x00,  0x1C,  0x00,  0xF8,  0x03,
  0x60,  0x0D,  0x80,  0x63,  0x01,  0x8C,  0x0C,  0x18,
  0x30,  0x61,  0x80,  0xC6,  0x03,  0x30,  0x06,  0x00,
  0x00
};

const UCHAR abc_fontArialNarrow37h_03C8[  88] = { /* code 03C8 */
  0x00,  0x00,  0x00,  0x00,  0x00,  0x00,  0x00,  0x00,
  0x00,  0x00,  0x00,  0x00,  0x00,  0x00,  0x00,  0x00,
  0x00,  0x00,  0x00,  0x00,  0x00,  0x00,  0x00,  0x00,
  0x00,  0x00,  0x00,  0x00,  0x00,  0x00,  0x00,  0xC1,
  0x83,  0x18,  0x30,  0x63,  0x06,  0x0C,  0x60,  0xC1,
  0x8C,  0x18,  0x31,  0x83,  0x06,  0x30,  0x60,  0xC6,
  0x0C,  0x18,  0xC1,  0x83,  0x18,  0x30,  0x63,  0x06,
  0x0C,  0x60,  0xC1,  0x8E,  0x18,  0x70,  0xC3,  0x0C,
  0x1E,  0x67,  0x81,  0xFF,  0xE0,  0x0F,  0xF0,  0x00,
  0x30,  0x00,  0x06,  0x00,  0x00,  0xC0,  0x00,  0x18,
  0x00,  0x03,  0x00,  0x00,  0x60,  0x00,  0x00,  0x00
};

const UCHAR abc_fontArialNarrow37h_03C9[  93] = { /* code 03C9 */
  0x00,  0x00,  0x00,  0x00,  0x00,  0x00,  0x00,  0x00,
  0x00,  0x00,  0x00,  0x00,  0x00,  0x00,  0x00,  0x00,
  0x00,  0x00,  0x00,  0x00,  0x00,  0x00,  0x00,  0x00,
  0x00,  0x00,  0x00,  0x00,  0x00,  0x00,  0x00,  0x00,
  0x01,  0x80,  0x18,  0x30,  0x00,  0xC3,  0x00,  0x0C,
  0x30,  0x00,  0xC7,  0x06,  0x0E,  0x60,  0x60,  0x66,
  0x06,  0x06,  0x60,  0x60,  0x66,  0x06,  0x06,  0x60,
  0x60,  0x66,  0x06,  0x06,  0x60,  0x60,  0x67,  0x06,
  0x0E,  0x30,  0xF0,  0xC3,  0x9F,  0x9C,  0x1F,  0x9F,
  0x80,  0xF0,  0xF0,  0x00,  0x00,  0x00,  0x00,  0x00,
  0x00,  0x00,  0x00,  0x00,  0x00,  0x00,  0x00,  0x00,
  0x00,  0x00,  0x00,  0x00,  0x00
};

const UCHAR abc_fontArialNarrow37h_03CC[  70] = { /* code 03CC */
  0x00,  0x00,  0x00,  0x00,  0x00,  0x00,  0x00,  0x00,
  0x00,  0x00,  0x00,  0x00,  0x00,  0x00,  0x60,  0x01,
  0x80,  0x03,  0x00,  0x0C,  0x00,  0x00,  0x00,  0x00,
  0x00,  0xF8,  0x07,  0xFC,  0x0E,  0x38,  0x30,  0x18,
  0x60,  0x31,  0x80,  0x33,  0x00,  0x66,  0x00,  0xCC,
  0x01,  0x98,  0x03,  0x30,  0x06,  0x60,  0x0C,  0x60,
  0x30,  0xC0,  0x60,  0xE3,  0x80,  0xFF,  0x00,  0xF8,
  0x00,  0x00,  0x00,  0x00,  0x00,  0x00,  0x00,  0x00,
  0x00,  0x00,  0x00,  0x00,  0x00,  0x00
};

const UCHAR abc_fontArialNarrow37h_03CD[  84] = { /* code 03CD */
  0x00,  0x00,  0x00,  0x00,  0x00,  0x00,  0x00,  0x00,
  0x00,  0x00,  0x00,  0x00,  0x00,  0x00,  0x00,  0x00,
  0x01,  0xE0,  0x00,  0xF0,  0x00,  0x38,  0x00,  0x1C,
  0x00,  0x00,  0x00,  0x00,  0x00,  0x0E,  0x01,  0xC3,
  0x80,  0x70,  0xE0,  0x1C,  0x38,  0x07,  0x0E,  0x01,
  0xC3,  0x80,  0x70,  0xE0,  0x1C,  0x38,  0x07,  0x0E,
  0x01,  0xC3,  0x80,  0x70,  0xE0,  0x1C,  0x38,  0x07,
  0x0F,  0x03,  0xC1,  0xE1,  0xE0,  0x7F,  0xF8,  0x0F,
  0xFC,  0x00,  0xFC,  0x00,  0x00,  0x00,  0x00,  0x00,
  0x00,  0x00,  0x00,  0x00,  0x00,  0x00,  0x00,  0x00,
  0x00,  0x00,  0x00,  0x00
};

const UCHAR abc_fontArialNarrow37h_03CE[  93] = { /* code 03CE */
  0x00,  0x00,  0x00,  0x00,  0x00,  0x00,  0x00,  0x00,
  0x00,  0x00,  0x00,  0x00,  0x00,  0x00,  0x00,  0x00,
  0x00,  0x00,  0x03,  0x00,  0x00,  0x60,  0x00,  0x06,
  0x00,  0x00,  0xC0,  0x00,  0x00,  0x00,  0x00,  0x00,
  0x01,  0x80,  0x18,  0x30,  0x00,  0xC3,  0x00,  0x0C,
  0x30,  0x00,  0xC7,  0x06,  0x0E,  0x60,  0x60,  0x66,
  0x06,  0x06,  0x60,  0x60,  0x66,  0x06,  0x06,  0x60,
  0x60,  0x66,  0x06,  0x06,  0x60,  0x60,  0x67,  0x06,
  0x0E,  0x30,  0xF0,  0xC3,  0x9F,  0x9C,  0x1F,  0x9F,
  0x80,  0xF0,  0xF0,  0x00,  0x00,  0x00,  0x00,  0x00,
  0x00,  0x00,  0x00,  0x00,  0x00,  0x00,  0x00,  0x00,
  0x00,  0x00,  0x00,  0x00,  0x00
};

const UCHAR abc_fontArialNarrow37h_061F[  51] = { /* code 061F */
  0x00,  0x00,  0x00,  0x00,  0x00,  0x00,  0x00,  0x00,
  0x00,  0x00,  0x78,  0x38,  0x86,  0x19,  0xC7,  0x39,
  0xE7,  0xBC,  0xFB,  0x0F,  0x01,  0xF0,  0x1E,  0x00,
  0xC0,  0x08,  0x01,  0x00,  0x20,  0x00,  0x01,  0x80,
  0x78,  0x0F,  0x00,  0xC0,  0x00,  0x00,  0x00,  0x00,
  0x00,  0x00,  0x00,  0x00,  0x00,  0x00,  0x00,  0x00,
  0x00,  0x00,  0x00
};

const UCHAR abc_fontArialNarrow37h_0621[  61] = { /* code 0621 */
  0x00,  0x00,  0x00,  0x00,  0x00,  0x00,  0x00,  0x00,
  0x00,  0x00,  0x00,  0x00,  0x00,  0x00,  0x00,  0x00,
  0x00,  0x00,  0x00,  0x00,  0x00,  0x00,  0x00,  0x00,
  0x00,  0x70,  0x07,  0xC0,  0x7E,  0x06,  0x20,  0x20,
  0x03,  0x03,  0x1E,  0x78,  0xFF,  0x83,  0xF8,  0x0F,
  0x00,  0x60,  0x02,  0x00,  0x00,  0x00,  0x00,  0x00,
  0x00,  0x00,  0x00,  0x00,  0x00,  0x00,  0x00,  0x00,
  0x00,  0x00,  0x00,  0x00,  0x00
};

const UCHAR abc_fontArialNarrow37h_0623[  33] = { /* code 0623 */
  0x00,  0x00,  0x61,  0x43,  0x03,  0x88,  0x04,  0x18,
  0x30,  0xE0,  0xC1,  0x83,  0x06,  0x0E,  0x1C,  0x38,
  0x30,  0x60,  0xC1,  0x83,  0x06,  0x08,  0x10,  0x00,
  0x00,  0x00,  0x00,  0x00,  0x00,  0x00,  0x00,  0x00,
  0x00
};

const UCHAR abc_fontArialNarrow37h_0625[  33] = { /* code 0625 */
  0x00,  0x00,  0x00,  0x00,  0x00,  0x00,  0x04,  0x18,
  0x30,  0xE0,  0xC1,  0x83,  0x06,  0x0E,  0x1C,  0x38,
  0x30,  0x60,  0xC1,  0x83,  0x06,  0x08,  0x10,  0x00,
  0x03,  0x0A,  0x18,  0x1C,  0x40,  0x00,  0x00,  0x00,
  0x00
};

const UCHAR abc_fontArialNarrow37h_0626[  93] = { /* code 0626 */
  0x00,  0x00,  0x00,  0x00,  0x00,  0x00,  0x00,  0x00,
  0x00,  0x00,  0x00,  0x00,  0x00,  0x00,  0x00,  0x00,
  0x00,  0x00,  0x00,  0x00,  0x00,  0x00,  0x00,  0x00,
  0x00,  0x00,  0x00,  0x00,  0x00,  0x00,  0x18,  0x00,
  0x02,  0x00,  0x00,  0x30,  0x00,  0x01,  0x80,  0x1C,
  0x20,  0x07,  0xE0,  0x00,  0x7E,  0x00,  0x0C,  0x21,
  0x01,  0x00,  0x20,  0x20,  0x02,  0x02,  0x00,  0x40,
  0x3F,  0xC4,  0x03,  0xFC,  0x40,  0x1F,  0xC4,  0x00,
  0x0C,  0x60,  0x03,  0x87,  0x01,  0xF8,  0x7F,  0xFF,
  0x03,  0xFF,  0xC0,  0x1F,  0xE0,  0x00,  0x00,  0x00,
  0x00,  0x00,  0x00,  0x00,  0x00,  0x00,  0x00,  0x00,
  0x00,  0x00,  0x00,  0x00,  0x00
};

const UCHAR abc_fontArialNarrow37h_0627[  33] = { /* code 0627 */
  0x00,  0x00,  0x00,  0x00,  0x00,  0x00,  0x04,  0x18,
  0x30,  0x60,  0xC1,  0x83,  0x06,  0x0E,  0x1C,  0x38,
  0x30,  0x60,  0xC1,  0x83,  0x06,  0x08,  0x10,  0x00,
  0x00,  0x00,  0x00,  0x00,  0x00,  0x00,  0x00,  0x00,
  0x00
};

const UCHAR abc_fontArialNarrow37h_0628[ 107] = { /* code 0628 */
  0x00,  0x00,  0x00,  0x00,  0x00,  0x00,  0x00,  0x00,
  0x00,  0x00,  0x00,  0x00,  0x00,  0x00,  0x00,  0x00,
  0x00,  0x00,  0x00,  0x00,  0x00,  0x00,  0x00,  0x00,
  0x00,  0x00,  0x00,  0x00,  0x00,  0x00,  0x00,  0x00,
  0x00,  0x00,  0x00,  0x00,  0x00,  0x00,  0x00,  0x00,
  0x00,  0x00,  0x00,  0x10,  0x00,  0x02,  0x40,  0x00,
  0x04,  0x80,  0x00,  0x1D,  0x00,  0x00,  0x1A,  0x00,
  0x00,  0x16,  0x00,  0x00,  0x2F,  0x00,  0x00,  0x4F,
  0xFF,  0xFF,  0x8F,  0xFF,  0xFF,  0x0F,  0xFF,  0xFE,
  0x00,  0x00,  0x00,  0x00,  0x00,  0x00,  0x00,  0x80,
  0x00,  0x01,  0xC0,  0x00,  0x07,  0x00,  0x00,  0x02,
  0x00,  0x00,  0x00,  0x00,  0x00,  0x00,  0x00,  0x00,
  0x00,  0x00,  0x00,  0x00,  0x00,  0x00,  0x00,  0x00,
  0x00,  0x00,  0x00
};

const UCHAR abc_fontArialNarrow37h_0629[  42] = { /* code 0629 */
  0x00,  0x00,  0x00,  0x00,  0x00,  0x00,  0x00,  0x00,
  0x00,  0x00,  0x02,  0x11,  0xCF,  0xCE,  0x21,  0x00,
  0x40,  0x38,  0x1E,  0x1F,  0x89,  0xC4,  0x66,  0x33,
  0x39,  0xFC,  0xFC,  0x3C,  0x00,  0x00,  0x00,  0x00,
  0x00,  0x00,  0x00,  0x00,  0x00,  0x00,  0x00,  0x00,
  0x00,  0x00
};

const UCHAR abc_fontArialNarrow37h_062A[ 107] = { /* code 062A */
  0x00,  0x00,  0x00,  0x00,  0x00,  0x00,  0x00,  0x00,
  0x00,  0x00,  0x00,  0x00,  0x00,  0x00,  0x00,  0x00,
  0x00,  0x00,  0x00,  0x00,  0x00,  0x00,  0x00,  0x00,
  0x00,  0x00,  0x00,  0x08,  0x00,  0x01,  0x1C,  0x00,
  0x03,  0xF0,  0x00,  0x0E,  0x20,  0x00,  0x04,  0x00,
  0x00,  0x00,  0x00,  0x10,  0x00,  0x02,  0x40,  0x00,
  0x04,  0x80,  0x00,  0x1D,  0x00,  0x00,  0x1A,  0x00,
  0x00,  0x16,  0x00,  0x00,  0x2F,  0x00,  0x00,  0x4F,
  0xFF,  0xFF,  0x8F,  0xFF,  0xFF,  0x0F,  0xFF,  0xFE,
  0x00,  0x00,  0x00,  0x00,  0x00,  0x00,  0x00,  0x00,
  0x00,  0x00,  0x00,  0x00,  0x00,  0x00,  0x00,  0x00,
  0x00,  0x00,  0x00,  0x00,  0x00,  0x00,  0x00,  0x00,
  0x00,  0x00,  0x00,  0x00,  0x00,  0x00,  0x00,  0x00,
  0x00,  0x00,  0x00
};

const UCHAR abc_fontArialNarrow37h_062B[ 107] = { /* code 062B */
  0x00,  0x00,  0x00,  0x00,  0x00,  0x00,  0x00,  0x00,
  0x00,  0x00,  0x00,  0x00,  0x00,  0x00,  0x00,  0x00,
  0x00,  0x00,  0x08,  0x00,  0x00,  0x1C,  0x00,  0x00,
  0x70,  0x00,  0x00,  0x28,  0x00,  0x00,  0x3C,  0x00,
  0x02,  0x70,  0x00,  0x07,  0x20,  0x00,  0x1C,  0x00,
  0x00,  0x08,  0x00,  0x10,  0x00,  0x02,  0x40,  0x00,
  0x04,  0x80,  0x00,  0x1D,  0x00,  0x00,  0x1A,  0x00,
  0x00,  0x16,  0x00,  0x00,  0x2F,  0x00,  0x00,  0x4F,
  0xFF,  0xFF,  0x8F,  0xFF,  0xFF,  0x0F,  0xFF,  0xFE,
  0x00,  0x00,  0x00,  0x00,  0x00,  0x00,  0x00,  0x00,
  0x00,  0x00,  0x00,  0x00,  0x00,  0x00,  0x00,  0x00,
  0x00,  0x00,  0x00,  0x00,  0x00,  0x00,  0x00,  0x00,
  0x00,  0x00,  0x00,  0x00,  0x00,  0x00,  0x00,  0x00,
  0x00,  0x00,  0x00
};

const UCHAR abc_fontArialNarrow37h_062C[  84] = { /* code 062C */
  0x00,  0x00,  0x00,  0x00,  0x00,  0x00,  0x00,  0x00,
  0x00,  0x00,  0x00,  0x00,  0x00,  0x00,  0x00,  0x00,
  0x00,  0x00,  0x00,  0x00,  0x00,  0x00,  0x00,  0x00,
  0x00,  0x00,  0x00,  0x00,  0x00,  0x00,  0x00,  0x00,
  0x00,  0x00,  0x00,  0x00,  0x1F,  0xFF,  0x0F,  0xFF,
  0xC7,  0xFF,  0xF1,  0x07,  0xE0,  0x07,  0x80,  0x03,
  0x00,  0x01,  0x80,  0x00,  0x80,  0x00,  0x20,  0x40,
  0x10,  0x1C,  0x04,  0x0E,  0x01,  0x00,  0x80,  0x40,
  0x00,  0x18,  0x00,  0x07,  0x00,  0x00,  0xE0,  0x00,
  0x3F,  0x00,  0x07,  0xFF,  0xE0,  0xFF,  0xE0,  0x07,
  0xF0,  0x00,  0x00,  0x00
};

const UCHAR abc_fontArialNarrow37h_062E[  84] = { /* code 062E */
  0x00,  0x00,  0x00,  0x00,  0x00,  0x00,  0x00,  0x00,
  0x00,  0x00,  0x00,  0x00,  0x00,  0x00,  0x00,  0x00,
  0x00,  0x00,  0x00,  0x00,  0x00,  0x40,  0x00,  0x1C,
  0x00,  0x0E,  0x00,  0x00,  0x80,  0x00,  0x00,  0x00,
  0x00,  0x00,  0x00,  0x00,  0x1F,  0xFF,  0x0F,  0xFF,
  0xC7,  0xFF,  0xF1,  0x07,  0xE0,  0x07,  0x80,  0x03,
  0x00,  0x01,  0x80,  0x00,  0x80,  0x00,  0x20,  0x00,
  0x10,  0x00,  0x04,  0x00,  0x01,  0x00,  0x00,  0x40,
  0x00,  0x18,  0x00,  0x07,  0x00,  0x00,  0xE0,  0x00,
  0x3F,  0x00,  0x07,  0xFF,  0xE0,  0xFF,  0xE0,  0x07,
  0xF0,  0x00,  0x00,  0x00
};

const UCHAR abc_fontArialNarrow37h_062F[  51] = { /* code 062F */
  0x00,  0x00,  0x00,  0x00,  0x00,  0x00,  0x00,  0x00,
  0x00,  0x00,  0x00,  0x00,  0x00,  0x00,  0x00,  0x00,
  0x00,  0x20,  0x07,  0x00,  0xE0,  0x0E,  0x00,  0xC0,
  0x0C,  0x00,  0x80,  0x10,  0x02,  0x40,  0x4F,  0xF9,
  0xFF,  0x3F,  0xE0,  0x00,  0x00,  0x00,  0x00,  0x00,
  0x00,  0x00,  0x00,  0x00,  0x00,  0x00,  0x00,  0x00,
  0x00,  0x00,  0x00
};

const UCHAR abc_fontArialNarrow37h_0630[  51] = { /* code 0630 */
  0x00,  0x00,  0x00,  0x00,  0x00,  0x00,  0x00,  0x20,
  0x07,  0x01,  0xC0,  0x08,  0x00,  0x00,  0x00,  0x00,
  0x00,  0x20,  0x07,  0x00,  0xE0,  0x0E,  0x00,  0xC0,
  0x0C,  0x00,  0x80,  0x10,  0x02,  0x40,  0x4F,  0xF9,
  0xFF,  0x3F,  0xE0,  0x00,  0x00,  0x00,  0x00,  0x00,
  0x00,  0x00,  0x00,  0x00,  0x00,  0x00,  0x00,  0x00,
  0x00,  0x00,  0x00
};

const UCHAR abc_fontArialNarrow37h_0631[  74] = { /* code 0631 */
  0x00,  0x00,  0x00,  0x00,  0x00,  0x00,  0x00,  0x00,
  0x00,  0x00,  0x00,  0x00,  0x00,  0x00,  0x00,  0x00,
  0x00,  0x00,  0x00,  0x00,  0x00,  0x00,  0x00,  0x00,
  0x00,  0x00,  0x00,  0x00,  0x00,  0x00,  0x00,  0x00,
  0x00,  0x04,  0x00,  0x06,  0x00,  0x06,  0x00,  0x07,
  0x00,  0x03,  0x00,  0x01,  0x00,  0x01,  0x00,  0x01,
  0x00,  0x01,  0x00,  0x03,  0x00,  0x03,  0x00,  0x06,
  0x00,  0x0E,  0x00,  0x3C,  0x60,  0xF8,  0x1F,  0xF0,
  0x07,  0xC0,  0x00,  0x00,  0x00,  0x00,  0x00,  0x00,
  0x00,  0x00
};

const UCHAR abc_fontArialNarrow37h_0632[  74] = { /* code 0632 */
  0x00,  0x00,  0x00,  0x00,  0x00,  0x00,  0x00,  0x00,
  0x00,  0x00,  0x00,  0x00,  0x00,  0x00,  0x00,  0x00,
  0x00,  0x00,  0x00,  0x20,  0x00,  0x38,  0x00,  0x70,
  0x00,  0x10,  0x00,  0x00,  0x00,  0x00,  0x00,  0x00,
  0x00,  0x04,  0x00,  0x06,  0x00,  0x06,  0x00,  0x07,
  0x00,  0x03,  0x00,  0x01,  0x00,  0x01,  0x00,  0x01,
  0x00,  0x01,  0x00,  0x03,  0x00,  0x03,  0x00,  0x06,
  0x00,  0x0E,  0x00,  0x3C,  0x60,  0xF8,  0x1F,  0xF0,
  0x07,  0xC0,  0x00,  0x00,  0x00,  0x00,  0x00,  0x00,
  0x00,  0x00
};

const UCHAR abc_fontArialNarrow37h_0633[ 121] = { /* code 0633 */
  0x00,  0x00,  0x00,  0x00,  0x00,  0x00,  0x00,  0x00,
  0x00,  0x00,  0x00,  0x00,  0x00,  0x00,  0x00,  0x00,
  0x00,  0x00,  0x00,  0x00,  0x00,  0x00,  0x00,  0x00,
  0x00,  0x00,  0x00,  0x00,  0x00,  0x00,  0x00,  0x00,
  0x00,  0x00,  0x00,  0x00,  0x00,  0x00,  0x00,  0x00,
  0x00,  0x00,  0x00,  0x00,  0x00,  0x00,  0x00,  0x00,
  0x00,  0x00,  0x00,  0x00,  0x00,  0x01,  0x00,  0x80,
  0x00,  0x41,  0x20,  0x00,  0x38,  0x4C,  0x40,  0x0E,
  0x11,  0x20,  0x01,  0x84,  0x48,  0x00,  0x21,  0x94,
  0x00,  0x0F,  0xFD,  0x00,  0x03,  0xFF,  0x40,  0x00,
  0xF9,  0xD0,  0x00,  0x20,  0x04,  0x00,  0x18,  0x01,
  0x80,  0x0C,  0x00,  0x70,  0x1F,  0x00,  0x0F,  0xFF,
  0x80,  0x03,  0xFF,  0xC0,  0x00,  0x3F,  0xC0,  0x00,
  0x00,  0x00,  0x00,  0x00,  0x00,  0x00,  0x00,  0x00,
  0x00,  0x00,  0x00,  0x00,  0x00,  0x00,  0x00,  0x00,
  0x00
};

const UCHAR abc_fontArialNarrow37h_0634[ 121] = { /* code 0634 */
  0x00,  0x00,  0x00,  0x00,  0x00,  0x00,  0x00,  0x00,
  0x00,  0x00,  0x00,  0x00,  0x00,  0x00,  0x00,  0x00,
  0x00,  0x00,  0x00,  0x00,  0x00,  0x01,  0x00,  0x00,
  0x00,  0x70,  0x00,  0x00,  0x38,  0x00,  0x00,  0x02,
  0x80,  0x00,  0x00,  0x78,  0x00,  0x00,  0x9C,  0x00,
  0x00,  0x39,  0x00,  0x00,  0x1C,  0x00,  0x00,  0x01,
  0x00,  0x00,  0x00,  0x00,  0x00,  0x01,  0x00,  0x80,
  0x00,  0x41,  0x20,  0x00,  0x38,  0x4C,  0x40,  0x0E,
  0x11,  0x20,  0x01,  0x84,  0x48,  0x00,  0x21,  0x94,
  0x00,  0x0F,  0xFD,  0x00,  0x03,  0xFF,  0x40,  0x00,
  0xF9,  0xD0,  0x00,  0x20,  0x04,  0x00,  0x18,  0x01,
  0x80,  0x0C,  0x00,  0x70,  0x1F,  0x00,  0x0F,  0xFF,
  0x80,  0x03,  0xFF,  0xC0,  0x00,  0x3F,  0xC0,  0x00,
  0x00,  0x00,  0x00,  0x00,  0x00,  0x00,  0x00,  0x00,
  0x00,  0x00,  0x00,  0x00,  0x00,  0x00,  0x00,  0x00,
  0x00
};

const UCHAR abc_fontArialNarrow37h_0635[ 162] = { /* code 0635 */
  0x00,  0x00,  0x00,  0x00,  0x00,  0x00,  0x00,  0x00,
  0x00,  0x00,  0x00,  0x00,  0x00,  0x00,  0x00,  0x00,
  0x00,  0x00,  0x00,  0x00,  0x00,  0x00,  0x00,  0x00,
  0x00,  0x00,  0x00,  0x00,  0x00,  0x00,  0x00,  0x00,
  0x00,  0x00,  0x00,  0x00,  0x00,  0x00,  0x00,  0x00,
  0x00,  0x00,  0x00,  0x00,  0x00,  0x00,  0x00,  0x00,
  0x00,  0x00,  0x00,  0x00,  0x00,  0x00,  0x00,  0x00,
  0x00,  0x00,  0x00,  0x00,  0x00,  0x00,  0x00,  0x00,
  0x00,  0x00,  0x00,  0x00,  0x00,  0x00,  0x00,  0x01,
  0x00,  0x0F,  0x80,  0x00,  0x20,  0x07,  0xF8,  0x00,
  0x0E,  0x01,  0xFF,  0x88,  0x01,  0xC0,  0x70,  0x72,
  0x00,  0x18,  0x38,  0x06,  0x40,  0x01,  0x1C,  0x01,
  0xD0,  0x00,  0x3F,  0xFF,  0xFA,  0x00,  0x07,  0xFF,
  0xFF,  0x40,  0x00,  0xFF,  0xFF,  0xE8,  0x00,  0x10,
  0x00,  0x01,  0x00,  0x06,  0x00,  0x00,  0x30,  0x01,
  0x80,  0x00,  0x07,  0x01,  0xF0,  0x00,  0x00,  0x7F,
  0xFC,  0x00,  0x00,  0x0F,  0xFF,  0x00,  0x00,  0x00,
  0x7F,  0x80,  0x00,  0x00,  0x00,  0x00,  0x00,  0x00,
  0x00,  0x00,  0x00,  0x00,  0x00,  0x00,  0x00,  0x00,
  0x00,  0x00,  0x00,  0x00,  0x00,  0x00,  0x00,  0x00,
  0x00,  0x00
};

const UCHAR abc_fontArialNarrow37h_0636[ 162] = { /* code 0636 */
  0x00,  0x00,  0x00,  0x00,  0x00,  0x00,  0x00,  0x00,
  0x00,  0x00,  0x00,  0x00,  0x00,  0x00,  0x00,  0x00,
  0x00,  0x00,  0x00,  0x00,  0x00,  0x00,  0x00,  0x00,
  0x00,  0x00,  0x00,  0x00,  0x00,  0x00,  0x00,  0x00,
  0x00,  0x00,  0x00,  0x00,  0x00,  0x00,  0x00,  0x00,
  0x00,  0x00,  0x00,  0x00,  0x00,  0x00,  0x08,  0x00,
  0x00,  0x00,  0x01,  0xC0,  0x00,  0x00,  0x00,  0x70,
  0x00,  0x00,  0x00,  0x02,  0x00,  0x00,  0x00,  0x00,
  0x00,  0x00,  0x00,  0x00,  0x00,  0x00,  0x00,  0x01,
  0x00,  0x0F,  0x80,  0x00,  0x20,  0x07,  0xF8,  0x00,
  0x0E,  0x01,  0xFF,  0x88,  0x01,  0xC0,  0x70,  0x72,
  0x00,  0x18,  0x38,  0x06,  0x40,  0x01,  0x1C,  0x01,
  0xD0,  0x00,  0x3F,  0xFF,  0xFA,  0x00,  0x07,  0xFF,
  0xFF,  0x40,  0x00,  0xFF,  0xFF,  0xE8,  0x00,  0x10,
  0x00,  0x01,  0x00,  0x06,  0x00,  0x00,  0x30,  0x01,
  0x80,  0x00,  0x07,  0x01,  0xF0,  0x00,  0x00,  0x7F,
  0xFC,  0x00,  0x00,  0x0F,  0xFF,  0x00,  0x00,  0x00,
  0x7F,  0x80,  0x00,  0x00,  0x00,  0x00,  0x00,  0x00,
  0x00,  0x00,  0x00,  0x00,  0x00,  0x00,  0x00,  0x00,
  0x00,  0x00,  0x00,  0x00,  0x00,  0x00,  0x00,  0x00,
  0x00,  0x00
};

const UCHAR abc_fontArialNarrow37h_0637[  93] = { /* code 0637 */
  0x00,  0x00,  0x00,  0x00,  0x00,  0x00,  0x00,  0x00,
  0x00,  0x00,  0x00,  0x00,  0x00,  0x20,  0x00,  0x02,
  0x00,  0x00,  0x38,  0x00,  0x03,  0x80,  0x00,  0x18,
  0x00,  0x01,  0x00,  0x00,  0x10,  0x00,  0x00,  0x80,
  0x00,  0x08,  0x00,  0x00,  0x80,  0x00,  0x08,  0x00,
  0x00,  0x83,  0xC0,  0x09,  0xFE,  0x00,  0xBF,  0xF0,
  0x0F,  0x07,  0x01,  0xC0,  0x30,  0x70,  0x07,  0xFF,
  0xFF,  0xFF,  0xFF,  0xFF,  0xFF,  0xFF,  0xF0,  0x00,
  0x00,  0x00,  0x00,  0x00,  0x00,  0x00,  0x00,  0x00,
  0x00,  0x00,  0x00,  0x00,  0x00,  0x00,  0x00,  0x00,
  0x00,  0x00,  0x00,  0x00,  0x00,  0x00,  0x00,  0x00,
  0x00,  0x00,  0x00,  0x00,  0x00
};

const UCHAR abc_fontArialNarrow37h_0638[  93] = { /* code 0638 */
  0x00,  0x00,  0x00,  0x00,  0x00,  0x00,  0x00,  0x00,
  0x00,  0x00,  0x00,  0x00,  0x00,  0x20,  0x00,  0x02,
  0x00,  0x00,  0x38,  0x00,  0x03,  0x80,  0x00,  0x18,
  0x80,  0x01,  0x0E,  0x00,  0x11,  0xC0,  0x00,  0x84,
  0x00,  0x08,  0x00,  0x00,  0x80,  0x00,  0x08,  0x00,
  0x00,  0x83,  0xC0,  0x09,  0xFE,  0x00,  0xBF,  0xF0,
  0x0F,  0x07,  0x01,  0xC0,  0x30,  0x70,  0x07,  0xFF,
  0xFF,  0xFF,  0xFF,  0xFF,  0xFF,  0xFF,  0xF0,  0x00,
  0x00,  0x00,  0x00,  0x00,  0x00,  0x00,  0x00,  0x00,
  0x00,  0x00,  0x00,  0x00,  0x00,  0x00,  0x00,  0x00,
  0x00,  0x00,  0x00,  0x00,  0x00,  0x00,  0x00,  0x00,
  0x00,  0x00,  0x00,  0x00,  0x00
};

const UCHAR abc_fontArialNarrow37h_0639[  79] = { /* code 0639 */
  0x00,  0x00,  0x00,  0x00,  0x00,  0x00,  0x00,  0x00,
  0x00,  0x00,  0x00,  0x00,  0x00,  0x00,  0x00,  0x00,
  0x00,  0x00,  0x00,  0x00,  0x00,  0x03,  0xC0,  0x03,
  0xF0,  0x03,  0xFC,  0x01,  0xC0,  0x01,  0x80,  0x00,
  0x80,  0x00,  0x40,  0x08,  0x30,  0x3C,  0x1E,  0x3C,
  0x07,  0xFC,  0x03,  0xF8,  0x00,  0xF0,  0x00,  0x20,
  0x00,  0x20,  0x00,  0x20,  0x00,  0x10,  0x00,  0x10,
  0x00,  0x08,  0x00,  0x04,  0x00,  0x02,  0x00,  0x01,
  0x80,  0x00,  0xE0,  0x00,  0x3E,  0x00,  0x1F,  0xFF,
  0x83,  0xFF,  0x00,  0x7F,  0x00,  0x00,  0x00
};

const UCHAR abc_fontArialNarrow37h_063A[  79] = { /* code 063A */
  0x00,  0x00,  0x00,  0x00,  0x00,  0x00,  0x00,  0x00,
  0x00,  0x00,  0x00,  0x00,  0x00,  0x10,  0x00,  0x0E,
  0x00,  0x0E,  0x00,  0x01,  0x00,  0x03,  0xC0,  0x03,
  0xF0,  0x03,  0xFC,  0x01,  0xC0,  0x01,  0x80,  0x00,
  0x80,  0x00,  0x40,  0x08,  0x30,  0x3C,  0x1E,  0x3C,
  0x07,  0xFC,  0x03,  0xF8,  0x00,  0xF0,  0x00,  0x20,
  0x00,  0x20,  0x00,  0x20,  0x00,  0x10,  0x00,  0x10,
  0x00,  0x08,  0x00,  0x04,  0x00,  0x02,  0x00,  0x01,
  0x80,  0x00,  0xE0,  0x00,  0x3E,  0x00,  0x1F,  0xFF,
  0x83,  0xFF,  0x00,  0x7F,  0x00,  0x00,  0x00
};

const UCHAR abc_fontArialNarrow37h_0641[ 116] = { /* code 0641 */
  0x00,  0x00,  0x00,  0x00,  0x00,  0x00,  0x00,  0x00,
  0x00,  0x00,  0x00,  0x00,  0x00,  0x00,  0x00,  0x00,
  0x00,  0x00,  0x00,  0x00,  0x00,  0x00,  0x00,  0x00,
  0x20,  0x00,  0x00,  0x1C,  0x00,  0x00,  0x1C,  0x00,
  0x00,  0x02,  0x00,  0x00,  0x00,  0x00,  0x00,  0x00,
  0x00,  0x00,  0x00,  0x00,  0x00,  0x00,  0x00,  0x40,
  0x00,  0x0E,  0x40,  0x00,  0x0F,  0x20,  0x00,  0x0F,
  0xD0,  0x00,  0x06,  0x68,  0x00,  0x03,  0x36,  0x00,
  0x01,  0xFB,  0xC0,  0x00,  0x3C,  0xFF,  0xFF,  0xFE,
  0x3F,  0xFF,  0xFF,  0x07,  0xFF,  0xFF,  0x80,  0x00,
  0x00,  0x00,  0x00,  0x00,  0x00,  0x00,  0x00,  0x00,
  0x00,  0x00,  0x00,  0x00,  0x00,  0x00,  0x00,  0x00,
  0x00,  0x00,  0x00,  0x00,  0x00,  0x00,  0x00,  0x00,
  0x00,  0x00,  0x00,  0x00,  0x00,  0x00,  0x00,  0x00,
  0x00,  0x00,  0x00,  0x00
};

const UCHAR abc_fontArialNarrow37h_0642[  88] = { /* code 0642 */
  0x00,  0x00,  0x00,  0x00,  0x00,  0x00,  0x00,  0x00,
  0x00,  0x00,  0x00,  0x00,  0x00,  0x00,  0x00,  0x00,
  0x00,  0x00,  0x10,  0x00,  0x23,  0x80,  0x07,  0xE0,
  0x01,  0xC4,  0x00,  0x08,  0x00,  0x00,  0x00,  0x00,
  0x00,  0x00,  0x00,  0x00,  0x00,  0x38,  0x00,  0x0F,
  0x80,  0x01,  0xF8,  0x00,  0x63,  0x10,  0x0C,  0x72,
  0x01,  0xFE,  0x80,  0x3F,  0xD0,  0x03,  0xEA,  0x00,
  0x01,  0x40,  0x00,  0x28,  0x00,  0x05,  0x00,  0x01,
  0xB0,  0x00,  0x77,  0x80,  0x7C,  0x7F,  0xFF,  0x07,
  0xFF,  0xC0,  0x3F,  0xC0,  0x00,  0x00,  0x00,  0x00,
  0x00,  0x00,  0x00,  0x00,  0x00,  0x00,  0x00,  0x00
};

const UCHAR abc_fontArialNarrow37h_0643[  88] = { /* code 0643 */
  0x00,  0x00,  0x00,  0x00,  0x00,  0x00,  0x00,  0x00,
  0x00,  0x00,  0x00,  0x00,  0x00,  0x04,  0x00,  0x00,
  0xE0,  0x00,  0x1E,  0x00,  0x03,  0xC0,  0x00,  0x38,
  0x00,  0x46,  0x00,  0x38,  0xC0,  0x0C,  0x08,  0x01,
  0x01,  0x80,  0x7E,  0x30,  0x0F,  0xC6,  0x20,  0x18,
  0xC8,  0x06,  0x19,  0x1F,  0x83,  0x20,  0x00,  0x34,
  0x00,  0x06,  0xE0,  0x00,  0xDF,  0xFF,  0xF9,  0xFF,
  0xFF,  0x0F,  0xFF,  0xE0,  0x00,  0x00,  0x00,  0x00,
  0x00,  0x00,  0x00,  0x00,  0x00,  0x00,  0x00,  0x00,
  0x00,  0x00,  0x00,  0x00,  0x00,  0x00,  0x00,  0x00,
  0x00,  0x00,  0x00,  0x00,  0x00,  0x00,  0x00,  0x00
};

const UCHAR abc_fontArialNarrow37h_0644[  74] = { /* code 0644 */
  0x00,  0x00,  0x00,  0x00,  0x00,  0x00,  0x00,  0x00,
  0x00,  0x00,  0x00,  0x10,  0x00,  0x1C,  0x00,  0x1E,
  0x00,  0x1E,  0x00,  0x0E,  0x00,  0x0C,  0x00,  0x04,
  0x00,  0x04,  0x00,  0x06,  0x00,  0x06,  0x00,  0x02,
  0x08,  0x02,  0x10,  0x02,  0x20,  0x03,  0x20,  0x03,
  0x40,  0x01,  0x40,  0x01,  0x40,  0x01,  0x40,  0x01,
  0x40,  0x01,  0x60,  0x03,  0x70,  0x1E,  0x3F,  0xFE,
  0x3F,  0xFC,  0x0F,  0xF0,  0x00,  0x00,  0x00,  0x00,
  0x00,  0x00,  0x00,  0x00,  0x00,  0x00,  0x00,  0x00,
  0x00,  0x00
};

const UCHAR abc_fontArialNarrow37h_0645[  51] = { /* code 0645 */
  0x00,  0x00,  0x00,  0x00,  0x00,  0x00,  0x00,  0x00,
  0x00,  0x00,  0x00,  0x00,  0x00,  0x00,  0x00,  0x00,
  0x00,  0x00,  0x00,  0x00,  0x00,  0x00,  0x00,  0x00,
  0x60,  0x1E,  0x07,  0xE0,  0x8C,  0x00,  0xC1,  0xF8,
  0xFF,  0x3F,  0xEF,  0x01,  0x80,  0x30,  0x06,  0x00,
  0x40,  0x0C,  0x01,  0x80,  0x30,  0x02,  0x00,  0x40,
  0x08,  0x00,  0x00
};

const UCHAR abc_fontArialNarrow37h_0646[  79] = { /* code 0646 */
  0x00,  0x00,  0x00,  0x00,  0x00,  0x00,  0x00,  0x00,
  0x00,  0x00,  0x00,  0x00,  0x00,  0x00,  0x00,  0x00,
  0x00,  0x00,  0x00,  0x00,  0x00,  0x00,  0x00,  0x00,
  0x10,  0x00,  0x0E,  0x00,  0x0E,  0x00,  0x01,  0x00,
  0x00,  0x00,  0x00,  0x01,  0x00,  0x00,  0x80,  0x00,
  0xE2,  0x00,  0x72,  0x00,  0x19,  0x00,  0x05,  0x00,
  0x02,  0x80,  0x01,  0x40,  0x00,  0xA0,  0x00,  0x50,
  0x00,  0x6C,  0x00,  0x77,  0x01,  0xF1,  0xFF,  0xF8,
  0xFF,  0xF8,  0x1F,  0xE0,  0x00,  0x00,  0x00,  0x00,
  0x00,  0x00,  0x00,  0x00,  0x00,  0x00,  0x00
};

const UCHAR abc_fontArialNarrow37h_0647[  42] = { /* code 0647 */
  0x00,  0x00,  0x00,  0x00,  0x00,  0x00,  0x00,  0x00,
  0x00,  0x00,  0x00,  0x00,  0x00,  0x00,  0x00,  0x00,
  0x40,  0x38,  0x1E,  0x0F,  0x89,  0xC4,  0x66,  0x33,
  0x39,  0xFC,  0xFC,  0x3C,  0x00,  0x00,  0x00,  0x00,
  0x00,  0x00,  0x00,  0x00,  0x00,  0x00,  0x00,  0x00,
  0x00,  0x00
};

const UCHAR abc_fontArialNarrow37h_0648[  65] = { /* code 0648 */
  0x00,  0x00,  0x00,  0x00,  0x00,  0x00,  0x00,  0x00,
  0x00,  0x00,  0x00,  0x00,  0x00,  0x00,  0x00,  0x00,
  0x00,  0x00,  0x00,  0x00,  0x00,  0x00,  0x00,  0x00,
  0x00,  0x00,  0x00,  0x00,  0x00,  0x38,  0x01,  0xE0,
  0x07,  0xC0,  0x33,  0x00,  0xC4,  0x03,  0x90,  0x0F,
  0xC0,  0x1F,  0x00,  0x3C,  0x00,  0x10,  0x00,  0xC0,
  0x06,  0x00,  0x38,  0x01,  0xC6,  0x1F,  0x07,  0xF8,
  0x07,  0x80,  0x00,  0x00,  0x00,  0x00,  0x00,  0x00,
  0x00
};

const UCHAR abc_fontArialNarrow37h_0649[  93] = { /* code 0649 */
  0x00,  0x00,  0x00,  0x00,  0x00,  0x00,  0x00,  0x00,
  0x00,  0x00,  0x00,  0x00,  0x00,  0x00,  0x00,  0x00,
  0x00,  0x00,  0x00,  0x00,  0x00,  0x00,  0x00,  0x00,
  0x00,  0x00,  0x00,  0x00,  0x00,  0x00,  0x00,  0x00,
  0x00,  0x00,  0x00,  0x00,  0x00,  0x00,  0x00,  0x1C,
  0x00,  0x07,  0xE0,  0x00,  0x7E,  0x00,  0x0C,  0x21,
  0x01,  0x00,  0x20,  0x20,  0x02,  0x02,  0x00,  0x40,
  0x3F,  0xC4,  0x03,  0xFC,  0x40,  0x1F,  0xC4,  0x00,
  0x0C,  0x60,  0x03,  0x87,  0x01,  0xF8,  0x7F,  0xFF,
  0x03,  0xFF,  0xC0,  0x1F,  0xE0,  0x00,  0x00,  0x00,
  0x00,  0x00,  0x00,  0x00,  0x00,  0x00,  0x00,  0x00,
  0x00,  0x00,  0x00,  0x00,  0x00
};

const UCHAR abc_fontArialNarrow37h_064A[  93] = { /* code 064A */
  0x00,  0x00,  0x00,  0x00,  0x00,  0x00,  0x00,  0x00,
  0x00,  0x00,  0x00,  0x00,  0x00,  0x00,  0x00,  0x00,
  0x00,  0x00,  0x00,  0x00,  0x00,  0x00,  0x00,  0x00,
  0x00,  0x00,  0x00,  0x00,  0x00,  0x00,  0x00,  0x00,
  0x00,  0x00,  0x00,  0x00,  0x00,  0x00,  0x00,  0x1C,
  0x00,  0x07,  0xE0,  0x00,  0x7E,  0x00,  0x0C,  0x21,
  0x01,  0x00,  0x20,  0x20,  0x02,  0x02,  0x00,  0x40,
  0x3F,  0xC4,  0x03,  0xFC,  0x40,  0x1F,  0xC4,  0x00,
  0x0C,  0x60,  0x03,  0x87,  0x01,  0xF8,  0x7F,  0xFF,
  0x03,  0xFF,  0xC0,  0x1F,  0xE0,  0x00,  0x01,  0x00,
  0x01,  0x1C,  0x00,  0x1F,  0x80,  0x03,  0x88,  0x00,
  0x08,  0x00,  0x00,  0x00,  0x00
};

const UCHAR abc_fontArialNarrow37h_064D[  24] = { /* code 064D */
  0x00,  0x00,  0x00,  0x00,  0x00,  0x00,  0x00,  0x00,
  0x00,  0x00,  0x00,  0x00,  0x00,  0x00,  0x00,  0x00,
  0x00,  0x00,  0x04,  0xD9,  0x36,  0x00,  0x00,  0x00
};

const UCHAR abc_fontArialNarrow37h_1EA1[  79] = { /* code 1EA1 */
  0x00,  0x00,  0x00,  0x00,  0x00,  0x00,  0x00,  0x00,
  0x00,  0x00,  0x00,  0x00,  0x00,  0x00,  0x00,  0x00,
  0x00,  0x00,  0x00,  0x00,  0x00,  0x00,  0x00,  0x00,
  0x00,  0x00,  0x00,  0x00,  0x3F,  0x80,  0x7F,  0xF0,
  0x7F,  0xF8,  0x78,  0x1E,  0x38,  0x07,  0x00,  0x03,
  0x80,  0x07,  0xC0,  0x7F,  0xE0,  0xFF,  0xF0,  0xFF,
  0x38,  0xF0,  0x1C,  0x70,  0x0E,  0x38,  0x0F,  0x1E,
  0x1F,  0x87,  0xFF,  0xC3,  0xFE,  0xE0,  0x7E,  0x38,
  0x00,  0x00,  0x00,  0x00,  0x01,  0xC0,  0x00,  0xE0,
  0x00,  0x70,  0x00,  0x00,  0x00,  0x00,  0x00
};

const UCHAR abc_fontArialNarrow37h_1EA3[  79] = { /* code 1EA3 */
  0x00,  0x00,  0x00,  0x00,  0x00,  0x00,  0x00,  0x00,
  0x00,  0x00,  0x00,  0x3E,  0x00,  0x01,  0xC0,  0x00,
  0xE0,  0x00,  0x70,  0x00,  0xF0,  0x00,  0x60,  0x00,
  0x00,  0x00,  0x00,  0x00,  0x3F,  0x80,  0x7F,  0xF0,
  0x7F,  0xF8,  0x78,  0x1E,  0x38,  0x07,  0x00,  0x03,
  0x80,  0x07,  0xC0,  0x7F,  0xE0,  0xFF,  0xF0,  0xFF,
  0x38,  0xF0,  0x1C,  0x70,  0x0E,  0x38,  0x0F,  0x1E,
  0x1F,  0x87,  0xFF,  0xC3,  0xFE,  0xE0,  0x7E,  0x38,
  0x00,  0x00,  0x00,  0x00,  0x00,  0x00,  0x00,  0x00,
  0x00,  0x00,  0x00,  0x00,  0x00,  0x00,  0x00
};

const UCHAR abc_fontArialNarrow37h_1EA5[  79] = { /* code 1EA5 */
  0x00,  0x00,  0x00,  0x78,  0x00,  0x78,  0x00,  0x38,
  0x00,  0x38,  0x00,  0x00,  0x00,  0x00,  0x00,  0x07,
  0x80,  0x07,  0xE0,  0x07,  0x38,  0x07,  0x0E,  0x00,
  0x00,  0x00,  0x00,  0x00,  0x3F,  0x80,  0x7F,  0xF0,
  0x7F,  0xF8,  0x78,  0x1E,  0x38,  0x07,  0x00,  0x03,
  0x80,  0x07,  0xC0,  0x7F,  0xE0,  0xFF,  0xF0,  0xFF,
  0x38,  0xF0,  0x1C,  0x70,  0x0E,  0x38,  0x0F,  0x1E,
  0x1F,  0x87,  0xFF,  0xC3,  0xFE,  0xE0,  0x7E,  0x38,
  0x00,  0x00,  0x00,  0x00,  0x00,  0x00,  0x00,  0x00,
  0x00,  0x00,  0x00,  0x00,  0x00,  0x00,  0x00
};

const UCHAR abc_fontArialNarrow37h_1EA7[  79] = { /* code 1EA7 */
  0x00,  0x00,  0x07,  0x80,  0x01,  0xE0,  0x00,  0x70,
  0x00,  0x1C,  0x00,  0x00,  0x00,  0x00,  0x00,  0x07,
  0x80,  0x07,  0xE0,  0x07,  0x38,  0x07,  0x0E,  0x00,
  0x00,  0x00,  0x00,  0x00,  0x3F,  0x80,  0x7F,  0xF0,
  0x7F,  0xF8,  0x78,  0x1E,  0x38,  0x07,  0x00,  0x03,
  0x80,  0x07,  0xC0,  0x7F,  0xE0,  0xFF,  0xF0,  0xFF,
  0x38,  0xF0,  0x1C,  0x70,  0x0E,  0x38,  0x0F,  0x1E,
  0x1F,  0x87,  0xFF,  0xC3,  0xFE,  0xE0,  0x7E,  0x38,
  0x00,  0x00,  0x00,  0x00,  0x00,  0x00,  0x00,  0x00,
  0x00,  0x00,  0x00,  0x00,  0x00,  0x00,  0x00
};

const UCHAR abc_fontArialNarrow37h_1EA9[  79] = { /* code 1EA9 */
  0x00,  0x00,  0x03,  0xE0,  0x00,  0x1C,  0x00,  0x0E,
  0x00,  0x1E,  0x00,  0x0C,  0x00,  0x00,  0x00,  0x07,
  0x80,  0x07,  0xE0,  0x07,  0x38,  0x07,  0x0E,  0x00,
  0x00,  0x00,  0x00,  0x00,  0x3F,  0x80,  0x7F,  0xF0,
  0x7F,  0xF8,  0x78,  0x1E,  0x38,  0x07,  0x00,  0x03,
  0x80,  0x07,  0xC0,  0x7F,  0xE0,  0xFF,  0xF0,  0xFF,
  0x38,  0xF0,  0x1C,  0x70,  0x0E,  0x38,  0x0F,  0x1E,
  0x1F,  0x87,  0xFF,  0xC3,  0xFE,  0xE0,  0x7E,  0x38,
  0x00,  0x00,  0x00,  0x00,  0x00,  0x00,  0x00,  0x00,
  0x00,  0x00,  0x00,  0x00,  0x00,  0x00,  0x00
};

const UCHAR abc_fontArialNarrow37h_1EAF[  79] = { /* code 1EAF */
  0x00,  0x00,  0x00,  0x78,  0x00,  0x78,  0x00,  0x38,
  0x00,  0x38,  0x00,  0x00,  0x00,  0x00,  0x00,  0x18,
  0x30,  0x0E,  0x38,  0x03,  0xF8,  0x00,  0xF8,  0x00,
  0x00,  0x00,  0x00,  0x00,  0x3F,  0x80,  0x7F,  0xF0,
  0x7F,  0xF8,  0x78,  0x1E,  0x38,  0x07,  0x00,  0x03,
  0x80,  0x07,  0xC0,  0x7F,  0xE0,  0xFF,  0xF0,  0xFF,
  0x38,  0xF0,  0x1C,  0x70,  0x0E,  0x38,  0x0F,  0x1E,
  0x1F,  0x87,  0xFF,  0xC3,  0xFE,  0xE0,  0x7E,  0x38,
  0x00,  0x00,  0x00,  0x00,  0x00,  0x00,  0x00,  0x00,
  0x00,  0x00,  0x00,  0x00,  0x00,  0x00,  0x00
};

const UCHAR abc_fontArialNarrow37h_1EB1[  79] = { /* code 1EB1 */
  0x00,  0x00,  0x07,  0x80,  0x01,  0xE0,  0x00,  0x70,
  0x00,  0x1C,  0x00,  0x00,  0x00,  0x00,  0x00,  0x18,
  0x30,  0x0E,  0x38,  0x03,  0xF8,  0x00,  0xF8,  0x00,
  0x00,  0x00,  0x00,  0x00,  0x3F,  0x80,  0x7F,  0xF0,
  0x7F,  0xF8,  0x78,  0x1E,  0x38,  0x07,  0x00,  0x03,
  0x80,  0x07,  0xC0,  0x7F,  0xE0,  0xFF,  0xF0,  0xFF,
  0x38,  0xF0,  0x1C,  0x70,  0x0E,  0x38,  0x0F,  0x1E,
  0x1F,  0x87,  0xFF,  0xC3,  0xFE,  0xE0,  0x7E,  0x38,
  0x00,  0x00,  0x00,  0x00,  0x00,  0x00,  0x00,  0x00,
  0x00,  0x00,  0x00,  0x00,  0x00,  0x00,  0x00
};

const UCHAR abc_fontArialNarrow37h_1EB3[  79] = { /* code 1EB3 */
  0x00,  0x00,  0x03,  0xE0,  0x00,  0x1C,  0x00,  0x0E,
  0x00,  0x1E,  0x00,  0x0C,  0x00,  0x00,  0x00,  0x18,
  0x30,  0x0E,  0x38,  0x03,  0xF8,  0x00,  0xF8,  0x00,
  0x00,  0x00,  0x00,  0x00,  0x3F,  0x80,  0x7F,  0xF0,
  0x7F,  0xF8,  0x78,  0x1E,  0x38,  0x07,  0x00,  0x03,
  0x80,  0x07,  0xC0,  0x7F,  0xE0,  0xFF,  0xF0,  0xFF,
  0x38,  0xF0,  0x1C,  0x70,  0x0E,  0x38,  0x0F,  0x1E,
  0x1F,  0x87,  0xFF,  0xC3,  0xFE,  0xE0,  0x7E,  0x38,
  0x00,  0x00,  0x00,  0x00,  0x00,  0x00,  0x00,  0x00,
  0x00,  0x00,  0x00,  0x00,  0x00,  0x00,  0x00
};

const UCHAR abc_fontArialNarrow37h_1EB5[  79] = { /* code 1EB5 */
  0x00,  0x00,  0x00,  0x00,  0x01,  0xE3,  0x01,  0xFF,
  0x80,  0xC7,  0x80,  0x00,  0x00,  0x00,  0x00,  0x18,
  0x30,  0x0E,  0x38,  0x03,  0xF8,  0x00,  0xF8,  0x00,
  0x00,  0x00,  0x00,  0x00,  0x3F,  0x80,  0x7F,  0xF0,
  0x7F,  0xF8,  0x78,  0x1E,  0x38,  0x07,  0x00,  0x03,
  0x80,  0x07,  0xC0,  0x7F,  0xE0,  0xFF,  0xF0,  0xFF,
  0x38,  0xF0,  0x1C,  0x70,  0x0E,  0x38,  0x0F,  0x1E,
  0x1F,  0x87,  0xFF,  0xC3,  0xFE,  0xE0,  0x7E,  0x38,
  0x00,  0x00,  0x00,  0x00,  0x00,  0x00,  0x00,  0x00,
  0x00,  0x00,  0x00,  0x00,  0x00,  0x00,  0x00
};

const UCHAR abc_fontArialNarrow37h_1EB7[  79] = { /* code 1EB7 */
  0x00,  0x00,  0x00,  0x00,  0x00,  0x00,  0x00,  0x00,
  0x00,  0x00,  0x00,  0x00,  0x00,  0x00,  0x00,  0x18,
  0x30,  0x0E,  0x38,  0x03,  0xF8,  0x00,  0xF8,  0x00,
  0x00,  0x00,  0x00,  0x00,  0x3F,  0x80,  0x7F,  0xF0,
  0x7F,  0xF8,  0x78,  0x1E,  0x38,  0x07,  0x00,  0x03,
  0x80,  0x07,  0xC0,  0x7F,  0xE0,  0xFF,  0xF0,  0xFF,
  0x38,  0xF0,  0x1C,  0x70,  0x0E,  0x38,  0x0F,  0x1E,
  0x1F,  0x87,  0xFF,  0xC3,  0xFE,  0xE0,  0x7E,  0x38,
  0x00,  0x00,  0x00,  0x00,  0x01,  0xC0,  0x00,  0xE0,
  0x00,  0x70,  0x00,  0x00,  0x00,  0x00,  0x00
};

const UCHAR abc_fontArialNarrow37h_1EBD[  79] = { /* code 1EBD */
  0x00,  0x00,  0x00,  0x00,  0x00,  0x00,  0x00,  0x00,
  0x00,  0x00,  0x00,  0x00,  0x00,  0x00,  0x00,  0x0F,
  0x30,  0x07,  0xF8,  0x07,  0xFC,  0x03,  0x3C,  0x00,
  0x00,  0x00,  0x00,  0x00,  0x1F,  0x00,  0x3F,  0xE0,
  0x3F,  0xF8,  0x3C,  0x1E,  0x1C,  0x07,  0x1C,  0x01,
  0xCE,  0x00,  0xE7,  0xFF,  0xF3,  0xFF,  0xF9,  0xC0,
  0x00,  0xE0,  0x00,  0x78,  0x00,  0x1C,  0x03,  0x8F,
  0x87,  0x83,  0xFF,  0xC0,  0xFF,  0xC0,  0x1F,  0x80,
  0x00,  0x00,  0x00,  0x00,  0x00,  0x00,  0x00,  0x00,
  0x00,  0x00,  0x00,  0x00,  0x00,  0x00,  0x00
};

const UCHAR abc_fontArialNarrow37h_1EBF[  79] = { /* code 1EBF */
  0x00,  0x00,  0x00,  0x3C,  0x00,  0x3C,  0x00,  0x1C,
  0x00,  0x1C,  0x00,  0x00,  0x00,  0x00,  0x00,  0x03,
  0xC0,  0x03,  0xF0,  0x03,  0x9C,  0x03,  0x87,  0x00,
  0x00,  0x00,  0x00,  0x00,  0x1F,  0x00,  0x3F,  0xE0,
  0x3F,  0xF8,  0x3C,  0x1E,  0x1C,  0x07,  0x1C,  0x01,
  0xCE,  0x00,  0xE7,  0xFF,  0xF3,  0xFF,  0xF9,  0xC0,
  0x00,  0xE0,  0x00,  0x78,  0x00,  0x1C,  0x03,  0x8F,
  0x87,  0x83,  0xFF,  0xC0,  0xFF,  0xC0,  0x1F,  0x80,
  0x00,  0x00,  0x00,  0x00,  0x00,  0x00,  0x00,  0x00,
  0x00,  0x00,  0x00,  0x00,  0x00,  0x00,  0x00
};

const UCHAR abc_fontArialNarrow37h_1EC1[  79] = { /* code 1EC1 */
  0x00,  0x00,  0x03,  0xC0,  0x00,  0xF0,  0x00,  0x38,
  0x00,  0x0E,  0x00,  0x00,  0x00,  0x00,  0x00,  0x03,
  0xC0,  0x03,  0xF0,  0x03,  0x9C,  0x03,  0x87,  0x00,
  0x00,  0x00,  0x00,  0x00,  0x1F,  0x00,  0x3F,  0xE0,
  0x3F,  0xF8,  0x3C,  0x1E,  0x1C,  0x07,  0x1C,  0x01,
  0xCE,  0x00,  0xE7,  0xFF,  0xF3,  0xFF,  0xF9,  0xC0,
  0x00,  0xE0,  0x00,  0x78,  0x00,  0x1C,  0x03,  0x8F,
  0x87,  0x83,  0xFF,  0xC0,  0xFF,  0xC0,  0x1F,  0x80,
  0x00,  0x00,  0x00,  0x00,  0x00,  0x00,  0x00,  0x00,
  0x00,  0x00,  0x00,  0x00,  0x00,  0x00,  0x00
};

const UCHAR abc_fontArialNarrow37h_1EC7[  79] = { /* code 1EC7 */
  0x00,  0x00,  0x00,  0x00,  0x00,  0x00,  0x00,  0x00,
  0x00,  0x00,  0x00,  0x00,  0x00,  0x00,  0x00,  0x03,
  0xC0,  0x03,  0xF0,  0x03,  0x9C,  0x03,  0x87,  0x00,
  0x00,  0x00,  0x00,  0x00,  0x1F,  0x00,  0x3F,  0xE0,
  0x3F,  0xF8,  0x3C,  0x1E,  0x1C,  0x07,  0x1C,  0x01,
  0xCE,  0x00,  0xE7,  0xFF,  0xF3,  0xFF,  0xF9,  0xC0,
  0x00,  0xE0,  0x00,  0x78,  0x00,  0x1C,  0x03,  0x8F,
  0x87,  0x83,  0xFF,  0xC0,  0xFF,  0xC0,  0x1F,  0x80,
  0x00,  0x00,  0x00,  0x00,  0x01,  0xC0,  0x00,  0xE0,
  0x00,  0x70,  0x00,  0x00,  0x00,  0x00,  0x00
};

const UCHAR abc_fontArialNarrow37h_1EC9[  33] = { /* code 1EC9 */
  0x00,  0x00,  0x00,  0x00,  0x1F,  0x03,  0x87,  0x0E,
  0x78,  0xC0,  0x00,  0x0E,  0x1C,  0x38,  0x70,  0xE1,
  0xC3,  0x87,  0x0E,  0x1C,  0x38,  0x70,  0xE1,  0xC3,
  0x87,  0x0E,  0x00,  0x00,  0x00,  0x00,  0x00,  0x00,
  0x00
};

const UCHAR abc_fontArialNarrow37h_1ECB[  33] = { /* code 1ECB */
  0x00,  0x00,  0x00,  0x00,  0x00,  0x00,  0x1C,  0x38,
  0x70,  0x00,  0x00,  0x07,  0x0E,  0x1C,  0x38,  0x70,
  0xE1,  0xC3,  0x87,  0x0E,  0x1C,  0x38,  0x70,  0xE1,
  0xC3,  0x87,  0x00,  0x00,  0x38,  0x70,  0xE0,  0x00,
  0x00
};

const UCHAR abc_fontArialNarrow37h_1ED1[  79] = { /* code 1ED1 */
  0x00,  0x00,  0x00,  0x3C,  0x00,  0x3C,  0x00,  0x1C,
  0x00,  0x1C,  0x00,  0x00,  0x00,  0x00,  0x00,  0x03,
  0xC0,  0x03,  0xF0,  0x03,  0x9C,  0x03,  0x87,  0x00,
  0x00,  0x00,  0x00,  0x00,  0x1F,  0x00,  0x3F,  0xE0,
  0x3F,  0xF8,  0x3C,  0x1E,  0x1C,  0x07,  0x1E,  0x03,
  0xCE,  0x00,  0xE7,  0x00,  0x73,  0x80,  0x39,  0xC0,
  0x1C,  0xE0,  0x0E,  0x78,  0x0F,  0x1C,  0x07,  0x0F,
  0x07,  0x83,  0xFF,  0x80,  0xFF,  0x80,  0x1F,  0x00,
  0x00,  0x00,  0x00,  0x00,  0x00,  0x00,  0x00,  0x00,
  0x00,  0x00,  0x00,  0x00,  0x00,  0x00,  0x00
};

const UCHAR abc_fontArialNarrow37h_1ED3[  79] = { /* code 1ED3 */
  0x00,  0x00,  0x03,  0xC0,  0x00,  0xF0,  0x00,  0x38,
  0x00,  0x0E,  0x00,  0x00,  0x00,  0x00,  0x00,  0x03,
  0xC0,  0x03,  0xF0,  0x03,  0x9C,  0x03,  0x87,  0x00,
  0x00,  0x00,  0x00,  0x00,  0x1F,  0x00,  0x3F,  0xE0,
  0x3F,  0xF8,  0x3C,  0x1E,  0x1C,  0x07,  0x1E,  0x03,
  0xCE,  0x00,  0xE7,  0x00,  0x73,  0x80,  0x39,  0xC0,
  0x1C,  0xE0,  0x0E,  0x78,  0x0F,  0x1C,  0x07,  0x0F,
  0x07,  0x83,  0xFF,  0x80,  0xFF,  0x80,  0x1F,  0x00,
  0x00,  0x00,  0x00,  0x00,  0x00,  0x00,  0x00,  0x00,
  0x00,  0x00,  0x00,  0x00,  0x00,  0x00,  0x00
};

const UCHAR abc_fontArialNarrow37h_1EDB[  98] = { /* code 1EDB */
  0x00,  0x00,  0x00,  0x00,  0x00,  0x00,  0x00,  0x00,
  0x00,  0x00,  0x00,  0x00,  0x00,  0x00,  0x00,  0x00,
  0x00,  0x00,  0x00,  0x07,  0x80,  0x00,  0x78,  0x00,
  0x03,  0x80,  0x00,  0x38,  0x00,  0x00,  0x00,  0x00,
  0x00,  0x00,  0x01,  0xF8,  0x38,  0x3F,  0xF1,  0xC3,
  0xFF,  0xCE,  0x3E,  0x1F,  0x31,  0xC0,  0x39,  0x9E,
  0x01,  0xE8,  0xE0,  0x07,  0xC7,  0x00,  0x3C,  0x38,
  0x01,  0xC1,  0xC0,  0x0E,  0x0E,  0x00,  0x70,  0x78,
  0x07,  0x81,  0xC0,  0x38,  0x0F,  0x87,  0xC0,  0x3F,
  0xFC,  0x00,  0xFF,  0xC0,  0x01,  0xF8,  0x00,  0x00,
  0x00,  0x00,  0x00,  0x00,  0x00,  0x00,  0x00,  0x00,
  0x00,  0x00,  0x00,  0x00,  0x00,  0x00,  0x00,  0x00,
  0x00,  0x00
};

const UCHAR abc_fontArialNarrow37h_1EDD[  98] = { /* code 1EDD */
  0x00,  0x00,  0x00,  0x00,  0x00,  0x00,  0x00,  0x00,
  0x00,  0x00,  0x00,  0x00,  0x00,  0x00,  0x00,  0x00,
  0x00,  0x00,  0x00,  0xF0,  0x00,  0x03,  0xC0,  0x00,
  0x0E,  0x00,  0x00,  0x38,  0x00,  0x00,  0x00,  0x00,
  0x00,  0x00,  0x01,  0xF8,  0x38,  0x3F,  0xF1,  0xC3,
  0xFF,  0xCE,  0x3E,  0x1F,  0x31,  0xC0,  0x39,  0x9E,
  0x01,  0xE8,  0xE0,  0x07,  0xC7,  0x00,  0x3C,  0x38,
  0x01,  0xC1,  0xC0,  0x0E,  0x0E,  0x00,  0x70,  0x78,
  0x07,  0x81,  0xC0,  0x38,  0x0F,  0x87,  0xC0,  0x3F,
  0xFC,  0x00,  0xFF,  0xC0,  0x01,  0xF8,  0x00,  0x00,
  0x00,  0x00,  0x00,  0x00,  0x00,  0x00,  0x00,  0x00,
  0x00,  0x00,  0x00,  0x00,  0x00,  0x00,  0x00,  0x00,
  0x00,  0x00
};

const UCHAR abc_fontArialNarrow37h_1EE3[  98] = { /* code 1EE3 */
  0x00,  0x00,  0x00,  0x00,  0x00,  0x00,  0x00,  0x00,
  0x00,  0x00,  0x00,  0x00,  0x00,  0x00,  0x00,  0x00,
  0x00,  0x00,  0x00,  0x00,  0x00,  0x00,  0x00,  0x00,
  0x00,  0x00,  0x00,  0x00,  0x00,  0x00,  0x00,  0x00,
  0x00,  0x00,  0x01,  0xF8,  0x38,  0x3F,  0xF1,  0xC3,
  0xFF,  0xCE,  0x3E,  0x1F,  0x31,  0xC0,  0x39,  0x9E,
  0x01,  0xE8,  0xE0,  0x07,  0xC7,  0x00,  0x3C,  0x38,
  0x01,  0xC1,  0xC0,  0x0E,  0x0E,  0x00,  0x70,  0x78,
  0x07,  0x81,  0xC0,  0x38,  0x0F,  0x87,  0xC0,  0x3F,
  0xFC,  0x00,  0xFF,  0xC0,  0x01,  0xF8,  0x00,  0x00,
  0x00,  0x00,  0x00,  0x00,  0x00,  0xE0,  0x00,  0x07,
  0x00,  0x00,  0x38,  0x00,  0x00,  0x00,  0x00,  0x00,
  0x00,  0x00
};

const UCHAR abc_fontArialNarrow37h_1EE5[  84] = { /* code 1EE5 */
  0x00,  0x00,  0x00,  0x00,  0x00,  0x00,  0x00,  0x00,
  0x00,  0x00,  0x00,  0x00,  0x00,  0x00,  0x00,  0x00,
  0x00,  0x00,  0x00,  0x00,  0x00,  0x00,  0x00,  0x00,
  0x00,  0x00,  0x00,  0x00,  0x00,  0x0E,  0x01,  0xC3,
  0x80,  0x70,  0xE0,  0x1C,  0x38,  0x07,  0x0E,  0x01,
  0xC3,  0x80,  0x70,  0xE0,  0x1C,  0x38,  0x07,  0x0E,
  0x01,  0xC3,  0x80,  0x70,  0xE0,  0x1C,  0x38,  0x07,
  0x0E,  0x03,  0xC3,  0xC1,  0xF0,  0x7F,  0xDC,  0x1F,
  0xF7,  0x01,  0xF1,  0xC0,  0x00,  0x00,  0x00,  0x00,
  0x00,  0xE0,  0x00,  0x38,  0x00,  0x0E,  0x00,  0x00,
  0x00,  0x00,  0x00,  0x00
};

const UCHAR abc_fontArialNarrow37h_1EE7[  84] = { /* code 1EE7 */
  0x00,  0x00,  0x00,  0x00,  0x00,  0x00,  0x00,  0x00,
  0x00,  0x00,  0x00,  0x00,  0xF8,  0x00,  0x03,  0x80,
  0x00,  0xE0,  0x00,  0x38,  0x00,  0x3C,  0x00,  0x0C,
  0x00,  0x00,  0x00,  0x00,  0x00,  0x0E,  0x01,  0xC3,
  0x80,  0x70,  0xE0,  0x1C,  0x38,  0x07,  0x0E,  0x01,
  0xC3,  0x80,  0x70,  0xE0,  0x1C,  0x38,  0x07,  0x0E,
  0x01,  0xC3,  0x80,  0x70,  0xE0,  0x1C,  0x38,  0x07,
  0x0E,  0x03,  0xC3,  0xC1,  0xF0,  0x7F,  0xDC,  0x1F,
  0xF7,  0x01,  0xF1,  0xC0,  0x00,  0x00,  0x00,  0x00,
  0x00,  0x00,  0x00,  0x00,  0x00,  0x00,  0x00,  0x00,
  0x00,  0x00,  0x00,  0x00
};

const BFC_CHARINFO fontArialNarrow37h_CharInfo[277] = {
   {   7,  33, {abc_fontArialNarrow37h_0020} }, /* code 0020 */
   {   7,  33, {abc_fontArialNarrow37h_0021} }, /* code 0021 */
   {   9,  42, {abc_fontArialNarrow37h_0022} }, /* code 0022 */
   {  14,  65, {abc_fontArialNarrow37h_0023} }, /* code 0023 */
   {  15,  70, {abc_fontArialNarrow37h_0024} }, /* code 0024 */
   {  23, 107, {abc_fontArialNarrow37h_0025} }, /* code 0025 */
   {  18,  84, {abc_fontArialNarrow37h_0026} }, /* code 0026 */
   {   5,  24, {abc_fontArialNarrow37h_0027} }, /* code 0027 */
   {   9,  42, {abc_fontArialNarrow37h_0028} }, /* code 0028 */
   {   9,  42, {abc_fontArialNarrow37h_0029} }, /* code 0029 */
   {  10,  47, {abc_fontArialNarrow37h_002A} }, /* code 002A */
   {  15,  70, {abc_fontArialNarrow37h_002B} }, /* code 002B */
   {   7,  33, {abc_fontArialNarrow37h_002C} }, /* code 002C */
   {   9,  42, {abc_fontArialNarrow37h_002D} }, /* code 002D */
   {   7,  33, {abc_fontArialNarrow37h_002E} }, /* code 002E */
   {   8,  37, {abc_fontArialNarrow37h_002F} }, /* code 002F */
   {  15,  70, {abc_fontArialNarrow37h_0030} }, /* code 0030 */
   {  15,  70, {abc_fontArialNarrow37h_0031} }, /* code 0031 */
   {  15,  70, {abc_fontArialNarrow37h_0032} }, /* code 0032 */
   {  15,  70, {abc_fontArialNarrow37h_0033} }, /* code 0033 */
   {  15,  70, {abc_fontArialNarrow37h_0034} }, /* code 0034 */
   {  15,  70, {abc_fontArialNarrow37h_0035} }, /* code 0035 */
   {  15,  70, {abc_fontArialNarrow37h_0036} }, /* code 0036 */
   {  15,  70, {abc_fontArialNarrow37h_0037} }, /* code 0037 */
   {  15,  70, {abc_fontArialNarrow37h_0038} }, /* code 0038 */
   {  15,  70, {abc_fontArialNarrow37h_0039} }, /* code 0039 */
   {   7,  33, {abc_fontArialNarrow37h_003A} }, /* code 003A */
   {   7,  33, {abc_fontArialNarrow37h_003B} }, /* code 003B */
   {  15,  70, {abc_fontArialNarrow37h_003C} }, /* code 003C */
   {  15,  70, {abc_fontArialNarrow37h_003D} }, /* code 003D */
   {  15,  70, {abc_fontArialNarrow37h_003E} }, /* code 003E */
   {  15,  70, {abc_fontArialNarrow37h_003F} }, /* code 003F */
   {  27, 125, {abc_fontArialNarrow37h_0040} }, /* code 0040 */
   {  18,  84, {abc_fontArialNarrow37h_0041} }, /* code 0041 */
   {  18,  84, {abc_fontArialNarrow37h_0042} }, /* code 0042 */
   {  19,  88, {abc_fontArialNarrow37h_0043} }, /* code 0043 */
   {  19,  88, {abc_fontArialNarrow37h_0044} }, /* code 0044 */
   {  18,  84, {abc_fontArialNarrow37h_0045} }, /* code 0045 */
   {  16,  74, {abc_fontArialNarrow37h_0046} }, /* code 0046 */
   {  20,  93, {abc_fontArialNarrow37h_0047} }, /* code 0047 */
   {  19,  88, {abc_fontArialNarrow37h_0048} }, /* code 0048 */
   {   7,  33, {abc_fontArialNarrow37h_0049} }, /* code 0049 */
   {  13,  61, {abc_fontArialNarrow37h_004A} }, /* code 004A */
   {  18,  84, {abc_fontArialNarrow37h_004B} }, /* code 004B */
   {  15,  70, {abc_fontArialNarrow37h_004C} }, /* code 004C */
   {  22, 102, {abc_fontArialNarrow37h_004D} }, /* code 004D */
   {  19,  88, {abc_fontArialNarrow37h_004E} }, /* code 004E */
   {  20,  93, {abc_fontArialNarrow37h_004F} }, /* code 004F */
   {  18,  84, {abc_fontArialNarrow37h_0050} }, /* code 0050 */
   {  20,  93, {abc_fontArialNarrow37h_0051} }, /* code 0051 */
   {  19,  88, {abc_fontArialNarrow37h_0052} }, /* code 0052 */
   {  18,  84, {abc_fontArialNarrow37h_0053} }, /* code 0053 */
   {  16,  74, {abc_fontArialNarrow37h_0054} }, /* code 0054 */
   {  19,  88, {abc_fontArialNarrow37h_0055} }, /* code 0055 */
   {  18,  84, {abc_fontArialNarrow37h_0056} }, /* code 0056 */
   {  25, 116, {abc_fontArialNarrow37h_0057} }, /* code 0057 */
   {  18,  84, {abc_fontArialNarrow37h_0058} }, /* code 0058 */
   {  18,  84, {abc_fontArialNarrow37h_0059} }, /* code 0059 */
   {  16,  74, {abc_fontArialNarrow37h_005A} }, /* code 005A */
   {   7,  33, {abc_fontArialNarrow37h_005B} }, /* code 005B */
   {   7,  33, {abc_fontArialNarrow37h_005C} }, /* code 005C */
   {   7,  33, {abc_fontArialNarrow37h_005D} }, /* code 005D */
   {  12,  56, {abc_fontArialNarrow37h_005E} }, /* code 005E */
   {  15,  70, {abc_fontArialNarrow37h_005F} }, /* code 005F */
   {   9,  42, {abc_fontArialNarrow37h_0060} }, /* code 0060 */
   {  15,  70, {abc_fontArialNarrow37h_0061} }, /* code 0061 */
   {  15,  70, {abc_fontArialNarrow37h_0062} }, /* code 0062 */
   {  13,  61, {abc_fontArialNarrow37h_0063} }, /* code 0063 */
   {  15,  70, {abc_fontArialNarrow37h_0064} }, /* code 0064 */
   {  15,  70, {abc_fontArialNarrow37h_0065} }, /* code 0065 */
   {   8,  37, {abc_fontArialNarrow37h_0066} }, /* code 0066 */
   {  15,  70, {abc_fontArialNarrow37h_0067} }, /* code 0067 */
   {  15,  70, {abc_fontArialNarrow37h_0068} }, /* code 0068 */
   {   6,  28, {abc_fontArialNarrow37h_0069} }, /* code 0069 */
   {   6,  28, {abc_fontArialNarrow37h_006A} }, /* code 006A */
   {  13,  61, {abc_fontArialNarrow37h_006B} }, /* code 006B */
   {   6,  28, {abc_fontArialNarrow37h_006C} }, /* code 006C */
   {  22, 102, {abc_fontArialNarrow37h_006D} }, /* code 006D */
   {  15,  70, {abc_fontArialNarrow37h_006E} }, /* code 006E */
   {  15,  70, {abc_fontArialNarrow37h_006F} }, /* code 006F */
   {  15,  70, {abc_fontArialNarrow37h_0070} }, /* code 0070 */
   {  15,  70, {abc_fontArialNarrow37h_0071} }, /* code 0071 */
   {   9,  42, {abc_fontArialNarrow37h_0072} }, /* code 0072 */
   {  13,  61, {abc_fontArialNarrow37h_0073} }, /* code 0073 */
   {   7,  33, {abc_fontArialNarrow37h_0074} }, /* code 0074 */
   {  15,  70, {abc_fontArialNarrow37h_0075} }, /* code 0075 */
   {  13,  61, {abc_fontArialNarrow37h_0076} }, /* code 0076 */
   {  19,  88, {abc_fontArialNarrow37h_0077} }, /* code 0077 */
   {  13,  61, {abc_fontArialNarrow37h_0078} }, /* code 0078 */
   {  13,  61, {abc_fontArialNarrow37h_0079} }, /* code 0079 */
   {  13,  61, {abc_fontArialNarrow37h_007A} }, /* code 007A */
   {   9,  42, {abc_fontArialNarrow37h_007B} }, /* code 007B */
   {   7,  33, {abc_fontArialNarrow37h_007C} }, /* code 007C */
   {   9,  42, {abc_fontArialNarrow37h_007D} }, /* code 007D */
   {  15,  70, {abc_fontArialNarrow37h_007E} }, /* code 007E */
   {   7,  33, {abc_fontArialNarrow37h_00A0} }, /* code 00A0 */
   {   9,  42, {abc_fontArialNarrow37h_00B2} }, /* code 00B2 */
   {  16,  74, {abc_fontArialNarrow37h_00BF} }, /* code 00BF */
   {  18,  84, {abc_fontArialNarrow37h_00C0} }, /* code 00C0 */
   {  18,  84, {abc_fontArialNarrow37h_00C1} }, /* code 00C1 */
   {  18,  84, {abc_fontArialNarrow37h_00C2} }, /* code 00C2 */
   {  18,  84, {abc_fontArialNarrow37h_00C3} }, /* code 00C3 */
   {  18,  84, {abc_fontArialNarrow37h_00C4} }, /* code 00C4 */
   {  18,  84, {abc_fontArialNarrow37h_00C5} }, /* code 00C5 */
   {  26, 121, {abc_fontArialNarrow37h_00C6} }, /* code 00C6 */
   {  19,  88, {abc_fontArialNarrow37h_00C7} }, /* code 00C7 */
   {  18,  84, {abc_fontArialNarrow37h_00C8} }, /* code 00C8 */
   {  18,  84, {abc_fontArialNarrow37h_00C9} }, /* code 00C9 */
   {  18,  84, {abc_fontArialNarrow37h_00CA} }, /* code 00CA */
   {  18,  84, {abc_fontArialNarrow37h_00CB} }, /* code 00CB */
   {   7,  33, {abc_fontArialNarrow37h_00CC} }, /* code 00CC */
   {   7,  33, {abc_fontArialNarrow37h_00CD} }, /* code 00CD */
   {   8,  37, {abc_fontArialNarrow37h_00CE} }, /* code 00CE */
   {   7,  33, {abc_fontArialNarrow37h_00CF} }, /* code 00CF */
   {  19,  88, {abc_fontArialNarrow37h_00D1} }, /* code 00D1 */
   {  20,  93, {abc_fontArialNarrow37h_00D2} }, /* code 00D2 */
   {  20,  93, {abc_fontArialNarrow37h_00D3} }, /* code 00D3 */
   {  20,  93, {abc_fontArialNarrow37h_00D4} }, /* code 00D4 */
   {  20,  93, {abc_fontArialNarrow37h_00D5} }, /* code 00D5 */
   {  20,  93, {abc_fontArialNarrow37h_00D6} }, /* code 00D6 */
   {  19,  88, {abc_fontArialNarrow37h_00D9} }, /* code 00D9 */
   {  19,  88, {abc_fontArialNarrow37h_00DA} }, /* code 00DA */
   {  19,  88, {abc_fontArialNarrow37h_00DB} }, /* code 00DB */
   {  19,  88, {abc_fontArialNarrow37h_00DC} }, /* code 00DC */
   {  15,  70, {abc_fontArialNarrow37h_00E0} }, /* code 00E0 */
   {  15,  70, {abc_fontArialNarrow37h_00E1} }, /* code 00E1 */
   {  15,  70, {abc_fontArialNarrow37h_00E2} }, /* code 00E2 */
   {  15,  70, {abc_fontArialNarrow37h_00E3} }, /* code 00E3 */
   {  15,  70, {abc_fontArialNarrow37h_00E4} }, /* code 00E4 */
   {  15,  70, {abc_fontArialNarrow37h_00E5} }, /* code 00E5 */
   {  23, 107, {abc_fontArialNarrow37h_00E6} }, /* code 00E6 */
   {  13,  61, {abc_fontArialNarrow37h_00E7} }, /* code 00E7 */
   {  15,  70, {abc_fontArialNarrow37h_00E8} }, /* code 00E8 */
   {  15,  70, {abc_fontArialNarrow37h_00E9} }, /* code 00E9 */
   {  15,  70, {abc_fontArialNarrow37h_00EA} }, /* code 00EA */
   {  15,  70, {abc_fontArialNarrow37h_00EB} }, /* code 00EB */
   {   7,  33, {abc_fontArialNarrow37h_00EC} }, /* code 00EC */
   {   7,  33, {abc_fontArialNarrow37h_00ED} }, /* code 00ED */
   {   8,  37, {abc_fontArialNarrow37h_00EE} }, /* code 00EE */
   {   7,  33, {abc_fontArialNarrow37h_00EF} }, /* code 00EF */
   {  15,  70, {abc_fontArialNarrow37h_00F1} }, /* code 00F1 */
   {  15,  70, {abc_fontArialNarrow37h_00F2} }, /* code 00F2 */
   {  15,  70, {abc_fontArialNarrow37h_00F3} }, /* code 00F3 */
   {  15,  70, {abc_fontArialNarrow37h_00F4} }, /* code 00F4 */
   {  15,  70, {abc_fontArialNarrow37h_00F5} }, /* code 00F5 */
   {  15,  70, {abc_fontArialNarrow37h_00F6} }, /* code 00F6 */
   {  15,  70, {abc_fontArialNarrow37h_00F9} }, /* code 00F9 */
   {  15,  70, {abc_fontArialNarrow37h_00FA} }, /* code 00FA */
   {  15,  70, {abc_fontArialNarrow37h_00FB} }, /* code 00FB */
   {  15,  70, {abc_fontArialNarrow37h_00FC} }, /* code 00FC */
   {  13,  61, {abc_fontArialNarrow37h_00FD} }, /* code 00FD */
   {  15,  70, {abc_fontArialNarrow37h_0101} }, /* code 0101 */
   {  15,  70, {abc_fontArialNarrow37h_0103} }, /* code 0103 */
   {  16,  74, {abc_fontArialNarrow37h_0105} }, /* code 0105 */
   {  13,  61, {abc_fontArialNarrow37h_0107} }, /* code 0107 */
   {  19,  88, {abc_fontArialNarrow37h_0110} }, /* code 0110 */
   {  15,  70, {abc_fontArialNarrow37h_0111} }, /* code 0111 */
   {  15,  70, {abc_fontArialNarrow37h_0113} }, /* code 0113 */
   {  15,  70, {abc_fontArialNarrow37h_0119} }, /* code 0119 */
   {  15,  70, {abc_fontArialNarrow37h_011F} }, /* code 011F */
   {  15,  70, {abc_fontArialNarrow37h_0123} }, /* code 0123 */
   {   8,  37, {abc_fontArialNarrow37h_012B} }, /* code 012B */
   {   7,  33, {abc_fontArialNarrow37h_0130} }, /* code 0130 */
   {   7,  33, {abc_fontArialNarrow37h_0131} }, /* code 0131 */
   {  13,  61, {abc_fontArialNarrow37h_0137} }, /* code 0137 */
   {  15,  70, {abc_fontArialNarrow37h_013B} }, /* code 013B */
   {   6,  28, {abc_fontArialNarrow37h_013C} }, /* code 013C */
   {   6,  28, {abc_fontArialNarrow37h_0142} }, /* code 0142 */
   {  19,  88, {abc_fontArialNarrow37h_0145} }, /* code 0145 */
   {  18,  84, {abc_fontArialNarrow37h_015E} }, /* code 015E */
   {  13,  61, {abc_fontArialNarrow37h_015F} }, /* code 015F */
   {  13,  61, {abc_fontArialNarrow37h_0161} }, /* code 0161 */
   {  15,  70, {abc_fontArialNarrow37h_0169} }, /* code 0169 */
   {  15,  70, {abc_fontArialNarrow37h_016B} }, /* code 016B */
   {  13,  61, {abc_fontArialNarrow37h_017C} }, /* code 017C */
   {  21,  98, {abc_fontArialNarrow37h_01B0} }, /* code 01B0 */
   {  13,  61, {abc_fontArialNarrow37h_0219} }, /* code 0219 */
   {   7,  33, {abc_fontArialNarrow37h_021B} }, /* code 021B */
   {  21,  98, {abc_fontArialNarrow37h_0388} }, /* code 0388 */
   {  18,  84, {abc_fontArialNarrow37h_0391} }, /* code 0391 */
   {  18,  84, {abc_fontArialNarrow37h_0394} }, /* code 0394 */
   {  19,  88, {abc_fontArialNarrow37h_0397} }, /* code 0397 */
   {  19,  88, {abc_fontArialNarrow37h_0398} }, /* code 0398 */
   {  19,  88, {abc_fontArialNarrow37h_039D} }, /* code 039D */
   {  19,  88, {abc_fontArialNarrow37h_03A0} }, /* code 03A0 */
   {  18,  84, {abc_fontArialNarrow37h_03A1} }, /* code 03A1 */
   {  16,  74, {abc_fontArialNarrow37h_03A3} }, /* code 03A3 */
   {  18,  84, {abc_fontArialNarrow37h_03A7} }, /* code 03A7 */
   {  16,  74, {abc_fontArialNarrow37h_03AC} }, /* code 03AC */
   {  11,  51, {abc_fontArialNarrow37h_03AD} }, /* code 03AD */
   {  15,  70, {abc_fontArialNarrow37h_03AE} }, /* code 03AE */
   {   7,  33, {abc_fontArialNarrow37h_03AF} }, /* code 03AF */
   {  16,  74, {abc_fontArialNarrow37h_03B1} }, /* code 03B1 */
   {  15,  70, {abc_fontArialNarrow37h_03B2} }, /* code 03B2 */
   {  13,  61, {abc_fontArialNarrow37h_03B3} }, /* code 03B3 */
   {  15,  70, {abc_fontArialNarrow37h_03B4} }, /* code 03B4 */
   {  11,  51, {abc_fontArialNarrow37h_03B5} }, /* code 03B5 */
   {  15,  70, {abc_fontArialNarrow37h_03B7} }, /* code 03B7 */
   {  15,  70, {abc_fontArialNarrow37h_03B8} }, /* code 03B8 */
   {   7,  33, {abc_fontArialNarrow37h_03B9} }, /* code 03B9 */
   {  13,  61, {abc_fontArialNarrow37h_03BA} }, /* code 03BA */
   {  13,  61, {abc_fontArialNarrow37h_03BB} }, /* code 03BB */
   {  15,  70, {abc_fontArialNarrow37h_03BC} }, /* code 03BC */
   {  13,  61, {abc_fontArialNarrow37h_03BD} }, /* code 03BD */
   {  10,  47, {abc_fontArialNarrow37h_03BE} }, /* code 03BE */
   {  15,  70, {abc_fontArialNarrow37h_03BF} }, /* code 03BF */
   {  18,  84, {abc_fontArialNarrow37h_03C0} }, /* code 03C0 */
   {  15,  70, {abc_fontArialNarrow37h_03C1} }, /* code 03C1 */
   {  12,  56, {abc_fontArialNarrow37h_03C2} }, /* code 03C2 */
   {  17,  79, {abc_fontArialNarrow37h_03C3} }, /* code 03C3 */
   {  10,  47, {abc_fontArialNarrow37h_03C4} }, /* code 03C4 */
   {  15,  70, {abc_fontArialNarrow37h_03C5} }, /* code 03C5 */
   {  17,  79, {abc_fontArialNarrow37h_03C6} }, /* code 03C6 */
   {  14,  65, {abc_fontArialNarrow37h_03C7} }, /* code 03C7 */
   {  19,  88, {abc_fontArialNarrow37h_03C8} }, /* code 03C8 */
   {  20,  93, {abc_fontArialNarrow37h_03C9} }, /* code 03C9 */
   {  15,  70, {abc_fontArialNarrow37h_03CC} }, /* code 03CC */
   {  18,  84, {abc_fontArialNarrow37h_03CD} }, /* code 03CD */
   {  20,  93, {abc_fontArialNarrow37h_03CE} }, /* code 03CE */
   {  11,  51, {abc_fontArialNarrow37h_061F} }, /* code 061F */
   {  13,  61, {abc_fontArialNarrow37h_0621} }, /* code 0621 */
   {   7,  33, {abc_fontArialNarrow37h_0623} }, /* code 0623 */
   {   7,  33, {abc_fontArialNarrow37h_0625} }, /* code 0625 */
   {  20,  93, {abc_fontArialNarrow37h_0626} }, /* code 0626 */
   {   7,  33, {abc_fontArialNarrow37h_0627} }, /* code 0627 */
   {  23, 107, {abc_fontArialNarrow37h_0628} }, /* code 0628 */
   {   9,  42, {abc_fontArialNarrow37h_0629} }, /* code 0629 */
   {  23, 107, {abc_fontArialNarrow37h_062A} }, /* code 062A */
   {  23, 107, {abc_fontArialNarrow37h_062B} }, /* code 062B */
   {  18,  84, {abc_fontArialNarrow37h_062C} }, /* code 062C */
   {  18,  84, {abc_fontArialNarrow37h_062E} }, /* code 062E */
   {  11,  51, {abc_fontArialNarrow37h_062F} }, /* code 062F */
   {  11,  51, {abc_fontArialNarrow37h_0630} }, /* code 0630 */
   {  16,  74, {abc_fontArialNarrow37h_0631} }, /* code 0631 */
   {  16,  74, {abc_fontArialNarrow37h_0632} }, /* code 0632 */
   {  26, 121, {abc_fontArialNarrow37h_0633} }, /* code 0633 */
   {  26, 121, {abc_fontArialNarrow37h_0634} }, /* code 0634 */
   {  35, 162, {abc_fontArialNarrow37h_0635} }, /* code 0635 */
   {  35, 162, {abc_fontArialNarrow37h_0636} }, /* code 0636 */
   {  20,  93, {abc_fontArialNarrow37h_0637} }, /* code 0637 */
   {  20,  93, {abc_fontArialNarrow37h_0638} }, /* code 0638 */
   {  17,  79, {abc_fontArialNarrow37h_0639} }, /* code 0639 */
   {  17,  79, {abc_fontArialNarrow37h_063A} }, /* code 063A */
   {  25, 116, {abc_fontArialNarrow37h_0641} }, /* code 0641 */
   {  19,  88, {abc_fontArialNarrow37h_0642} }, /* code 0642 */
   {  19,  88, {abc_fontArialNarrow37h_0643} }, /* code 0643 */
   {  16,  74, {abc_fontArialNarrow37h_0644} }, /* code 0644 */
   {  11,  51, {abc_fontArialNarrow37h_0645} }, /* code 0645 */
   {  17,  79, {abc_fontArialNarrow37h_0646} }, /* code 0646 */
   {   9,  42, {abc_fontArialNarrow37h_0647} }, /* code 0647 */
   {  14,  65, {abc_fontArialNarrow37h_0648} }, /* code 0648 */
   {  20,  93, {abc_fontArialNarrow37h_0649} }, /* code 0649 */
   {  20,  93, {abc_fontArialNarrow37h_064A} }, /* code 064A */
   {   5,  24, {abc_fontArialNarrow37h_064D} }, /* code 064D */
   {  17,  79, {abc_fontArialNarrow37h_1EA1} }, /* code 1EA1 */
   {  17,  79, {abc_fontArialNarrow37h_1EA3} }, /* code 1EA3 */
   {  17,  79, {abc_fontArialNarrow37h_1EA5} }, /* code 1EA5 */
   {  17,  79, {abc_fontArialNarrow37h_1EA7} }, /* code 1EA7 */
   {  17,  79, {abc_fontArialNarrow37h_1EA9} }, /* code 1EA9 */
   {  17,  79, {abc_fontArialNarrow37h_1EAF} }, /* code 1EAF */
   {  17,  79, {abc_fontArialNarrow37h_1EB1} }, /* code 1EB1 */
   {  17,  79, {abc_fontArialNarrow37h_1EB3} }, /* code 1EB3 */
   {  17,  79, {abc_fontArialNarrow37h_1EB5} }, /* code 1EB5 */
   {  17,  79, {abc_fontArialNarrow37h_1EB7} }, /* code 1EB7 */
   {  17,  79, {abc_fontArialNarrow37h_1EBD} }, /* code 1EBD */
   {  17,  79, {abc_fontArialNarrow37h_1EBF} }, /* code 1EBF */
   {  17,  79, {abc_fontArialNarrow37h_1EC1} }, /* code 1EC1 */
   {  17,  79, {abc_fontArialNarrow37h_1EC7} }, /* code 1EC7 */
   {   7,  33, {abc_fontArialNarrow37h_1EC9} }, /* code 1EC9 */
   {   7,  33, {abc_fontArialNarrow37h_1ECB} }, /* code 1ECB */
   {  17,  79, {abc_fontArialNarrow37h_1ED1} }, /* code 1ED1 */
   {  17,  79, {abc_fontArialNarrow37h_1ED3} }, /* code 1ED3 */
   {  21,  98, {abc_fontArialNarrow37h_1EDB} }, /* code 1EDB */
   {  21,  98, {abc_fontArialNarrow37h_1EDD} }, /* code 1EDD */
   {  21,  98, {abc_fontArialNarrow37h_1EE3} }, /* code 1EE3 */
   {  18,  84, {abc_fontArialNarrow37h_1EE5} }, /* code 1EE5 */
   {  18,  84, {abc_fontArialNarrow37h_1EE7} }  /* code 1EE7 */
};

const BFC_FONT_PROP fontArialNarrow37h_Prop74 = {
   0x1EE7, /* first character */
   0x1EE7, /* last character  */
   &fontArialNarrow37h_CharInfo[ 276],  /* address of first character */
   (const BFC_FONT_PROP *)0				/* pointer to next BFC_FONT_PROP */
};

const BFC_FONT_PROP fontArialNarrow37h_Prop73 = {
   0x1EE5, /* first character */
   0x1EE5, /* last character  */
   &fontArialNarrow37h_CharInfo[ 275],  /* address of first character */
   &fontArialNarrow37h_Prop74			/* pointer to next BFC_FONT_PROP */
};

const BFC_FONT_PROP fontArialNarrow37h_Prop72 = {
   0x1EE3, /* first character */
   0x1EE3, /* last character  */
   &fontArialNarrow37h_CharInfo[ 274],  /* address of first character */
   &fontArialNarrow37h_Prop73			/* pointer to next BFC_FONT_PROP */
};

const BFC_FONT_PROP fontArialNarrow37h_Prop71 = {
   0x1EDD, /* first character */
   0x1EDD, /* last character  */
   &fontArialNarrow37h_CharInfo[ 273],  /* address of first character */
   &fontArialNarrow37h_Prop72			/* pointer to next BFC_FONT_PROP */
};

const BFC_FONT_PROP fontArialNarrow37h_Prop70 = {
   0x1EDB, /* first character */
   0x1EDB, /* last character  */
   &fontArialNarrow37h_CharInfo[ 272],  /* address of first character */
   &fontArialNarrow37h_Prop71			/* pointer to next BFC_FONT_PROP */
};

const BFC_FONT_PROP fontArialNarrow37h_Prop69 = {
   0x1ED3, /* first character */
   0x1ED3, /* last character  */
   &fontArialNarrow37h_CharInfo[ 271],  /* address of first character */
   &fontArialNarrow37h_Prop70			/* pointer to next BFC_FONT_PROP */
};

const BFC_FONT_PROP fontArialNarrow37h_Prop68 = {
   0x1ED1, /* first character */
   0x1ED1, /* last character  */
   &fontArialNarrow37h_CharInfo[ 270],  /* address of first character */
   &fontArialNarrow37h_Prop69			/* pointer to next BFC_FONT_PROP */
};

const BFC_FONT_PROP fontArialNarrow37h_Prop67 = {
   0x1ECB, /* first character */
   0x1ECB, /* last character  */
   &fontArialNarrow37h_CharInfo[ 269],  /* address of first character */
   &fontArialNarrow37h_Prop68			/* pointer to next BFC_FONT_PROP */
};

const BFC_FONT_PROP fontArialNarrow37h_Prop66 = {
   0x1EC9, /* first character */
   0x1EC9, /* last character  */
   &fontArialNarrow37h_CharInfo[ 268],  /* address of first character */
   &fontArialNarrow37h_Prop67			/* pointer to next BFC_FONT_PROP */
};

const BFC_FONT_PROP fontArialNarrow37h_Prop65 = {
   0x1EC7, /* first character */
   0x1EC7, /* last character  */
   &fontArialNarrow37h_CharInfo[ 267],  /* address of first character */
   &fontArialNarrow37h_Prop66			/* pointer to next BFC_FONT_PROP */
};

const BFC_FONT_PROP fontArialNarrow37h_Prop64 = {
   0x1EC1, /* first character */
   0x1EC1, /* last character  */
   &fontArialNarrow37h_CharInfo[ 266],  /* address of first character */
   &fontArialNarrow37h_Prop65			/* pointer to next BFC_FONT_PROP */
};

const BFC_FONT_PROP fontArialNarrow37h_Prop63 = {
   0x1EBF, /* first character */
   0x1EBF, /* last character  */
   &fontArialNarrow37h_CharInfo[ 265],  /* address of first character */
   &fontArialNarrow37h_Prop64			/* pointer to next BFC_FONT_PROP */
};

const BFC_FONT_PROP fontArialNarrow37h_Prop62 = {
   0x1EBD, /* first character */
   0x1EBD, /* last character  */
   &fontArialNarrow37h_CharInfo[ 264],  /* address of first character */
   &fontArialNarrow37h_Prop63			/* pointer to next BFC_FONT_PROP */
};

const BFC_FONT_PROP fontArialNarrow37h_Prop61 = {
   0x1EB7, /* first character */
   0x1EB7, /* last character  */
   &fontArialNarrow37h_CharInfo[ 263],  /* address of first character */
   &fontArialNarrow37h_Prop62			/* pointer to next BFC_FONT_PROP */
};

const BFC_FONT_PROP fontArialNarrow37h_Prop60 = {
   0x1EB5, /* first character */
   0x1EB5, /* last character  */
   &fontArialNarrow37h_CharInfo[ 262],  /* address of first character */
   &fontArialNarrow37h_Prop61			/* pointer to next BFC_FONT_PROP */
};

const BFC_FONT_PROP fontArialNarrow37h_Prop59 = {
   0x1EB3, /* first character */
   0x1EB3, /* last character  */
   &fontArialNarrow37h_CharInfo[ 261],  /* address of first character */
   &fontArialNarrow37h_Prop60			/* pointer to next BFC_FONT_PROP */
};

const BFC_FONT_PROP fontArialNarrow37h_Prop58 = {
   0x1EB1, /* first character */
   0x1EB1, /* last character  */
   &fontArialNarrow37h_CharInfo[ 260],  /* address of first character */
   &fontArialNarrow37h_Prop59			/* pointer to next BFC_FONT_PROP */
};

const BFC_FONT_PROP fontArialNarrow37h_Prop57 = {
   0x1EAF, /* first character */
   0x1EAF, /* last character  */
   &fontArialNarrow37h_CharInfo[ 259],  /* address of first character */
   &fontArialNarrow37h_Prop58			/* pointer to next BFC_FONT_PROP */
};

const BFC_FONT_PROP fontArialNarrow37h_Prop56 = {
   0x1EA9, /* first character */
   0x1EA9, /* last character  */
   &fontArialNarrow37h_CharInfo[ 258],  /* address of first character */
   &fontArialNarrow37h_Prop57			/* pointer to next BFC_FONT_PROP */
};

const BFC_FONT_PROP fontArialNarrow37h_Prop55 = {
   0x1EA7, /* first character */
   0x1EA7, /* last character  */
   &fontArialNarrow37h_CharInfo[ 257],  /* address of first character */
   &fontArialNarrow37h_Prop56			/* pointer to next BFC_FONT_PROP */
};

const BFC_FONT_PROP fontArialNarrow37h_Prop54 = {
   0x1EA5, /* first character */
   0x1EA5, /* last character  */
   &fontArialNarrow37h_CharInfo[ 256],  /* address of first character */
   &fontArialNarrow37h_Prop55			/* pointer to next BFC_FONT_PROP */
};

const BFC_FONT_PROP fontArialNarrow37h_Prop53 = {
   0x1EA3, /* first character */
   0x1EA3, /* last character  */
   &fontArialNarrow37h_CharInfo[ 255],  /* address of first character */
   &fontArialNarrow37h_Prop54			/* pointer to next BFC_FONT_PROP */
};

const BFC_FONT_PROP fontArialNarrow37h_Prop52 = {
   0x1EA1, /* first character */
   0x1EA1, /* last character  */
   &fontArialNarrow37h_CharInfo[ 254],  /* address of first character */
   &fontArialNarrow37h_Prop53			/* pointer to next BFC_FONT_PROP */
};

const BFC_FONT_PROP fontArialNarrow37h_Prop51 = {
   0x064D, /* first character */
   0x064D, /* last character  */
   &fontArialNarrow37h_CharInfo[ 253],  /* address of first character */
   &fontArialNarrow37h_Prop52			/* pointer to next BFC_FONT_PROP */
};

const BFC_FONT_PROP fontArialNarrow37h_Prop50 = {
   0x0641, /* first character */
   0x064A, /* last character  */
   &fontArialNarrow37h_CharInfo[ 243],  /* address of first character */
   &fontArialNarrow37h_Prop51			/* pointer to next BFC_FONT_PROP */
};

const BFC_FONT_PROP fontArialNarrow37h_Prop49 = {
   0x062E, /* first character */
   0x063A, /* last character  */
   &fontArialNarrow37h_CharInfo[ 230],  /* address of first character */
   &fontArialNarrow37h_Prop50			/* pointer to next BFC_FONT_PROP */
};

const BFC_FONT_PROP fontArialNarrow37h_Prop48 = {
   0x0625, /* first character */
   0x062C, /* last character  */
   &fontArialNarrow37h_CharInfo[ 222],  /* address of first character */
   &fontArialNarrow37h_Prop49			/* pointer to next BFC_FONT_PROP */
};

const BFC_FONT_PROP fontArialNarrow37h_Prop47 = {
   0x0623, /* first character */
   0x0623, /* last character  */
   &fontArialNarrow37h_CharInfo[ 221],  /* address of first character */
   &fontArialNarrow37h_Prop48			/* pointer to next BFC_FONT_PROP */
};

const BFC_FONT_PROP fontArialNarrow37h_Prop46 = {
   0x0621, /* first character */
   0x0621, /* last character  */
   &fontArialNarrow37h_CharInfo[ 220],  /* address of first character */
   &fontArialNarrow37h_Prop47			/* pointer to next BFC_FONT_PROP */
};

const BFC_FONT_PROP fontArialNarrow37h_Prop45 = {
   0x061F, /* first character */
   0x061F, /* last character  */
   &fontArialNarrow37h_CharInfo[ 219],  /* address of first character */
   &fontArialNarrow37h_Prop46			/* pointer to next BFC_FONT_PROP */
};

const BFC_FONT_PROP fontArialNarrow37h_Prop44 = {
   0x03CC, /* first character */
   0x03CE, /* last character  */
   &fontArialNarrow37h_CharInfo[ 216],  /* address of first character */
   &fontArialNarrow37h_Prop45			/* pointer to next BFC_FONT_PROP */
};

const BFC_FONT_PROP fontArialNarrow37h_Prop43 = {
   0x03B7, /* first character */
   0x03C9, /* last character  */
   &fontArialNarrow37h_CharInfo[ 197],  /* address of first character */
   &fontArialNarrow37h_Prop44			/* pointer to next BFC_FONT_PROP */
};

const BFC_FONT_PROP fontArialNarrow37h_Prop42 = {
   0x03B1, /* first character */
   0x03B5, /* last character  */
   &fontArialNarrow37h_CharInfo[ 192],  /* address of first character */
   &fontArialNarrow37h_Prop43			/* pointer to next BFC_FONT_PROP */
};

const BFC_FONT_PROP fontArialNarrow37h_Prop41 = {
   0x03AC, /* first character */
   0x03AF, /* last character  */
   &fontArialNarrow37h_CharInfo[ 188],  /* address of first character */
   &fontArialNarrow37h_Prop42			/* pointer to next BFC_FONT_PROP */
};

const BFC_FONT_PROP fontArialNarrow37h_Prop40 = {
   0x03A7, /* first character */
   0x03A7, /* last character  */
   &fontArialNarrow37h_CharInfo[ 187],  /* address of first character */
   &fontArialNarrow37h_Prop41			/* pointer to next BFC_FONT_PROP */
};

const BFC_FONT_PROP fontArialNarrow37h_Prop39 = {
   0x03A3, /* first character */
   0x03A3, /* last character  */
   &fontArialNarrow37h_CharInfo[ 186],  /* address of first character */
   &fontArialNarrow37h_Prop40			/* pointer to next BFC_FONT_PROP */
};

const BFC_FONT_PROP fontArialNarrow37h_Prop38 = {
   0x03A0, /* first character */
   0x03A1, /* last character  */
   &fontArialNarrow37h_CharInfo[ 184],  /* address of first character */
   &fontArialNarrow37h_Prop39			/* pointer to next BFC_FONT_PROP */
};

const BFC_FONT_PROP fontArialNarrow37h_Prop37 = {
   0x039D, /* first character */
   0x039D, /* last character  */
   &fontArialNarrow37h_CharInfo[ 183],  /* address of first character */
   &fontArialNarrow37h_Prop38			/* pointer to next BFC_FONT_PROP */
};

const BFC_FONT_PROP fontArialNarrow37h_Prop36 = {
   0x0397, /* first character */
   0x0398, /* last character  */
   &fontArialNarrow37h_CharInfo[ 181],  /* address of first character */
   &fontArialNarrow37h_Prop37			/* pointer to next BFC_FONT_PROP */
};

const BFC_FONT_PROP fontArialNarrow37h_Prop35 = {
   0x0394, /* first character */
   0x0394, /* last character  */
   &fontArialNarrow37h_CharInfo[ 180],  /* address of first character */
   &fontArialNarrow37h_Prop36			/* pointer to next BFC_FONT_PROP */
};

const BFC_FONT_PROP fontArialNarrow37h_Prop34 = {
   0x0391, /* first character */
   0x0391, /* last character  */
   &fontArialNarrow37h_CharInfo[ 179],  /* address of first character */
   &fontArialNarrow37h_Prop35			/* pointer to next BFC_FONT_PROP */
};

const BFC_FONT_PROP fontArialNarrow37h_Prop33 = {
   0x0388, /* first character */
   0x0388, /* last character  */
   &fontArialNarrow37h_CharInfo[ 178],  /* address of first character */
   &fontArialNarrow37h_Prop34			/* pointer to next BFC_FONT_PROP */
};

const BFC_FONT_PROP fontArialNarrow37h_Prop32 = {
   0x021B, /* first character */
   0x021B, /* last character  */
   &fontArialNarrow37h_CharInfo[ 177],  /* address of first character */
   &fontArialNarrow37h_Prop33			/* pointer to next BFC_FONT_PROP */
};

const BFC_FONT_PROP fontArialNarrow37h_Prop31 = {
   0x0219, /* first character */
   0x0219, /* last character  */
   &fontArialNarrow37h_CharInfo[ 176],  /* address of first character */
   &fontArialNarrow37h_Prop32			/* pointer to next BFC_FONT_PROP */
};

const BFC_FONT_PROP fontArialNarrow37h_Prop30 = {
   0x01B0, /* first character */
   0x01B0, /* last character  */
   &fontArialNarrow37h_CharInfo[ 175],  /* address of first character */
   &fontArialNarrow37h_Prop31			/* pointer to next BFC_FONT_PROP */
};

const BFC_FONT_PROP fontArialNarrow37h_Prop29 = {
   0x017C, /* first character */
   0x017C, /* last character  */
   &fontArialNarrow37h_CharInfo[ 174],  /* address of first character */
   &fontArialNarrow37h_Prop30			/* pointer to next BFC_FONT_PROP */
};

const BFC_FONT_PROP fontArialNarrow37h_Prop28 = {
   0x016B, /* first character */
   0x016B, /* last character  */
   &fontArialNarrow37h_CharInfo[ 173],  /* address of first character */
   &fontArialNarrow37h_Prop29			/* pointer to next BFC_FONT_PROP */
};

const BFC_FONT_PROP fontArialNarrow37h_Prop27 = {
   0x0169, /* first character */
   0x0169, /* last character  */
   &fontArialNarrow37h_CharInfo[ 172],  /* address of first character */
   &fontArialNarrow37h_Prop28			/* pointer to next BFC_FONT_PROP */
};

const BFC_FONT_PROP fontArialNarrow37h_Prop26 = {
   0x0161, /* first character */
   0x0161, /* last character  */
   &fontArialNarrow37h_CharInfo[ 171],  /* address of first character */
   &fontArialNarrow37h_Prop27			/* pointer to next BFC_FONT_PROP */
};

const BFC_FONT_PROP fontArialNarrow37h_Prop25 = {
   0x015E, /* first character */
   0x015F, /* last character  */
   &fontArialNarrow37h_CharInfo[ 169],  /* address of first character */
   &fontArialNarrow37h_Prop26			/* pointer to next BFC_FONT_PROP */
};

const BFC_FONT_PROP fontArialNarrow37h_Prop24 = {
   0x0145, /* first character */
   0x0145, /* last character  */
   &fontArialNarrow37h_CharInfo[ 168],  /* address of first character */
   &fontArialNarrow37h_Prop25			/* pointer to next BFC_FONT_PROP */
};

const BFC_FONT_PROP fontArialNarrow37h_Prop23 = {
   0x0142, /* first character */
   0x0142, /* last character  */
   &fontArialNarrow37h_CharInfo[ 167],  /* address of first character */
   &fontArialNarrow37h_Prop24			/* pointer to next BFC_FONT_PROP */
};

const BFC_FONT_PROP fontArialNarrow37h_Prop22 = {
   0x013B, /* first character */
   0x013C, /* last character  */
   &fontArialNarrow37h_CharInfo[ 165],  /* address of first character */
   &fontArialNarrow37h_Prop23			/* pointer to next BFC_FONT_PROP */
};

const BFC_FONT_PROP fontArialNarrow37h_Prop21 = {
   0x0137, /* first character */
   0x0137, /* last character  */
   &fontArialNarrow37h_CharInfo[ 164],  /* address of first character */
   &fontArialNarrow37h_Prop22			/* pointer to next BFC_FONT_PROP */
};

const BFC_FONT_PROP fontArialNarrow37h_Prop20 = {
   0x0130, /* first character */
   0x0131, /* last character  */
   &fontArialNarrow37h_CharInfo[ 162],  /* address of first character */
   &fontArialNarrow37h_Prop21			/* pointer to next BFC_FONT_PROP */
};

const BFC_FONT_PROP fontArialNarrow37h_Prop19 = {
   0x012B, /* first character */
   0x012B, /* last character  */
   &fontArialNarrow37h_CharInfo[ 161],  /* address of first character */
   &fontArialNarrow37h_Prop20			/* pointer to next BFC_FONT_PROP */
};

const BFC_FONT_PROP fontArialNarrow37h_Prop18 = {
   0x0123, /* first character */
   0x0123, /* last character  */
   &fontArialNarrow37h_CharInfo[ 160],  /* address of first character */
   &fontArialNarrow37h_Prop19			/* pointer to next BFC_FONT_PROP */
};

const BFC_FONT_PROP fontArialNarrow37h_Prop17 = {
   0x011F, /* first character */
   0x011F, /* last character  */
   &fontArialNarrow37h_CharInfo[ 159],  /* address of first character */
   &fontArialNarrow37h_Prop18			/* pointer to next BFC_FONT_PROP */
};

const BFC_FONT_PROP fontArialNarrow37h_Prop16 = {
   0x0119, /* first character */
   0x0119, /* last character  */
   &fontArialNarrow37h_CharInfo[ 158],  /* address of first character */
   &fontArialNarrow37h_Prop17			/* pointer to next BFC_FONT_PROP */
};

const BFC_FONT_PROP fontArialNarrow37h_Prop15 = {
   0x0113, /* first character */
   0x0113, /* last character  */
   &fontArialNarrow37h_CharInfo[ 157],  /* address of first character */
   &fontArialNarrow37h_Prop16			/* pointer to next BFC_FONT_PROP */
};

const BFC_FONT_PROP fontArialNarrow37h_Prop14 = {
   0x0110, /* first character */
   0x0111, /* last character  */
   &fontArialNarrow37h_CharInfo[ 155],  /* address of first character */
   &fontArialNarrow37h_Prop15			/* pointer to next BFC_FONT_PROP */
};

const BFC_FONT_PROP fontArialNarrow37h_Prop13 = {
   0x0107, /* first character */
   0x0107, /* last character  */
   &fontArialNarrow37h_CharInfo[ 154],  /* address of first character */
   &fontArialNarrow37h_Prop14			/* pointer to next BFC_FONT_PROP */
};

const BFC_FONT_PROP fontArialNarrow37h_Prop12 = {
   0x0105, /* first character */
   0x0105, /* last character  */
   &fontArialNarrow37h_CharInfo[ 153],  /* address of first character */
   &fontArialNarrow37h_Prop13			/* pointer to next BFC_FONT_PROP */
};

const BFC_FONT_PROP fontArialNarrow37h_Prop11 = {
   0x0103, /* first character */
   0x0103, /* last character  */
   &fontArialNarrow37h_CharInfo[ 152],  /* address of first character */
   &fontArialNarrow37h_Prop12			/* pointer to next BFC_FONT_PROP */
};

const BFC_FONT_PROP fontArialNarrow37h_Prop10 = {
   0x0101, /* first character */
   0x0101, /* last character  */
   &fontArialNarrow37h_CharInfo[ 151],  /* address of first character */
   &fontArialNarrow37h_Prop11			/* pointer to next BFC_FONT_PROP */
};

const BFC_FONT_PROP fontArialNarrow37h_Prop9 = {
   0x00F9, /* first character */
   0x00FD, /* last character  */
   &fontArialNarrow37h_CharInfo[ 146],  /* address of first character */
   &fontArialNarrow37h_Prop10			/* pointer to next BFC_FONT_PROP */
};

const BFC_FONT_PROP fontArialNarrow37h_Prop8 = {
   0x00F1, /* first character */
   0x00F6, /* last character  */
   &fontArialNarrow37h_CharInfo[ 140],  /* address of first character */
   &fontArialNarrow37h_Prop9			/* pointer to next BFC_FONT_PROP */
};

const BFC_FONT_PROP fontArialNarrow37h_Prop7 = {
   0x00E0, /* first character */
   0x00EF, /* last character  */
   &fontArialNarrow37h_CharInfo[ 124],  /* address of first character */
   &fontArialNarrow37h_Prop8			/* pointer to next BFC_FONT_PROP */
};

const BFC_FONT_PROP fontArialNarrow37h_Prop6 = {
   0x00D9, /* first character */
   0x00DC, /* last character  */
   &fontArialNarrow37h_CharInfo[ 120],  /* address of first character */
   &fontArialNarrow37h_Prop7			/* pointer to next BFC_FONT_PROP */
};

const BFC_FONT_PROP fontArialNarrow37h_Prop5 = {
   0x00D1, /* first character */
   0x00D6, /* last character  */
   &fontArialNarrow37h_CharInfo[ 114],  /* address of first character */
   &fontArialNarrow37h_Prop6			/* pointer to next BFC_FONT_PROP */
};

const BFC_FONT_PROP fontArialNarrow37h_Prop4 = {
   0x00BF, /* first character */
   0x00CF, /* last character  */
   &fontArialNarrow37h_CharInfo[  97],  /* address of first character */
   &fontArialNarrow37h_Prop5			/* pointer to next BFC_FONT_PROP */
};

const BFC_FONT_PROP fontArialNarrow37h_Prop3 = {
   0x00B2, /* first character */
   0x00B2, /* last character  */
   &fontArialNarrow37h_CharInfo[  96],  /* address of first character */
   &fontArialNarrow37h_Prop4			/* pointer to next BFC_FONT_PROP */
};

const BFC_FONT_PROP fontArialNarrow37h_Prop2 = {
   0x00A0, /* first character */
   0x00A0, /* last character  */
   &fontArialNarrow37h_CharInfo[  95],  /* address of first character */
   &fontArialNarrow37h_Prop3			/* pointer to next BFC_FONT_PROP */
};

const BFC_FONT_PROP fontArialNarrow37h_Prop1 = {
   0x0020, /* first character */
   0x007E, /* last character  */
   &fontArialNarrow37h_CharInfo[   0],  /* address of first character */
   &fontArialNarrow37h_Prop2			/* pointer to next BFC_FONT_PROP */
};

const BFC_FONT fontArialNarrow37h = {
   0x01020802,  /* font type = FONTTYPE_PROP | DATA_PACKED | ENCODING_UNICODE | DATALENGTH_8 */
   37,  /* font height in pixels   */
   30,  /* font ascent (baseline) in pixels  */
   0 ,  /* reversed, =0 */
   {&fontArialNarrow37h_Prop1}  
};
